﻿item_id,sales_type,service_type,room_type,residence_type,status,deposit,rent,area_m2,floor,all_floors,manage_cost,manage_cost_includes,manage_cost_not_includes,local1,local2,local3,full_address,jibun_address,lat,lng,title,description,options,room_direction,direction_criterion,parking,elevator,bathroom_count,movein_date,approve_date,subways,amenities,agent_name,agent_title,agent_phone,agent_address,tags,thumbnail,images,updated_at,is_premium
46674601,월세,오피스텔,오픈형원룸,오피스텔,open,1000,73,16.53,중,15,15,"전기, 수도, TV, 난방, 일반(공용) 관리비, 기타 관리비","가스, 인터넷",서울특별시,마포구,성산동,서울특별시 마포구 성산동,마포구 성산동 593-3,37.56548690795898,126.90431213378906,전입가능  풀옵션 반듯한구조 마포구청역3분,"**** 같은 타입의 다른 세대 사진으로 해당 세대의 내부 사진이 아닙니다 *****

- 6호선 마포구청역 1번출구,버스정류장 3분거리 초역세권!!
   상암DMC,홍대입구,신촌,용산,여의도등 사통팔달 교통망.
 - 풀옵션 오피스텔
 - 삶의 퀄리티를 높여주는 최첨단 보안시설!!
   디지털도어락,비디오폰,CC TV
 - 지역난방으로  공간활용 최고!!
 - 완벽한수납과 풀옵션(빌트인냉장고,천정매립형에어컨, 드럼세탁기,전기쿡탑
   붙박이장,신발장,화장대겸 책상,식탁,샤워부스)
 - 지하주차장 
 - 월드컵경기장,홈플러스,CGV 도보거리내위치
   월드컵공원 한강시민공원 홍제천 인접 도보이용","에어컨, 냉장고, 세탁기, 인덕션, 전자레인지, 옷장, 신발장, 싱크대",NE,거실,주차 가능,True,1,2025. 12. 29 이후 입주 가능,2018,"마포구청역(6호선), 월드컵경기장역(6호선), 가좌역(경의중앙선)","역세권, 슬세권, 몰세권, 공세권, 학세권",홍석순,벽산상암스마트공인중개사사무소,023070101,"서울특별시 마포구 월드컵로34길 14 , 104호(성산동, 벽산상암스마트큐브)",추천,https://ic.zigbang.com/ic/items/46674601/1.jpg,"https://ic.zigbang.com/ic/items/46674601/1.jpg, https://ic.zigbang.com/ic/items/46674601/2.jpg, https://ic.zigbang.com/ic/items/46674601/3.jpg, https://ic.zigbang.com/ic/items/46674601/4.jpg, https://ic.zigbang.com/ic/items/46674601/5.jpg",2025-11-15 12:46:09,True
