[
  {
    "agent": {
      "agentTitle": "벽산상암스마트공인중개사사무소",
      "agentAddress": "서울특별시 마포구 월드컵로34길 14 , 104호(성산동, 벽산상암스마트큐브)",
      "agentPhone": "023070101",
      "agentIntro": " \r\n - 마포구청역 1번출구, 벽산스마트오피스텔 1층\r\n    오피스텔 전문 스마트 부동산입니다.\r\n\r\n  - 예약 방문해주시면 실매물 보여드리겠습니다.\r\n\r\n  작은인연도 소중히여기며 믿음과 신뢰를 바탕으로 \r\n  후회 없는 선택이 되도록 성실과 친절한 중개로 최선을 다하겠습니다. \r\n  통화불편하시면 언제든 문자주세요.",
      "agentUserType": "대표공인중개사",
      "agentName": "홍석순",
      "profileUrl": "https://resource.zigbang.com/profile/519883/2fbca5e33698185d32aa446dc74bd0c8defd7024.jpg",
      "agentUserNo": 519883,
      "hasOtherOpenItems": false
    },
    "realtor": {
      "userNo": 519883,
      "profileUrl": "https://resource.zigbang.com/profile/519883/2fbca5e33698185d32aa446dc74bd0c8defd7024.jpg",
      "name": "홍석순",
      "officeTitle": "벽산상암스마트공인중개사사무소",
      "officePhone": "023070101",
      "phone": "01020232703",
      "officeRegNumber": "92380000-4972",
      "companyRegNumber": "8113900337",
      "officeAddress": "서울특별시 마포구 월드컵로34길 14 , 104호(성산동, 벽산상암스마트큐브)",
      "email": "hss4318@naver.com",
      "intro": " \r\n - 마포구청역 1번출구, 벽산스마트오피스텔 1층\r\n    오피스텔 전문 스마트 부동산입니다.\r\n\r\n  - 예약 방문해주시면 실매물 보여드리겠습니다.\r\n\r\n  작은인연도 소중히여기며 믿음과 신뢰를 바탕으로 \r\n  후회 없는 선택이 되도록 성실과 친절한 중개로 최선을 다하겠습니다. \r\n  통화불편하시면 언제든 문자주세요.",
      "status": "ACTIVE",
      "local": {
        "local1": "서울시",
        "local2": "마포구",
        "local3": "성산동"
      },
      "itemsCount": {
        "oneroom": {
          "전세": 0,
          "월세": 0,
          "매매": 0,
          "total": 0
        },
        "officetel": {
          "전세": 0,
          "월세": 8,
          "매매": 0,
          "total": 8
        },
        "villa": {
          "전세": 0,
          "월세": 0,
          "매매": 0,
          "total": 0
        },
        "apt": {
          "매매": 0,
          "전세": 0,
          "월세": 0,
          "total": 0
        }
      },
      "officeLocation": {
        "lat": 37.5650651601993,
        "lng": 126.903940151185
      },
      "tags": [],
      "availableLanguages": [],
      "inquiryAnswerable": {
        "isNight": false,
        "isDayOff": false
      },
      "stats": {
        "activityScore": {
          "inquiryAnswerCount": 20,
          "inquiryCount": 22,
          "inquiryAnswerRate": 90,
          "inquiryAnswerAvgSeconds": 2866
        },
        "tags": [
          {
            "name": "매우 우수",
            "type": "inquiry_answer_rate"
          },
          {
            "name": "상위50%",
            "type": "inquiry_answer_time"
          }
        ],
        "activityIndicator": {
          "range": {
            "from": "2025-10-28",
            "to": "2025-11-27"
          },
          "summary": {
            "call": {
              "responseRate": 88.89,
              "responseTime": 14,
              "inquiryCount": 18,
              "inquiryAnswerCount": 16
            },
            "chat": {
              "responseRate": 93.24,
              "responseTime": 8,
              "inquiryCount": 74,
              "inquiryAnswerCount": 69
            },
            "tags": [
              {
                "name": "우수",
                "type": "inquiry_answer_rate"
              },
              {
                "name": "채팅응답상위",
                "type": "high_chat_response"
              },
              {
                "name": "전화응답하위",
                "type": "low_call_response"
              }
            ],
            "criteria": {
              "chat": {
                "minResponseRate": 80,
                "maxResponseTime": 10
              },
              "call": {
                "minResponseRate": 80,
                "maxResponseTime": 10
              }
            }
          }
        }
      },
      "canChat": true,
      "chat": {
        "enabled": true,
        "userId": "zigbang_519883_7457a",
        "doNotDisturbEnabled": true,
        "doNotDisturbDetail": {
          "startTime": {
            "hour": 23,
            "minute": 0
          },
          "endTime": {
            "hour": 8,
            "minute": 0
          }
        }
      },
      "danjis": []
    },
    "agentUserNos": [],
    "subways": [
      {
        "id": 371,
        "name": "마포구청역",
        "description": "6호선"
      },
      {
        "id": 370,
        "name": "월드컵경기장역",
        "description": "6호선"
      },
      {
        "id": 156,
        "name": "가좌역",
        "description": "경의중앙선"
      }
    ],
    "danji": {
      "id": 50012,
      "local1": "서울특별시",
      "local2": "마포구",
      "local3": "성산동",
      "local4": "",
      "lat": 37.56548690795898,
      "lng": 126.90431213378906,
      "name": "동우자인채스토리상암",
      "image": "https://ic.zigbang.com/ic/area/danji/50012.jpg",
      "총세대수": 234,
      "사용승인일": "2018. 7",
      "서비스구분": "입주2년후"
    },
    "tags": [
      "추천"
    ],
    "item": {
      "itemId": 46674601,
      "salesType": "월세",
      "serviceType": "오피스텔",
      "images": [
        "https://ic.zigbang.com/ic/items/46674601/1.jpg",
        "https://ic.zigbang.com/ic/items/46674601/2.jpg",
        "https://ic.zigbang.com/ic/items/46674601/3.jpg",
        "https://ic.zigbang.com/ic/items/46674601/4.jpg",
        "https://ic.zigbang.com/ic/items/46674601/5.jpg",
        "https://ic.zigbang.com/ic/items/46674601/6.jpg",
        "https://ic.zigbang.com/ic/items/46674601/7.jpg",
        "https://ic.zigbang.com/ic/items/46674601/8.jpg",
        "https://ic.zigbang.com/ic/items/46674601/9.jpg"
      ],
      "imageThumbnail": "https://ic.zigbang.com/ic/items/46674601/1.jpg",
      "price": {
        "deposit": 1000,
        "rent": 73
      },
      "area": {
        "전용면적M2": 16.53,
        "계약면적M2": 36.36
      },
      "roomType": "오픈형원룸",
      "title": "전입가능  풀옵션 반듯한구조 마포구청역3분",
      "description": "**** 같은 타입의 다른 세대 사진으로 해당 세대의 내부 사진이 아닙니다 *****\n\n- 6호선 마포구청역 1번출구,버스정류장 3분거리 초역세권!!\n   상암DMC,홍대입구,신촌,용산,여의도등 사통팔달 교통망.\n - 풀옵션 오피스텔\n - 삶의 퀄리티를 높여주는 최첨단 보안시설!!\n   디지털도어락,비디오폰,CC TV\n - 지역난방으로  공간활용 최고!!\n - 완벽한수납과 풀옵션(빌트인냉장고,천정매립형에어컨, 드럼세탁기,전기쿡탑\n   붙박이장,신발장,화장대겸 책상,식탁,샤워부스)\n - 지하주차장 \n - 월드컵경기장,홈플러스,CGV 도보거리내위치\n   월드컵공원 한강시민공원 홍제천 인접 도보이용",
      "status": "open",
      "randomLocation": {
        "lat": 37.56548690795898,
        "lng": 126.90431213378906
      },
      "location": {
        "lat": 37.56548690795898,
        "lng": 126.90431213378906
      },
      "parkingAvailableText": "주차 가능",
      "parkingCountText": "세대당 주차 대수 0.56대",
      "elevator": true,
      "roomDirection": "NE",
      "directionCriterion": "거실",
      "moveinDate": "2025. 12. 29 이후 입주 가능",
      "bjdCode": "1144012500",
      "pnu": "1144012500105930003",
      "floor": {
        "allFloors": "15",
        "floor": "중"
      },
      "buildingId": 20073,
      "options": [
        "에어컨",
        "냉장고",
        "세탁기",
        "인덕션",
        "전자레인지",
        "옷장",
        "신발장",
        "싱크대"
      ],
      "manageCost": {
        "amount": 15,
        "includes": [
          "전기",
          "수도",
          "TV",
          "난방",
          "일반(공용) 관리비",
          "기타 관리비"
        ],
        "include": [
          {
            "code": "01",
            "name": "전기"
          },
          {
            "code": "03",
            "name": "수도"
          },
          {
            "code": "05",
            "name": "TV"
          },
          {
            "code": "06",
            "name": "난방"
          },
          {
            "code": "07",
            "name": "일반(공용) 관리비"
          },
          {
            "code": "08",
            "name": "기타 관리비"
          }
        ],
        "notIncludes": [
          "가스",
          "인터넷"
        ],
        "exclude": [
          {
            "code": "02",
            "name": "가스"
          },
          {
            "code": "04",
            "name": "인터넷"
          }
        ]
      },
      "manageCostDetail": {
        "type": "ActualManageCost",
        "includes": [
          "07",
          "05",
          "08",
          "01",
          "03",
          "04",
          "06"
        ],
        "detailIncludes": [
          {
            "code": "07",
            "name": "일반(공용)관리비"
          },
          {
            "code": "05",
            "name": "TV사용료"
          },
          {
            "code": "08",
            "name": "기타관리비"
          },
          {
            "code": "01",
            "name": "전기료"
          },
          {
            "code": "03",
            "name": "수도료"
          },
          {
            "code": "04",
            "name": "인터넷사용료"
          },
          {
            "code": "06",
            "name": "난방비"
          }
        ],
        "avgManageCost": 150000,
        "basis": "02",
        "manageCostCriteria": "02"
      },
      "isPremium": true,
      "isHomepage": false,
      "hasUserPenalty": false,
      "roomGubunCode": "02",
      "viewCount": 0,
      "updatedAt": "2025-11-15 12:46:09",
      "approveDate": "2018",
      "bathroomCount": "1",
      "residenceType": "오피스텔",
      "neighborhoods": {
        "distributions": [
          {
            "companyName": "쿠팡",
            "kinds": [
              "로켓배송",
              "로켓프레시"
            ]
          },
          {
            "companyName": "SSG",
            "kinds": [
              "새벽배송",
              "쓱배송"
            ]
          },
          {
            "companyName": "마켓컬리",
            "kinds": [
              "샛별배송"
            ]
          },
          {
            "companyName": "배달의 민족",
            "kinds": [
              "배민1"
            ]
          },
          {
            "companyName": "요기요",
            "kinds": [
              "익스프레스"
            ]
          }
        ],
        "amenities": [
          {
            "title": "역세권",
            "description": "역세권"
          },
          {
            "title": "슬세권",
            "description": "편리한 상권"
          },
          {
            "title": "몰세권",
            "description": "쇼핑몰"
          },
          {
            "title": "공세권",
            "description": "공원"
          },
          {
            "title": "학세권",
            "description": "학원가 근처"
          }
        ],
        "nearbyPois": [
          {
            "exists": true,
            "poiType": "지하철역",
            "distance": 249,
            "transport": "foot",
            "timeTaken": 224
          },
          {
            "exists": true,
            "poiType": "세탁소",
            "distance": 70,
            "transport": "foot",
            "timeTaken": 63
          },
          {
            "exists": true,
            "poiType": "카페",
            "distance": 70,
            "transport": "foot",
            "timeTaken": 63
          },
          {
            "exists": true,
            "poiType": "약국",
            "distance": 193,
            "transport": "foot",
            "timeTaken": 174
          },
          {
            "exists": true,
            "poiType": "대형마트",
            "distance": 392,
            "transport": "foot",
            "timeTaken": 353
          },
          {
            "exists": true,
            "poiType": "편의점",
            "distance": 0,
            "transport": "foot",
            "timeTaken": 0
          },
          {
            "exists": true,
            "poiType": "버스정류장",
            "distance": 851,
            "transport": "car",
            "timeTaken": 61
          }
        ]
      },
      "addressOrigin": {
        "local1": "서울특별시",
        "local2": "마포구",
        "local3": "성산동",
        "local4": "",
        "fullText": "서울특별시 마포구 성산동",
        "localText": "마포구 성산동"
      },
      "jibunAddress": "마포구 성산동 593-3",
      "자동종료대상": false,
      "상태확인At": "2025-11-19T00:03:02.000Z",
      "itemBmType": "ZIGBANG",
      "userNo": 519883,
      "nonCompliantBuilding": false,
      "zikimInfo": {},
      "lessorTypes": [],
      "badges": [],
      "canChat": true
    }
  }
]