﻿search_gu,search_dong,item_id,title,address,local1,local2,local3,deposit,rent,size_m2,floor,service_type,manage_cost,lat,lng,thumbnail
강동구,강일동,46749493,전입신고가능한 남향의 풀옵션 원룸형 오피스텔입니다.,강동구 강일동,서울특별시,강동구,강일동,500,52,39.66,8,오피스텔,140000,37.5650709,127.173028,https://ic.zigbang.com/ic/items/46749493/1.jpg
강동구,강일동,46928843,공간 활용 좋은 복층형 원룸  저렴한 임대료,강동구 강일동,서울특별시,강동구,강일동,500,50,33.06,3,오피스텔,120000,37.56515,127.1732,https://ic.zigbang.com/ic/items/46928843/1.jpg
강동구,강일동,46936619,"전입가, 개인알파룸사용, 여유로운수납공간, 대중교통편리",강동구 강일동,서울특별시,강동구,강일동,500,65,46.22,고,오피스텔,150000,37.5654057,127.173472,https://ic.zigbang.com/ic/items/46936619/1.jpg
강동구,강일동,46936957,"전입가, 즉시입주, 크고넓은풀옵션, 고층의 탁트인뷰",강동구 강일동,서울특별시,강동구,강일동,2000,50,60.95,고,오피스텔,180000,37.56538009643555,127.1741180419922,https://ic.zigbang.com/ic/items/46936957/1.jpg
강동구,강일동,46943495,풀옵션 복층형 원룸오피스텔입니다.,강동구 강일동,서울특별시,강동구,강일동,500,37,26.01,3,오피스텔,130000,37.565338134765625,127.17306518554688,https://ic.zigbang.com/ic/items/46943495/1.jpg
강동구,강일동,46974123,전입신고가능한 복층형 풀옵션 원룸형 오피스텔입니다.,강동구 강일동,서울특별시,강동구,강일동,7500,0,25.01,저,오피스텔,130000,37.565216064453125,127.1728973388672,https://ic.zigbang.com/ic/items/46974123/1.jpg
강동구,강일동,46990605,"전입가, 복층형풀옵션, 생활편의우수, 1인가구최적",강동구 강일동,서울특별시,강동구,강일동,500,50,26.01,고,오피스텔,130000,37.565338134765625,127.17306518554688,https://ic.zigbang.com/ic/items/46990605/1.jpg
강동구,강일동,47026527,"깔끔한풀옵션, 여유로운수납공간, 개인알파룸,이중보안",강동구 강일동,서울특별시,강동구,강일동,500,65,47.93,고,오피스텔,150000,37.5654057,127.173472,https://ic.zigbang.com/ic/items/47026527/1.jpg
강동구,강일동,47027169,"즉시입주, 깔끔한풀옵션, 정류장바로앞, 교통편리",강동구 강일동,서울특별시,강동구,강일동,500,65,38.76,중,오피스텔,150000,37.5643882751465,127.173683166504,https://ic.zigbang.com/ic/items/47027169/1.jpg
강동구,강일동,47033526,즉시입주 가능한 깔끔한 방 공원전망 이쁜방,강동구 강일동,서울특별시,강동구,강일동,1000,65,33.05,9,오피스텔,150000,37.5643882751465,127.173683166504,https://ic.zigbang.com/ic/items/47033526/1.jpg
강동구,강일동,47038628,"풀옵션 , 원룸형 교통편리한 깔끔한 오피스텔",강동구 강일동,서울특별시,강동구,강일동,1000,63,39.66,9,오피스텔,180000,37.5643882751465,127.173683166504,https://ic.zigbang.com/ic/items/47038628/1.jpg
강동구,강일동,47047544,복층형 풀옵션 원룸 오피스텔입니다.,강동구 강일동,서울특별시,강동구,강일동,500,50,28.57,8,오피스텔,,37.565216064453125,127.1728973388672,https://ic.zigbang.com/ic/items/47047544/1.jpg
강동구,고덕동,46527750,분리형. 고덕역도보2분내. 풀옵션. 전입불가,강동구 명일동,서울특별시,강동구,명일동,1000,83,52.26,고,오피스텔,180000,37.55398657769088,127.15463701048826,https://ic.zigbang.com/ic/items/46527750/1.jpg
강동구,고덕동,46724697,신축6년고덕역 도보1분.대출가능.무융자,강동구 명일동,서울특별시,강동구,명일동,11500,15,34,저,오피스텔,130000,37.55398657769088,127.15463701048826,https://ic.zigbang.com/ic/items/46724697/1.jpg
강동구,고덕동,46785069,전입불가 업무용. 주차편리. 고덕역바로앞,강동구 명일동,서울특별시,강동구,명일동,1000,70,49.34,중,오피스텔,130000,37.55466349615044,127.155118258758,https://ic.zigbang.com/ic/items/46785069/1.jpg
강동구,고덕동,46824777,"명일역초역세권, 분리형, 옵션제공, 즉시입주가능",강동구 명일동,서울시,강동구,명일동,500,50,17,2,원룸,20000,37.5521902992791,127.143545405208,https://ic.zigbang.com/ic/items/46824777/1.jpg
강동구,고덕동,46837613,사업자 업무용. 고덕역바로앞. 탁트인뷰.12월입주가능,강동구 명일동,서울특별시,강동구,명일동,1000,110,63.2,중,오피스텔,180000,37.5547289793896,127.154652125166,https://ic.zigbang.com/ic/items/46837613/1.jpg
강동구,고덕동,46838523,남향공원뷰. 전입불가 업무용.,강동구 명일동,서울특별시,강동구,명일동,1000,65,37.31,고,오피스텔,140000,37.55398657769088,127.15463701048826,https://ic.zigbang.com/ic/items/46838523/1.jpg
강동구,고덕동,46870806,명일역세권 테라스 보증보험가능 복층원룸,강동구 명일동,서울시,강동구,명일동,20000,0,23.87,4,원룸,30000,37.551057435671,127.142237855453,https://ic.zigbang.com/ic/items/46870806/1.jpg
강동구,고덕동,46901260,"대명벨리온 풀옵션단기임대.침대침구류,TV,인터넷 등",강동구 명일동,서울특별시,강동구,명일동,150,105,49.34,중,오피스텔,130000,37.55466349615044,127.155118258758,https://ic.zigbang.com/ic/items/46901260/1.jpg
강동구,고덕동,46917444,단기임대 고덕역 효성해링턴 풀옵션 단기임대,강동구 명일동,서울특별시,강동구,명일동,150,100,39.67,중,오피스텔,130000,37.5547289793896,127.154652125166,https://ic.zigbang.com/ic/items/46917444/1.jpg
강동구,고덕동,46951826,신축급빌라 풀옵션 분리형 원룸,강동구 암사동,서울시,강동구,암사동,2000,55,26.54,1,원룸,50000,37.5523091581262,127.137163833695,https://ic.zigbang.com/ic/items/46951826/1.jpg
강동구,고덕동,46956162,반전세.서서다니는 복층. 전입가능한 주거용.,강동구 명일동,서울특별시,강동구,명일동,20000,15,49.5,15,오피스텔,200000,37.55398657769088,127.15463701048826,https://ic.zigbang.com/ic/items/46956162/1.jpg
강동구,고덕동,46971771,사무실.고덕역1분  세종오피스텔. 업무용,강동구 명일동,서울특별시,강동구,명일동,1000,60,79.34,중,오피스텔,200000,37.5541687011719,127.154525756836,https://ic.zigbang.com/ic/items/46971771/1.jpg
강동구,고덕동,46991205,l 2룸같은1.5룸 l 디자인굿 l 반려동물 l,강동구 암사동,서울시,강동구,암사동,5000,80,28,2,원룸,70000,37.5541306696335,127.135477072103,https://ic.zigbang.com/ic/items/46991205/1.jpg
강동구,고덕동,47010169,착한가격 즉시입주 엘리베이터 있는 풀옵션 원룸,강동구 암사동,서울시,강동구,암사동,500,46,20.12,3,원룸,50000,37.5498215348302,127.135104881773,https://ic.zigbang.com/ic/items/47010169/1.jpg
강동구,고덕동,47015933,깔끔하고 채광좋은 로얄층 단기임대,강동구 명일동,서울특별시,강동구,명일동,150,110,40,14,오피스텔,70000,37.55466349615044,127.155118258758,https://ic.zigbang.com/ic/items/47015933/1.jpg
강동구,고덕동,47034277,풀옵션단기임대. 침대 침구류.몸만 들어오세요,강동구 명일동,서울특별시,강동구,명일동,150,90,33.97,고,오피스텔,130000,37.55398657769088,127.15463701048826,https://ic.zigbang.com/ic/items/47034277/1.jpg
강동구,고덕동,47034348,호텔식 풀옵션 단기임대.주차편리,강동구 명일동,서울특별시,강동구,명일동,150,105,49.35,고,오피스텔,140000,37.55466349615044,127.155118258758,https://ic.zigbang.com/ic/items/47034348/1.jpg
강동구,고덕동,47041295,탁트인 전망. 무융자. 전입가능한 주거용,강동구 명일동,서울특별시,강동구,명일동,3000,70,28.15,중,오피스텔,130000,37.55466349615044,127.155118258758,https://ic.zigbang.com/ic/items/47041295/1.jpg
강동구,고덕동,47057658,전세.남향.2월입주가능.보증보험가입가능,강동구 명일동,서울특별시,강동구,명일동,16500,0,40,중,오피스텔,130000,37.5547289793896,127.154652125166,https://ic.zigbang.com/ic/items/47057658/1.jpg
강동구,고덕동,47059920,고덕역 바로앞. 전입불가 업무용. 주차편리,강동구 명일동,서울특별시,강동구,명일동,1000,73,49.35,중,오피스텔,130000,37.55466349615044,127.155118258758,https://ic.zigbang.com/ic/items/47059920/1.jpg
강동구,길동,46293151,V길동역3분V공간넓고저렴한신축급원룸V붙박이장설치V채광좋은집,강동구 길동,서울시,강동구,길동,3000,48,19.83,3,원룸,70000,37.5371112957029,127.141589853209,https://ic.zigbang.com/ic/items/46293151/1.jpg
강동구,길동,46563203,V굽은역초역세권풀옵션반지층원룸V깔끔한구조V옵션좋은집V현공실,강동구 천호동,서울시,강동구,천호동,800,35,19.83,반지하,원룸,100000,37.544849890841,127.140757845328,https://ic.zigbang.com/ic/items/46563203/1.jpg
강동구,길동,46642545,11.28 ꯁ 분리형복층 ꯁ 최저가저렴해용 ꯁ 큰타입,강동구 길동,서울특별시,강동구,길동,3000,130,55.69,고,오피스텔,150000,37.5353704307155,127.137740946936,https://ic.zigbang.com/ic/items/46642545/1.jpg
강동구,길동,46738756,강동역10분.저렴한 신축급원룸.보증금조절가능,강동구 천호동,서울시,강동구,천호동,1000,65,18.35,2,원룸,80000,37.5410844908627,127.134527204216,https://ic.zigbang.com/ic/items/46738756/1.jpg
강동구,길동,46741452,굽은다리역 초 역세권 넓은 복층형 원룸,강동구 명일동,서울특별시,강동구,명일동,2000,90,47.83,13,오피스텔,160000,37.545397339477,127.143303120774,https://ic.zigbang.com/ic/items/46741452/1.jpg
강동구,길동,46747188,신축급 분리형 풀옵션 엘베주차 완비,강동구 명일동,서울시,강동구,명일동,5500,60,22.3,3,원룸,70000,37.5469055052419,127.145744952866,https://ic.zigbang.com/ic/items/46747188/1.jpg
강동구,길동,46763709,V단기임대V전망최고V공간 좋은 풀옵션투룸V,강동구 길동,서울특별시,강동구,길동,300,170,59.5,중,오피스텔,200000,37.53557,127.1384,https://ic.zigbang.com/ic/items/46763709/1.jpg
강동구,길동,46778532,굽은다리역 신축급풀옵션분리형원룸 주차가능 대출가능,강동구 길동,서울시,강동구,길동,5500,60,23,3,원룸,70000,37.5427349534239,127.147133381108,https://ic.zigbang.com/ic/items/46778532/1.jpg
강동구,길동,46781716,신축급. 신혼부부 및 1인가구 강력추천. 채광굿.,강동구 명일동,서울시,강동구,명일동,2000,85,27.3,3,원룸,80000,37.5486834587883,127.155070785022,https://ic.zigbang.com/ic/items/46781716/1.jpg
강동구,길동,46795600,ㅁ허그안심대출ㅁ강동역3분ㅁ 초 역세권1.5룸 풀옵션ㅁ,강동구 천호동,서울특별시,강동구,천호동,20900,25,39.67,중,오피스텔,90000,37.53783325536113,127.13419199326869,https://ic.zigbang.com/ic/items/46795600/1.jpg
강동구,길동,46795847,ꯁ 11.28 ꯁ ON. 르센티전문.방 찾아드려요 ꯁ,강동구 길동,서울특별시,강동구,길동,1000,85,32.52,중,오피스텔,120000,37.5353704307155,127.137740946936,https://ic.zigbang.com/ic/items/46795847/1.jpg
강동구,길동,46799165,ㅡHUG버팀목ㅡ보증보험ㅡ신축5년차ㅡ강동역5분ㅡ분리형ㅡ트인뷰,강동구 천호동,서울특별시,강동구,천호동,20900,25,38.08,중,오피스텔,60000,37.53783325536113,127.13419199326869,https://ic.zigbang.com/ic/items/46799165/1.jpg
강동구,길동,46803144,ㅡ실10평ㅡHUG버팀목ㅡ보증보험ㅡ붙박이장ㅡ대형평수ㅡ초역세권,강동구 천호동,서울특별시,강동구,천호동,21700,15,43.37,중,오피스텔,70000,37.5381609,127.134384,https://ic.zigbang.com/ic/items/46803144/1.jpg
강동구,길동,46806520,LH가능 내부 수리된 채광 잘 들어오는 호실,강동구 천호동,서울시,강동구,천호동,9000,15,33,1,원룸,20000,37.5406983789131,127.136207255153,https://ic.zigbang.com/ic/items/46806520/1.jpg
강동구,길동,46813419,11.28 ꯁ 전입신고 가능 ꯁ 최저가 월세,강동구 길동,서울특별시,강동구,길동,3000,78,30.92,중,오피스텔,120000,37.5353704307155,127.137740946936,https://ic.zigbang.com/ic/items/46813419/1.jpg
강동구,길동,46815183,강동역.길동역 도보 5분 풀옵션오피스텔,강동구 길동,서울특별시,강동구,길동,200,90,52.89,9,오피스텔,110000,37.53557,127.1384,https://ic.zigbang.com/ic/items/46815183/1.jpg
강동구,길동,46818640,신축급 넓고 구조좋은 오픈형.굽은다리역3분.전입됨.빠른입주,강동구 천호동,서울시,강동구,천호동,1000,65,17.59,5,원룸,100000,37.5476377239647,127.141315994215,https://ic.zigbang.com/ic/items/46818640/1.jpg
강동구,길동,46819474,iii 신축7년ㅡ대로변ㅡ풀옵션분리형원룸ㅡ강동역5분 iii,강동구 성내동,서울특별시,강동구,성내동,1000,105,50,7,오피스텔,90000,37.53462219238281,127.13517761230467,https://ic.zigbang.com/ic/items/46819474/1.jpg
강동구,길동,46825383,전입o  보증금조정o 단기o 리모델링 풀옵션 헬스장,강동구 길동,서울특별시,강동구,길동,500,75,20.65,6,오피스텔,150000,37.5367279052734,127.13826751709,https://ic.zigbang.com/ic/items/46825383/1.jpg
강동구,길동,46830897,"길동역 도보 6분, 반려동물 및 주차 OK, 신혼 강추",강동구 길동,서울특별시,강동구,길동,5000,146,47.95,7,오피스텔,110000,37.5364513,127.138271,https://ic.zigbang.com/ic/items/46830897/1.jpg
강동구,길동,46843783,"신축2년  완전넓은 투룸  풀옵션,럭셔리함",강동구 길동,서울특별시,강동구,길동,5000,146,47.95,7,오피스텔,110000,37.5364513,127.138271,https://ic.zigbang.com/ic/items/46843783/1.jpg
강동구,길동,46843813,"신축2년 아주넓은 원룸 원거실 10평이상,럭셔리 오피스텔",강동구 길동,서울특별시,강동구,길동,2000,133,45.62,13,오피스텔,99000,37.5364513,127.138271,https://ic.zigbang.com/ic/items/46843813/1.jpg
강동구,길동,46852705,HUG청년버팀목 가능 길동역 역세권 신축급 복층형원룸,강동구 길동,서울특별시,강동구,길동,16000,35,39.66,중,오피스텔,90000,37.5362804,127.138053,https://ic.zigbang.com/ic/items/46852705/1.jpg
강동구,길동,46856276,풀옵션 밝고 넓은 깨끗한 원룸 올 리모델링된 집,강동구 길동,서울시,강동구,길동,1000,50,19.83,4,원룸,24000,37.5406617666719,127.143906655987,https://ic.zigbang.com/ic/items/46856276/1.jpg
강동구,길동,46858845,즉시 입주 가능한 리모델링된 풀옵션 원룸,강동구 길동,서울특별시,강동구,길동,500,75,20.65,중,오피스텔,150000,37.5367279052734,127.13826751709,https://ic.zigbang.com/ic/items/46858845/1.jpg
강동구,길동,46863246,"길동 초역세권, CCTV, 보안철저,주차가능",강동구 길동,서울시,강동구,길동,200,57,23.14,3,원룸,80000,37.53570983551179,127.14094964021892,https://ic.zigbang.com/ic/items/46863246/1.jpg
강동구,길동,46870720,5호선 굽은다리역 초역세권  복층형 원룸,강동구 명일동,서울특별시,강동구,명일동,8000,42,31.98,11,오피스텔,140000,37.545397339477,127.143303120774,https://ic.zigbang.com/ic/items/46870720/1.jpg
강동구,길동,46876179,"보증버험 버팀목허그 1,5룸 풀옵션 주차가 테라스 준신축",강동구 천호동,서울시,강동구,천호동,20000,0,29.02,4,원룸,50000,37.5441267246833,127.134359428545,https://ic.zigbang.com/ic/items/46876179/1.jpg
강동구,길동,46879464,신축급월세 굽은다리5호선역세권   풀옵션,강동구 천호동,서울시,강동구,천호동,1000,50,18.18,2,원룸,60000,37.5452814828909,127.139302654092,https://ic.zigbang.com/ic/items/46879464/1.jpg
강동구,길동,46886408,지상으로 귀한 전세입니다.,강동구 길동,서울시,강동구,길동,8000,0,39,1,원룸,,37.5370841870345,127.140902329825,https://ic.zigbang.com/ic/items/46886408/1.jpg
강동구,길동,46897041,"실사진O,길동역 5분, 단독테라스, 주차 가능, 신혼 강추",강동구 길동,서울시,강동구,길동,5000,110,34,4,원룸,80000,37.5353442218115,127.14288889995,https://ic.zigbang.com/ic/items/46897041/1.jpg
강동구,길동,46903394,"l 신축급원룸 l 풀옵,분리형 l 5호선 4분컷ㅣ",강동구 명일동,서울시,강동구,명일동,5500,63,23.14,2,원룸,,37.5469055052419,127.145744952866,https://ic.zigbang.com/ic/items/46903394/1.jpg
강동구,길동,46905583,"lh, 허그전세대출가능w보증보험가능w이쁜복층원룸",강동구 성내동,서울특별시,강동구,성내동,14000,0,23.14,5,오피스텔,90000,37.5342292785645,127.135643005371,https://ic.zigbang.com/ic/items/46905583/1.jpg
강동구,길동,46905602,"HUG, HF전세대출, LH, 보증보험가능 공간분리 복층",강동구 성내동,서울특별시,강동구,성내동,10000,22,18.18,8,오피스텔,120000,37.5342292785645,127.135643005371,https://ic.zigbang.com/ic/items/46905602/1.jpg
강동구,길동,46907432,V신축급풀옵션V굽은다리역도보4분V깔끔원룸V빠른입주가능V,강동구 천호동,서울시,강동구,천호동,800,35,17.83,반지하,원룸,100000,37.544849890841,127.140757845328,https://ic.zigbang.com/ic/items/46907432/1.jpg
강동구,길동,46908001,V풀옵션원룸V빠른입주가능V월세저렴V길동사거리인근,강동구 성내동,서울시,강동구,성내동,1000,35,16.53,반지하,원룸,100000,37.5331079424555,127.134445557525,https://ic.zigbang.com/ic/items/46908001/1.jpg
강동구,길동,46909428,V공간좋은풀옵션원룸V강동역주변V습하지않은반지층V옵션좋은집,강동구 성내동,서울시,강동구,성내동,1000,35,19.83,반지하,원룸,100000,37.5331079424555,127.134445557525,https://ic.zigbang.com/ic/items/46909428/1.jpg
강동구,길동,46913355,깔끔하고 공간넓은 풀옵션원룸.전입되고 베란다.강동역2분,강동구 천호동,서울시,강동구,천호동,1500,65,28.08,4,원룸,50000,37.5380570571762,127.134197712236,https://ic.zigbang.com/ic/items/46913355/1.jpg
강동구,길동,46914883,단기 월세 강동역 역세권 풀옵션 수납좋은 깔끔한 원룸,강동구 길동,서울특별시,강동구,길동,200,70,27.98,18,오피스텔,140000,37.5354423522949,127.137092590332,https://ic.zigbang.com/ic/items/46914883/1.jpg
강동구,길동,46920621,LH대출 가능 길동역 역세권 풀옵션 복층형원룸,강동구 길동,서울특별시,강동구,길동,12500,20,35,8,오피스텔,80000,37.5362358093262,127.138313293457,https://ic.zigbang.com/ic/items/46920621/1.jpg
강동구,길동,46921246,11.28 ꕤ 르센티전문 ꕤ 단지내최저가 ꕤ,강동구 길동,서울특별시,강동구,길동,1000,85,32.52,중,오피스텔,120000,37.5353704307155,127.137740946936,https://ic.zigbang.com/ic/items/46921246/1.jpg
강동구,길동,46922177,신축급 넓은1.5룸분리형.상태깨끗하고 수납장많음.빠른입주,강동구 성내동,서울특별시,강동구,성내동,1000,105,36.36,중,오피스텔,90000,37.53462219238281,127.13517761230467,https://ic.zigbang.com/ic/items/46922177/1.jpg
강동구,길동,46927593,굽은다리역 테라스있는 초역세권 신축급원룸.,강동구 명일동,서울특별시,강동구,명일동,10000,31,31.98,저,오피스텔,90000,37.545397339477,127.143303120774,https://ic.zigbang.com/ic/items/46927593/1.jpg
강동구,길동,46932370,천호동 1.5층 분리형 원룸 방사이즈큼,강동구 천호동,서울시,강동구,천호동,1000,30,21,1,원룸,,37.5486849254088,127.141715739299,https://ic.zigbang.com/ic/items/46932370/1.jpg
강동구,길동,46932570,"부담 낮은 전세 3,500만 원 즉시입주",강동구 천호동,서울시,강동구,천호동,3500,0,21,1,원룸,,37.5486849254088,127.141715739299,https://ic.zigbang.com/ic/items/46932570/1.jpg
강동구,길동,46934245,ㅁ보증보험가능ㅁ강동역5분거리ㅁ전용좋은2룸풀옵션ㅁ,강동구 길동,서울특별시,강동구,길동,38000,0,50,중,오피스텔,100000,37.5369632,127.135848,https://ic.zigbang.com/ic/items/46934245/1.jpg
강동구,길동,46940794,"HUG대출가능,저금리 중기청대출가능,정남향",강동구 길동,서울특별시,강동구,길동,9900,30,20,4,오피스텔,80000,37.5366363525391,127.136154174805,https://ic.zigbang.com/ic/items/46940794/1.jpg
강동구,길동,46942879,V굽은다리역세권V초가성비신축급풀옵션원룸V즉시입주및보증금조절,강동구 천호동,서울시,강동구,천호동,2000,35,16.53,3,원룸,60000,37.5470233484658,127.138258821005,https://ic.zigbang.com/ic/items/46942879/1.jpg
강동구,길동,46944169,HUG보증보험 모든전세대출 복층형원룸 풀옵션 주차O,강동구 성내동,서울특별시,강동구,성내동,14000,0,32.11,중,오피스텔,80000,37.5342292785645,127.135643005371,https://ic.zigbang.com/ic/items/46944169/1.jpg
강동구,길동,46948750,신축급 넓은 풀옵션투룸.거실티비쇼파.세탁실별도 2천151,강동구 길동,서울특별시,강동구,길동,5000,140,47.94,중,오피스텔,110000,37.5364513,127.138271,https://ic.zigbang.com/ic/items/46948750/1.jpg
강동구,길동,46949056,5천에140 신축급 풀옵션투룸.넓은거실.남향채광.신혼자매.,강동구 길동,서울특별시,강동구,길동,2000,151,47.94,중,오피스텔,110000,37.5364513,127.138271,https://ic.zigbang.com/ic/items/46949056/1.jpg
강동구,길동,46951941,"신축 첫 입주, 운동장 크기 원룸, 마지막 잔여 세대",강동구 천호동,서울시,강동구,천호동,500,80,27,1,원룸,100000,37.5412475723714,127.135157865965,https://ic.zigbang.com/ic/items/46951941/1.jpg
강동구,길동,46952802,길동역 도보 4분 투룸 오피스텔,강동구 길동,서울특별시,강동구,길동,5000,146,80,13,오피스텔,120000,37.5364513,127.138271,https://ic.zigbang.com/ic/items/46952802/1.jpg
강동구,길동,46952907,강동.길동역 더블역세권,강동구 길동,서울특별시,강동구,길동,300,170,85,10,오피스텔,220000,37.53557,127.1384,https://ic.zigbang.com/ic/items/46952907/1.jpg
강동구,길동,46953684,V신축첫입주V넓은사이즈 풀옵션깔끔V즉시입주가능V보증금저렴V,강동구 천호동,서울시,강동구,천호동,500,80,26.53,1,원룸,100000,37.5412475723714,127.135157865965,https://ic.zigbang.com/ic/items/46953684/1.jpg
강동구,길동,46954914,HUG보증보험 청년버팀목대출 원룸복층 풀옵션O 기계식주차,강동구 길동,서울특별시,강동구,길동,16000,35,23.51,고,오피스텔,99000,37.5362804,127.138053,https://ic.zigbang.com/ic/items/46954914/1.jpg
강동구,길동,46959696,"역에서 가깝고, 깔끔한 풀옵션 가성비 원룸 추천",강동구 길동,서울특별시,강동구,길동,5000,30,14.46,저,오피스텔,100000,37.5411758422852,127.146003723145,https://ic.zigbang.com/ic/items/46959696/1.jpg
강동구,길동,46960349,V신축급풀옵션원룸V암사역도보이용V화이톤의깔끔한집V즉시입주,강동구 천호동,서울시,강동구,천호동,2000,55,19.83,2,원룸,90000,37.5476542001443,127.135562555692,https://ic.zigbang.com/ic/items/46960349/1.jpg
강동구,길동,46962552,넓은 분리형 원룸  I 풀옵션  I 초역세권 I 보안 완벽,강동구 명일동,서울시,강동구,명일동,5500,63,26,3,원룸,70000,37.5469055052419,127.145744952866,https://ic.zigbang.com/ic/items/46962552/1.jpg
강동구,길동,46963387,채광좋고 공간넓은 풀옵션 원룸입니다.,강동구 성내동,서울시,강동구,성내동,1000,50,23.14,3,원룸,30000,37.5326175834009,127.135028699633,https://ic.zigbang.com/ic/items/46963387/1.jpg
강동구,길동,46965011,지웰 모든 호실 보유 l 보증금 조정가능 l 전입가능 l,강동구 길동,서울특별시,강동구,길동,500,75,26.73,5,오피스텔,150000,37.5367279052734,127.13826751709,https://ic.zigbang.com/ic/items/46965011/1.jpg
강동구,길동,46965042,지웰 전문l 전호실 보유 l 보증금 조정 l 전입 신고 l,강동구 길동,서울특별시,강동구,길동,2000,69,20.66,9,오피스텔,150000,37.5367279052734,127.13826751709,https://ic.zigbang.com/ic/items/46965042/1.jpg
강동구,길동,46968711,iii 신축8년ㅡ허그대출 보증보험okㅡ복층ㅡ강동역4분 ii,강동구 성내동,서울특별시,강동구,성내동,14000,0,32.11,중,오피스텔,80000,37.5342292785645,127.135643005371,https://ic.zigbang.com/ic/items/46968711/1.jpg
강동구,길동,46970880,"길동역 도보 5분, 강동역 도보 10분, 더블역세권 투룸",강동구 길동,서울특별시,강동구,길동,300,170,80.56,고,오피스텔,229000,37.53557,127.1384,https://ic.zigbang.com/ic/items/46970880/1.jpg
강동구,길동,46975567,2천에126 신축상태좋은넓은1.5룸 층고높아 개방감굿 강동,강동구 길동,서울특별시,강동구,길동,5000,114,45.62,고,오피스텔,100000,37.5364513,127.138271,https://ic.zigbang.com/ic/items/46975567/1.jpg
강동구,길동,46976251,"교통, 업무 접근성 최상인 사무실 임대",강동구 길동,서울특별시,강동구,길동,2000,70,82.59,중,오피스텔,150000,37.5351715087891,127.136337280273,https://ic.zigbang.com/ic/items/46976251/1.jpg
강동구,길동,46980849,ㅡ보증보험ㅡ탁트인뷰ㅡ대출가능ㅡ층고높은복층ㅡ신축4년차ㅡ역세권,강동구 길동,서울특별시,강동구,길동,18450,0,19.4,8,오피스텔,90000,37.5369632,127.135848,https://ic.zigbang.com/ic/items/46980849/1.jpg
강동구,길동,46986247,단기 올리모델링 신축급 풀옵션 역세권,강동구 길동,서울특별시,강동구,길동,300,90,26.72,3,오피스텔,150000,37.5367279052734,127.13826751709,https://ic.zigbang.com/ic/items/46986247/1.jpg
강동구,길동,46986356,올리모델링 신축급 풀옵션 역세권,강동구 길동,서울특별시,강동구,길동,500,75,26.72,4,오피스텔,150000,37.5367279052734,127.13826751709,https://ic.zigbang.com/ic/items/46986356/1.jpg
강동구,길동,46986499,전입가능 올리모델링 신축급 풀옵션 역세권,강동구 길동,서울특별시,강동구,길동,500,75,26.72,중,오피스텔,150000,37.5367279052734,127.13826751709,https://ic.zigbang.com/ic/items/46986499/1.jpg
강동구,길동,46987773,11.28 ꕤ 넓은 분리형원룸 ꕤ 생활공간최고 ꕤ,강동구 길동,서울특별시,강동구,길동,1000,115,41.58,저,오피스텔,120000,37.5378099645619,127.136900115767,https://ic.zigbang.com/ic/items/46987773/1.jpg
강동구,길동,46987842,11.28ꯁ 보증보험 백프로 ꯁ 분리형 오피스텔 풀옵션 ꯁ,강동구 길동,서울특별시,강동구,길동,26000,0,41.58,고,오피스텔,120000,37.5378099645619,127.136900115767,https://ic.zigbang.com/ic/items/46987842/1.jpg
강동구,길동,46989749,나만의 전용 테라스 풀옵션 단기 신축급 컨디션,강동구 길동,서울특별시,강동구,길동,500,135,26.55,고,오피스텔,200000,37.5367279052734,127.13826751709,https://ic.zigbang.com/ic/items/46989749/1.jpg
강동구,길동,46990292,공간 넓은 풀옵션 원룸입니다.,강동구 성내동,서울시,강동구,성내동,1000,58,29.8,2,원룸,100000,37.5336854283438,127.135989037041,https://ic.zigbang.com/ic/items/46990292/1.jpg
강동구,길동,46994536,iii허그버팀목ㅡ보증보험okㅡ1룸1거실ㅡ강동역3분 iii,강동구 천호동,서울특별시,강동구,천호동,20900,25,37.69,6,오피스텔,80000,37.53783325536113,127.13419199326869,https://ic.zigbang.com/ic/items/46994536/1.jpg
강동구,길동,46995073,"LH SH 가능, 반려동물 및 주차 가능, 초가성비 매물",강동구 천호동,서울시,강동구,천호동,9200,0,15.28,7,원룸,80000,37.5490322027051,127.142959272251,https://ic.zigbang.com/ic/items/46995073/1.jpg
강동구,길동,46997207,"길동역 도보 5분, 신축급 원룸, 컨디션 GOOD",강동구 길동,서울시,강동구,길동,1000,70,23.14,2,원룸,70000,37.5394584371198,127.142979462607,https://ic.zigbang.com/ic/items/46997207/1.jpg
강동구,길동,46997731,길동역 복층형 투룸,강동구 길동,서울특별시,강동구,길동,16000,35,60,6,오피스텔,100000,37.5362804,127.138053,https://ic.zigbang.com/ic/items/46997731/1.jpg
강동구,길동,47001064,"복층형 풀옵션 오피스텔,  고급 인테리어, 강동역",강동구 길동,서울특별시,강동구,길동,5000,75,27.85,중,오피스텔,120000,37.5353704307155,127.137740946936,https://ic.zigbang.com/ic/items/47001064/1.jpg
강동구,길동,47006328,"HUG버팀목,HUG보증보험,신축3년  완벽한 원룸 원거실",강동구 길동,서울특별시,강동구,길동,26000,0,41.58,10,오피스텔,99000,37.5378099645619,127.136900115767,https://ic.zigbang.com/ic/items/47006328/1.jpg
강동구,길동,47006739,11.28 ꕤ 최저가보증금 선착순 깔끔 복층형 ꕤ,강동구 길동,서울특별시,강동구,길동,500,90,30.92,고,오피스텔,120000,37.5353704307155,127.137740946936,https://ic.zigbang.com/ic/items/47006739/1.jpg
강동구,길동,47008653,최우선변제0.길동역7분.신축급.채광굿.주차0.,강동구 길동,서울시,강동구,길동,5000,40,19.83,2,원룸,70000,37.5357983296164,127.144146112547,https://ic.zigbang.com/ic/items/47008653/1.jpg
강동구,길동,47008658,ㅇ길동역세권ㅇ풀옵션원룸,강동구 길동,서울시,강동구,길동,65,65,19.83,3,원룸,60000,37.5366146796324,127.140142131646,https://ic.zigbang.com/ic/items/47008658/1.jpg
강동구,길동,47008740,ㅇ단기 ㅇ풀옵션.깔끔해요ㅇ 주차8만원,강동구 암사동,서울시,강동구,암사동,64,56,22,3,원룸,80000,37.54770028989319,127.134811699024,https://ic.zigbang.com/ic/items/47008740/1.jpg
강동구,길동,47010237,"강동역, 풀옵션, 융자없음, 2월초이후 가능, 1인거주",강동구 천호동,서울시,강동구,천호동,5000,40,17,4,원룸,70000,37.5389491116482,127.134457515437,https://ic.zigbang.com/ic/items/47010237/1.jpg
강동구,길동,47011542,"보증보험가능,전세대출가능,  풀옵션, 강동역 5분",강동구 길동,서울특별시,강동구,길동,7000,20,23.69,고,오피스텔,90000,37.53641,127.1363,https://ic.zigbang.com/ic/items/47011542/1.jpg
강동구,길동,47012574,굽은다리역 4번출구 신축급 풀옵션 원룸,강동구 명일동,서울특별시,강동구,명일동,8000,32,31.98,5,오피스텔,90000,37.545397339477,127.143303120774,https://ic.zigbang.com/ic/items/47012574/1.jpg
강동구,길동,47012899,"최고급 력셔리 풀옵션 1,5룸  넉넉한공간 주차가능",강동구 길동,서울특별시,강동구,길동,2000,126,46.18,고,오피스텔,100000,37.5364513,127.138271,https://ic.zigbang.com/ic/items/47012899/1.jpg
강동구,길동,47012913,단기 안심거주 교통주차편리투룸 풀옵션 쾌적한공간,강동구 길동,서울특별시,강동구,길동,300,170,76.03,고,오피스텔,216000,37.53557,127.1384,https://ic.zigbang.com/ic/items/47012913/1.jpg
강동구,길동,47012929,단기 가능풀옵션 넓은구조 전망굿  력셔리  안심거주가능,강동구 길동,서울특별시,강동구,길동,200,90,32.23,고,오피스텔,116000,37.53557,127.1384,https://ic.zigbang.com/ic/items/47012929/1.jpg
강동구,길동,47012952,여성안심거주 풀옵션 더블역세권살기좋아요,강동구 길동,서울특별시,강동구,길동,500,75,20,저,오피스텔,150000,37.5367279052734,127.13826751709,https://ic.zigbang.com/ic/items/47012952/1.jpg
강동구,길동,47013234,1년계약가능 전세.월세 모두가능 깔끔한 분리형 무옵션원룸,강동구 길동,서울시,강동구,길동,500,30,23.13,반지하,원룸,,37.5419678019994,127.146150611726,https://ic.zigbang.com/ic/items/47013234/1.jpg
강동구,길동,47013287,"리모델링 첫입주 1천에45부터,2천에40가능 상세내역필독",강동구 길동,서울시,강동구,길동,1000,45,30,반지하,원룸,,37.5429177017158,127.145878066754,https://ic.zigbang.com/ic/items/47013287/1.jpg
강동구,길동,47013456,강동역 역세권 신축급 주방 분리형 풀옵션,강동구 천호동,서울시,강동구,천호동,3000,55,16.9,1,원룸,100000,37.5393686258615,127.134686942812,https://ic.zigbang.com/ic/items/47013456/1.jpg
강동구,길동,47014011,깨끗하고 깔끔한 풀옵션 원룸입니다,강동구 성내동,서울시,강동구,성내동,3000,50,21.49,3,원룸,80000,37.5326051833213,127.136176356777,https://ic.zigbang.com/ic/items/47014011/1.jpg
강동구,길동,47016567,"임대사업자 일반대출, 보증보험 강동역 도보5분 준신축복층",강동구 길동,서울특별시,강동구,길동,18450,0,17.92,8,오피스텔,80000,37.5369632,127.135848,https://ic.zigbang.com/ic/items/47016567/1.jpg
강동구,길동,47016578,보증보험 강동역 준신축 사이즈좋은 풀옵션  투룸 고층 즉입,강동구 길동,서울특별시,강동구,길동,38000,0,42.19,13,오피스텔,80000,37.5369632,127.135848,https://ic.zigbang.com/ic/items/47016578/1.jpg
강동구,길동,47016608,"HUG버팀목,각종대출,보증보험 길동역초역세권 넓은분리형원룸",강동구 길동,서울특별시,강동구,길동,23800,9,44.86,3,오피스텔,80000,37.5380756,127.138064,https://ic.zigbang.com/ic/items/47016608/1.jpg
강동구,길동,47016620,"LH전세임대, 모든대출,보증보험 길동역강동역 넓은 복층원룸",강동구 길동,서울특별시,강동구,길동,12500,20,30.29,8,오피스텔,90000,37.5362358093262,127.138313293457,https://ic.zigbang.com/ic/items/47016620/1.jpg
강동구,길동,47018780,"빠른입주가능.보증보험가능. 뻥뷰 남향, 넓은 분리형원룸",강동구 길동,서울특별시,강동구,길동,26000,20,50,16,오피스텔,90000,37.5347852652257,127.137247363374,https://ic.zigbang.com/ic/items/47018780/1.jpg
강동구,길동,47019789,허그대출 lh 보증보험 반려가 복층 준신축 테라스 풀옵션,강동구 길동,서울특별시,강동구,길동,22000,0,27,2,오피스텔,90000,37.5362804,127.138053,https://ic.zigbang.com/ic/items/47019789/1.jpg
강동구,길동,47020277,"A급 약9평 분리형 풀옵션원룸 1천에50부터,5천에30가능",강동구 길동,서울시,강동구,길동,1000,50,30,반지하,원룸,30000,37.5439237062503,127.144821227723,https://ic.zigbang.com/ic/items/47020277/1.jpg
강동구,길동,47020287,"1천에50부터,5천에30가능 약9평 넓은 분리형 풀옵션원룸",강동구 길동,서울시,강동구,길동,2000,45,30,반지하,원룸,30000,37.5439237062503,127.144821227723,https://ic.zigbang.com/ic/items/47020287/1.jpg
강동구,길동,47020291,수리완비 첫입주 빌라 약9평 대형사이즈 분리형 풀옵션원룸,강동구 길동,서울시,강동구,길동,3000,40,30,반지하,원룸,30000,37.5437524751323,127.144854956327,https://ic.zigbang.com/ic/items/47020291/1.jpg
강동구,길동,47020453,단기 강동역4분 풀옵션 고층 뻥뷰 남향 즉시입주 원룸 월세,강동구 길동,서울특별시,강동구,길동,200,65,27.23,중,오피스텔,130000,37.53513,127.1369,https://ic.zigbang.com/ic/items/47020453/1.jpg
강동구,길동,47021269,V단기임대V깔끔한 풀옵션원룸V길동역5분,강동구 길동,서울시,강동구,길동,100,52,19.83,반지하,원룸,60000,37.5357092955817,127.140949073485,https://ic.zigbang.com/ic/items/47021269/1.jpg
강동구,길동,47021286,V단기임대 V공간좋은 풀옵션 원룸V 강동역5분,강동구 성내동,서울시,강동구,성내동,300,78,33.06,7,원룸,80000,37.5340961376938,127.134385669627,https://ic.zigbang.com/ic/items/47021286/1.jpg
강동구,길동,47021439,"고층,전입신고가능,좋은구조 강동큐브2차",강동구 길동,서울특별시,강동구,길동,1000,60,33.06,고,오피스텔,80000,37.5366363525391,127.136154174805,https://ic.zigbang.com/ic/items/47021439/1.jpg
강동구,길동,47022288,신축급 상태최상.채광좋고 수납좋음.강동역7분.전입0동물X,강동구 천호동,서울시,강동구,천호동,1000,42,18.55,2,원룸,100000,37.53967638059441,127.13604642110776,https://ic.zigbang.com/ic/items/47022288/1.jpg
강동구,길동,47023386,신축6년차 1.5층 풀옵션 분리형원룸 강동역도보,강동구 천호동,서울시,강동구,천호동,3000,55,20,1,원룸,100000,37.5393686258615,127.134686942812,https://ic.zigbang.com/ic/items/47023386/1.jpg
강동구,길동,47026414,보증보험 허그버팀목 lh 풀옵션 복층 초깔끔 보증금조절가능,강동구 길동,서울특별시,강동구,길동,12400,20,33.16,고,오피스텔,90000,37.5362358093262,127.138313293457,https://ic.zigbang.com/ic/items/47026414/1.jpg
강동구,길동,47026843,"허그, 보증보험됨. 거실공간나오는분리형원룸",강동구 길동,서울특별시,강동구,길동,20900,14,37.4,2,오피스텔,90000,37.53529636941739,127.1370431721211,https://ic.zigbang.com/ic/items/47026843/1.jpg
강동구,길동,47027315,HUG HF 모든대출 가능 보증보험 전액 가능,강동구 길동,서울특별시,강동구,길동,27000,20,47.33,중,오피스텔,120000,37.5347852652257,127.137247363374,https://ic.zigbang.com/ic/items/47027315/1.jpg
강동구,길동,47027365,보증보험 전액 가능 버팀목 등 다양한 대출 가능,강동구 길동,서울특별시,강동구,길동,16500,0,18.78,고,오피스텔,80000,37.53815996458913,127.13840165247028,https://ic.zigbang.com/ic/items/47027365/1.jpg
강동구,길동,47027618,깨끗하고 사이즈 큰 역세권 원룸 오피스텔,강동구 길동,서울특별시,강동구,길동,16500,0,25.35,중,오피스텔,80000,37.53815996458913,127.13840165247028,https://ic.zigbang.com/ic/items/47027618/1.jpg
강동구,길동,47027634,초특가월세 원룸 풀옵션 대출가능,강동구 천호동,서울시,강동구,천호동,2000,45,18,3,원룸,60000,37.541067283216,127.136722539427,https://ic.zigbang.com/ic/items/47027634/1.jpg
강동구,길동,47027912,강동역 역세권 풀옵션 교통좋은 귀한 오픈형원룸 월세,강동구 길동,서울특별시,강동구,길동,500,62,27.23,중,오피스텔,130000,37.53513,127.1369,https://ic.zigbang.com/ic/items/47027912/1.jpg
강동구,길동,47028195,"HUG버팀목HUG보증보험,막힘없는 뻥뚫린뷰,남향,강동역세권",강동구 길동,서울특별시,강동구,길동,26000,20,47.51,16,오피스텔,99000,37.5347852652257,127.137247363374,https://ic.zigbang.com/ic/items/47028195/1.jpg
강동구,길동,47028242,HUG버팀목 가능 올전세 귀한 분리형원룸 주차가능,강동구 천호동,서울시,강동구,천호동,19000,0,27.5,3,원룸,70000,37.5414108080269,127.137521001855,https://ic.zigbang.com/ic/items/47028242/1.jpg
강동구,길동,47028499,"HUG보증보험 LH,청년버팀목대출 원룸복층 풀옵션 엘베주차",강동구 길동,서울특별시,강동구,길동,12400,20,30.29,고,오피스텔,90000,37.5362358093262,127.138313293457,https://ic.zigbang.com/ic/items/47028499/1.jpg
강동구,길동,47028519,깔끔.2년된신축.명일동 2층 오픈형 원룸.,강동구 명일동,서울시,강동구,명일동,5500,40,28.3,2,원룸,70000,37.5469055052419,127.145744952866,https://ic.zigbang.com/ic/items/47028519/1.jpg
강동구,길동,47028585,"ㅣLH,SH대출가능ㅣ동구햇살복층오피ㅣ2월협의ㅣ5호선역세권",강동구 길동,서울특별시,강동구,길동,12500,20,30.29,중,오피스텔,80000,37.5362358093262,127.138313293457,https://ic.zigbang.com/ic/items/47028585/1.jpg
강동구,길동,47029027,채광좋은 남향 원룸ㅣ풀옵션ㅣ조망권 확보ㅣ강동역세권,강동구 성내동,서울시,강동구,성내동,1000,65,13.1,7,원룸,100000,37.5343711851773,127.134963184411,https://ic.zigbang.com/ic/items/47029027/1.jpg
강동구,길동,47030867,암막 커튼이 꼭 필요한 채광이 너무 좋은 집,강동구 길동,서울특별시,강동구,길동,30000,0,47.33,중,오피스텔,120000,37.5347852652257,127.137247363374,https://ic.zigbang.com/ic/items/47030867/1.jpg
강동구,길동,47032904,lhsh및 모든대출 사이즈 넓은 풀옵션 원룸,강동구 둔촌동,서울시,강동구,둔촌동,12000,15,20.97,2,원룸,30000,37.5328810779661,127.144140724089,https://ic.zigbang.com/ic/items/47032904/1.jpg
강동구,길동,47033199,단기 강동역 길동역 더블역세권  수납굿 즉시입주 원룸 월세,강동구 길동,서울특별시,강동구,길동,200,70,29.67,2,오피스텔,150000,37.5350494384766,127.137275695801,https://ic.zigbang.com/ic/items/47033199/1.jpg
강동구,길동,47034676,강동역.신축급원룸.상태깨끗.수납좋음.빠른입주.전입가능,강동구 천호동,서울시,강동구,천호동,4000,40,19.83,2,원룸,70000,37.540240515283365,127.13437734784328,https://ic.zigbang.com/ic/items/47034676/1.jpg
강동구,길동,47035333,"리모델링 첫입주 1천에45부터,2천에40가능 상세내역필독.",강동구 길동,서울시,강동구,길동,2000,40,30,반지하,원룸,,37.5429177017158,127.145878066754,https://ic.zigbang.com/ic/items/47035333/1.jpg
강동구,길동,47036477,ㅁ허그안심대출ㅁ강동역5분거리ㅁ전용좋은1.5룸ㅁ큰대로변위치ㅁ,강동구 길동,서울특별시,강동구,길동,26000,20,46.48,고,오피스텔,100000,37.5347852652257,127.137247363374,https://ic.zigbang.com/ic/items/47036477/1.jpg
강동구,길동,47039948,ㅇ길동역세권단기 풀옵션ㅇ,강동구 길동,서울시,강동구,길동,200,56,19.83,2,원룸,90000,37.5357092955817,127.140949073485,https://ic.zigbang.com/ic/items/47039948/1.jpg
강동구,길동,47041191,길동역 도보 3분 풀옵션 오피스텔,강동구 길동,서울특별시,강동구,길동,1000,60,53,5,오피스텔,140000,37.53706359863281,127.13851928710938,https://ic.zigbang.com/ic/items/47041191/1.jpg
강동구,길동,47042512,"A급 약9평 주차가능 오픈형,통베란다 풀옵션원룸 2층 남향",강동구 길동,서울시,강동구,길동,500,60,22.62,2,원룸,50000,37.5421441319387,127.14490412134,https://ic.zigbang.com/ic/items/47042512/1.jpg
강동구,길동,47042613,A급 주차가능 약9평 오픈형.통베란다 풀옵션원룸 2층 남향,강동구 길동,서울시,강동구,길동,1000,55,22.62,2,원룸,50000,37.5421441319387,127.14490412134,https://ic.zigbang.com/ic/items/47042613/1.jpg
강동구,길동,47042880,깨끗하고 깔끔한 풀옵션 원룸입니다,강동구 성내동,서울시,강동구,성내동,5000,40,16,3,원룸,80000,37.5326051833213,127.136176356777,https://ic.zigbang.com/ic/items/47042880/1.jpg
강동구,길동,47043757,"빠른 입주 가능한 단기 풀옵션 2룸,화1",강동구 길동,서울특별시,강동구,길동,500,170,77.23,7,오피스텔,100000,37.5375817,127.138624,https://ic.zigbang.com/ic/items/47043757/1.jpg
강동구,길동,47044050,"천호동 지층 원룸 도배·장판 올수리 완료, 즉시입주",강동구 천호동,서울시,강동구,천호동,500,20,13.2,반지하,원룸,15000,37.5475001968537,127.141645825964,https://ic.zigbang.com/ic/items/47044050/1.jpg
강동구,길동,47044424,"모든대출가능한 원룸원거실,주차가능",강동구 천호동,서울시,강동구,천호동,19000,0,27.5,3,원룸,70000,37.5414108080269,127.137521001855,https://ic.zigbang.com/ic/items/47044424/1.jpg
강동구,길동,47044602,강동역 도보3분 넓고 구조최강 풀옵 원룸 원거실,강동구 천호동,서울시,강동구,천호동,255,85,33.37,2,원룸,70000,37.5379504133189,127.134246626843,https://ic.zigbang.com/ic/items/47044602/1.jpg
강동구,길동,47048031,고품격 풀옵션투룸   전입신고0 주차0 이사날짜 협의가능,강동구 길동,서울특별시,강동구,길동,3000,147,47.93,6,오피스텔,110000,37.5364513,127.138271,https://ic.zigbang.com/ic/items/47048031/1.jpg
강동구,길동,47050721,V보증보험가능V대출가능V복층풀옵션V빠른입주가능V채광굿V,강동구 둔촌동,서울시,강동구,둔촌동,14000,0,30.53,4,원룸,80000,37.5327883961678,127.147255828524,https://ic.zigbang.com/ic/items/47050721/1.jpg
강동구,길동,47051175,V넓은원룸V강동역도보4분V입주일조정가능V엘베있음V주차가능,강동구 성내동,서울시,강동구,성내동,300,89,30.25,4,원룸,80000,37.5340961376938,127.134385669627,https://ic.zigbang.com/ic/items/47051175/1.jpg
강동구,길동,47051286,ㅇ전용10평 ㅇ 오픈형 원룸 단기가능,강동구 성내동,서울시,강동구,성내동,300,76,33.06,2,원룸,90000,37.53409568861741,127.13438442427052,https://ic.zigbang.com/ic/items/47051286/1.jpg
강동구,길동,47052489,여성전용. 깔끔한 분리형 원룸원거실 풀옵션 길동역 도보2분,강동구 길동,서울시,강동구,길동,1000,60,19.6,5,원룸,180000,37.5371410432057,127.141201480619,https://ic.zigbang.com/ic/items/47052489/1.jpg
강동구,길동,47053292,1.5룸 복층 풀옵션 초깔끔 입주협의,강동구 길동,서울특별시,강동구,길동,2000,140,55.69,17,오피스텔,150000,37.5353704307155,127.137740946936,https://ic.zigbang.com/ic/items/47053292/1.jpg
강동구,길동,47053327,보증금조정o 원룸 복층 풀옵션 초깔끔 입주협의,강동구 길동,서울특별시,강동구,길동,2000,85,27.85,중,오피스텔,120000,37.5353704307155,127.137740946936,https://ic.zigbang.com/ic/items/47053327/1.jpg
강동구,길동,47053359,전입o 입주조정가능 원룸 복층 풀옵션 초깔끔 입주협의 가능,강동구 길동,서울특별시,강동구,길동,3000,78,30.92,6,오피스텔,120000,37.5353704307155,127.137740946936,https://ic.zigbang.com/ic/items/47053359/1.jpg
강동구,길동,47053518,굽은다리역 초역세권   테라스가 있는  원룸,강동구 명일동,서울특별시,강동구,명일동,8000,37,31.98,4,오피스텔,90000,37.545397339477,127.143303120774,https://ic.zigbang.com/ic/items/47053518/1.jpg
강동구,길동,47053949,최우선 변제 보증금 풀옵션 오픈형원룸 굽은다리역 역세권,강동구 명일동,서울시,강동구,명일동,5500,40,17.9,2,원룸,70000,37.5469055052419,127.145744952866,https://ic.zigbang.com/ic/items/47053949/1.jpg
강동구,길동,47054217,굽은다리역 역세권 주방분리형 신축급 풀옵션,강동구 명일동,서울시,강동구,명일동,5500,60,19.8,3,원룸,70000,37.5469055052419,127.145744952866,https://ic.zigbang.com/ic/items/47054217/1.jpg
강동구,길동,47055736,"보증보험, 전세대출, 강동역 2분, 분리형 풀옵션",강동구 천호동,서울특별시,강동구,천호동,20900,25,38,중,오피스텔,60000,37.53783325536113,127.13419199326869,https://ic.zigbang.com/ic/items/47055736/1.jpg
강동구,길동,47055746,"단기 1개월부터, 완벽한 옵션,",강동구 길동,서울특별시,강동구,길동,200,70,25.75,고,오피스텔,80000,37.5366363525391,127.136154174805,https://ic.zigbang.com/ic/items/47055746/1.jpg
강동구,길동,47055829,하나하나 고급 소재 예쁜 원룸,강동구 명일동,서울시,강동구,명일동,5500,40,18.85,2,원룸,70000,37.5469055052419,127.145744952866,https://ic.zigbang.com/ic/items/47055829/1.jpg
강동구,길동,47057340,허그 보증보험ok 준신축 깔끔한 1.5룸,강동구 천호동,서울특별시,강동구,천호동,20900,25,38.08,6,오피스텔,60000,37.53783325536113,127.13419199326869,https://ic.zigbang.com/ic/items/47057340/1.jpg
강동구,길동,47057462,굽은다리역  초역세권 풀옵션 복층형원룸,강동구 명일동,서울특별시,강동구,명일동,8000,55,47.83,8,오피스텔,110000,37.545397339477,127.143303120774,https://ic.zigbang.com/ic/items/47057462/1.jpg
강동구,길동,47057648,"ㅣ모든대출,보증보험가능ㅣ와이시티오피스텔ㅣ26년2월중순협의ㅣ",강동구 길동,서울특별시,강동구,길동,11057,10,29.43,중,오피스텔,80000,37.5365753173828,127.137474060059,https://ic.zigbang.com/ic/items/47057648/1.jpg
강동구,길동,47057986,ㅣ강동역2분ㅣ리모델링 일성하이츠오피스텔원룸ㅣ화이트톤ㅣ2월중,강동구 길동,서울특별시,강동구,길동,1000,60,44.36,고,오피스텔,70000,37.5351715087891,127.136337280273,https://ic.zigbang.com/ic/items/47057986/1.jpg
강동구,길동,47058202,강동역10분. 신축2년차입주원룸 .착한월세,강동구 천호동,서울시,강동구,천호동,4000,45,18.35,2,원룸,80000,37.5410844908627,127.134527204216,https://ic.zigbang.com/ic/items/47058202/1.jpg
강동구,길동,47059574,"HUG버팀목,HUG보증보험,신축급 원룸 원거실,주차가능",강동구 천호동,서울시,강동구,천호동,19000,0,27.5,3,원룸,70000,37.5414108080269,127.137521001855,https://ic.zigbang.com/ic/items/47059574/1.jpg
강동구,길동,47060980,반듯한 복층형원룸.2년계약,강동구 성내동,서울특별시,강동구,성내동,1000,59,15,고,오피스텔,90000,37.5342292785645,127.135643005371,https://ic.zigbang.com/ic/items/47060980/1.jpg
강동구,길동,47063153,강동역 4분 역세권 보증보험 가능 오픈형원룸 월세,강동구 길동,서울특별시,강동구,길동,10000,10,28.02,중,오피스텔,150000,37.5350494384766,127.137275695801,https://ic.zigbang.com/ic/items/47063153/1.jpg
강동구,길동,47064995,"LH,SH 적극환영,보증보험 굽은다리역 원룸아파트 무료주차",강동구 길동,서울특별시,강동구,길동,10000,16,25.72,8,오피스텔,80000,37.5410652160645,127.145469665527,https://ic.zigbang.com/ic/items/47064995/1.jpg
강동구,길동,47065488,"HUG보증보험 LH,청년버팀목대출 원룸복층 풀옵션 엘베주차",강동구 길동,서울특별시,강동구,길동,12200,28,30.29,저,오피스텔,90000,37.5362358093262,127.138313293457,https://ic.zigbang.com/ic/items/47065488/1.jpg
강동구,길동,47066945,l 지웰 전문 l 지웰 모든 호실 보유 l 단기임대 l,강동구 길동,서울특별시,강동구,길동,500,75,26.72,3,오피스텔,150000,37.5367279052734,127.13826751709,https://ic.zigbang.com/ic/items/47066945/1.jpg
강동구,둔촌동,46349495,V강동역주변신축급풀옵션원룸V융자없는안전한집V채광및공간굿,강동구 성내동,서울시,강동구,성내동,7000,30,19.83,2,원룸,60000,37.5332308989897,127.129801393506,https://ic.zigbang.com/ic/items/46349495/1.jpg
강동구,둔촌동,46632494,가성비 월세 9호선보훈병원역 초역세권 신축급풀옵션,강동구 둔촌동,서울시,강동구,둔촌동,200,40,16.53,반지하,원룸,60000,37.5276036429669,127.145612361109,https://ic.zigbang.com/ic/items/46632494/1.jpg
강동구,둔촌동,46666275,V신축급풀옵션V깔끔컨디션V즉시입주가능V보증금조정가능,강동구 둔촌동,서울시,강동구,둔촌동,3000,50,19.83,3,원룸,70000,37.5320576672552,127.142943497958,https://ic.zigbang.com/ic/items/46666275/1.jpg
강동구,둔촌동,46668702,V단기임대V깔끔한 풀옵션원룸V둔촌역 5분,강동구 성내동,서울시,강동구,성내동,300,46,13.22,3,원룸,50000,37.5300531963037,127.132847474394,https://ic.zigbang.com/ic/items/46668702/1.jpg
강동구,둔촌동,46694950,V강동역도보5분V신축급풀옵션분리형원룸V대로변위치V빠른입주,강동구 성내동,서울시,강동구,성내동,12000,0,23.14,2,원룸,60000,37.5339817484187,127.13057714386,https://ic.zigbang.com/ic/items/46694950/1.jpg
강동구,둔촌동,46735381,"신축급 엘리베이터 원룸 원거실, HUG·버팀목·보증보험",강동구 둔촌동,서울시,강동구,둔촌동,11000,27,23.89,2,원룸,150000,37.5289805419612,127.138812334174,https://ic.zigbang.com/ic/items/46735381/1.jpg
강동구,둔촌동,46736280,l 저렴한 소형 원룸 l 깔끔한 풀옵션,강동구 성내동,서울시,강동구,성내동,4000,30,16.53,1,원룸,70000,37.53321967871,127.129352322641,https://ic.zigbang.com/ic/items/46736280/1.jpg
강동구,둔촌동,46742990,V분리형원룸V풀옵션V엘베있음V주차가능V깔끔컨디션V채광좋음,강동구 성내동,서울시,강동구,성내동,10000,50,29.12,3,원룸,60000,37.532323844859,127.127501076835,https://ic.zigbang.com/ic/items/46742990/1.jpg
강동구,둔촌동,46755180,둔촌동역초역세권 풀옵션원룸단기,강동구 성내동,서울시,강동구,성내동,300,46,19.83,3,원룸,50000,37.53005373678259,127.1328475884884,https://ic.zigbang.com/ic/items/46755180/1.jpg
강동구,둔촌동,46767647,V신축급깔끔V풀옵션원룸V강동역도보3분V입주일조정가능V,강동구 성내동,서울시,강동구,성내동,10000,0,16.53,2,원룸,60000,37.5346016354423,127.129678747544,https://ic.zigbang.com/ic/items/46767647/1.jpg
강동구,둔촌동,46773899,o강동역4분o 신축급 풀옵션 원룸 전세,강동구 성내동,서울시,강동구,성내동,10000,0,17.8,2,원룸,50000,37.5346016354423,127.129678747544,https://ic.zigbang.com/ic/items/46773899/1.jpg
강동구,둔촌동,46780353,계단깊지않은 반지층 분리형 방1칸 기본옵션  완비,강동구 성내동,서울시,강동구,성내동,500,40,20,반지하,원룸,0,37.5299845409844,127.133804359871,https://ic.zigbang.com/ic/items/46780353/1.jpg
강동구,둔촌동,46783232,l 강동역 3분 l 대로변 복층형 원룸 보증금조절,강동구 천호동,서울시,강동구,천호동,5000,45,23.14,6,원룸,88000,37.537654602255,127.133542778616,https://ic.zigbang.com/ic/items/46783232/1.jpg
강동구,둔촌동,46788571,A 3년차 풀옵션 O강동역세권 O내부깜끔 O빠른입주가능,강동구 성내동,서울시,강동구,성내동,5000,30,16.53,2,원룸,80000,37.5329712602663,127.130102007238,https://ic.zigbang.com/ic/items/46788571/1.jpg
강동구,둔촌동,46802273,"V신축급분리형V풀옵션원룸V버팀목,대출가능V건물융자없는집V",강동구 성내동,서울시,강동구,성내동,19000,0,30.13,3,원룸,70000,37.5335609263547,127.128242780336,https://ic.zigbang.com/ic/items/46802273/1.jpg
강동구,둔촌동,46830415,ㅇ둔촌역6분  ㅇ깔끔한 원룸형 풀옵션,강동구 성내동,서울시,강동구,성내동,300,47,18,2,원룸,50000,37.53005373678259,127.1328475884884,https://ic.zigbang.com/ic/items/46830415/1.jpg
강동구,둔촌동,46841545,11.28 ꕤ 전매물보유 ꕤ 전세대출가능 ꕤ,강동구 천호동,서울특별시,강동구,천호동,20400,15,57.23,중,오피스텔,120000,37.537464244757416,127.1289820856648,https://ic.zigbang.com/ic/items/46841545/1.jpg
강동구,둔촌동,46857023,"V강동역,둔촌동역V월세저렴V즉시입주가능V분리형원룸V반지하",강동구 성내동,서울시,강동구,성내동,500,30,25.52,반지하,원룸,,37.5304026026364,127.134362298653,https://ic.zigbang.com/ic/items/46857023/1.jpg
강동구,둔촌동,46863309,둔촌동역 도보 5분거리에 위치,강동구 성내동,서울시,강동구,성내동,300,45,19.83,2,원룸,50000,37.5300521850586,127.13285064697266,https://ic.zigbang.com/ic/items/46863309/1.jpg
강동구,둔촌동,46874072,가성비좋은 오픈형원룸 풀옵션,강동구 성내동,서울시,강동구,성내동,500,55,19.83,4,원룸,100000,37.5257977881703,127.129913068037,https://ic.zigbang.com/ic/items/46874072/1.jpg
강동구,둔촌동,46877486,ꕤ 11.28 ꕤ 귀한 I 타입 ꕤ 드레스룸 전입가능 ꕤ,강동구 천호동,서울특별시,강동구,천호동,5000,160,94.58,고,오피스텔,140000,37.5377241862513,127.12856615429956,https://ic.zigbang.com/ic/items/46877486/1.jpg
강동구,둔촌동,46880013,V강동역세권V신축급풀옵션원룸V최상룸컨디션V가성비좋은집,강동구 성내동,서울시,강동구,성내동,5000,30,16.53,2,원룸,80000,37.5329712602663,127.130102007238,https://ic.zigbang.com/ic/items/46880013/1.jpg
강동구,둔촌동,46881352,ꯁ 11.28 루프탑있는 탑층 ꯁ 버팀목HUG가능 ꯁ,강동구 천호동,서울특별시,강동구,천호동,28000,0,54.7,고,오피스텔,120000,37.5377241862513,127.12856615429956,https://ic.zigbang.com/ic/items/46881352/1.jpg
강동구,둔촌동,46884067,11.28 ꯁ 청년버팀목 허그대출가능 ꯁ 넓은 A타입 ꯁ,강동구 천호동,서울특별시,강동구,천호동,22500,15,54.7,중,오피스텔,120000,37.5377241862513,127.12856615429956,https://ic.zigbang.com/ic/items/46884067/1.jpg
강동구,둔촌동,46886364,역세권으로 밝고 깔금한방,강동구 성내동,서울시,강동구,성내동,300,35,19.8,반지하,원룸,,37.5349081846587,127.130388906466,https://ic.zigbang.com/ic/items/46886364/1.jpg
강동구,둔촌동,46904727,9호선보훈병원역 초역세권 신축급 풀옵원룸,강동구 둔촌동,서울시,강동구,둔촌동,200,55,19.83,4,원룸,60000,37.5276036429669,127.145612361109,https://ic.zigbang.com/ic/items/46904727/1.jpg
강동구,둔촌동,46905780,주거지역이라 한적합니다.,강동구 성내동,서울시,강동구,성내동,500,30,23,반지하,원룸,,37.5304026026364,127.134362298653,https://ic.zigbang.com/ic/items/46905780/1.jpg
강동구,둔촌동,46920208,신축급 분리형원룸ㅣ풀옵션ㅣ보증금 일부 조정가능,강동구 성내동,서울시,강동구,성내동,5000,65,19.9,1,원룸,70000,37.530645246849,127.131718750396,https://ic.zigbang.com/ic/items/46920208/1.jpg
강동구,둔촌동,46920954,V단기임대V공간 좋은 풀옵션 원룸V강동역5분,강동구 성내동,서울시,강동구,성내동,100,40,26.45,반지하,원룸,30000,37.5348308659919,127.129746124605,https://ic.zigbang.com/ic/items/46920954/1.jpg
강동구,둔촌동,46921758,11.28 ꕤ 보증보험가능  ꕤ 넓은 타입 유일전세 ꕤ,강동구 천호동,서울특별시,강동구,천호동,26000,0,60.52,중,오피스텔,120000,37.537464244757416,127.1289820856648,https://ic.zigbang.com/ic/items/46921758/1.jpg
강동구,둔촌동,46925781,하남 강남출퇴근 채광굿 원룸 9호선보훈역 풀옵션,강동구 둔촌동,서울시,강동구,둔촌동,1000,53,19.83,3,원룸,70000,37.5309681917577,127.145586997262,https://ic.zigbang.com/ic/items/46925781/1.jpg
강동구,둔촌동,46927278,"준신축급, 풀옵션, 원룸원거실, 관리비포함, 주차가능",강동구 둔촌동,서울시,강동구,둔촌동,5000,82,22.96,4,원룸,1,37.53096855049006,127.14558835559492,https://ic.zigbang.com/ic/items/46927278/1.jpg
강동구,둔촌동,46927292,"즉시입주가능, 옵션없음, 주차불가",강동구 둔촌동,서울시,강동구,둔촌동,500,30,21,2,원룸,1,37.5315883755699,127.141789621049,https://ic.zigbang.com/ic/items/46927292/1.jpg
강동구,둔촌동,46927373,oO강동역도보5분Oo화사한 화이트톤 우수한 채광oO즉시입주,강동구 성내동,서울시,강동구,성내동,1000,56,19.83,3,원룸,120000,37.5336408351303,127.130146163695,https://ic.zigbang.com/ic/items/46927373/1.jpg
강동구,둔촌동,46940263,V월세저렴V분리형원룸V즉시입주가능V둔촌동역인근V,강동구 성내동,서울시,강동구,성내동,300,30,16.96,반지하,원룸,,37.5253469215016,127.133473322897,https://ic.zigbang.com/ic/items/46940263/1.jpg
강동구,둔촌동,46945910,oO강동역도보3분oO신축급풀옵션원룸oO이사일협의가능,강동구 성내동,서울시,강동구,성내동,10000,0,19.83,2,원룸,60000,37.5346016354423,127.129678747544,https://ic.zigbang.com/ic/items/46945910/1.jpg
강동구,둔촌동,46946374,올림픽공원 맞은편 풀옵션원룸,강동구 성내동,서울시,강동구,성내동,500,55,18,4,원룸,100000,37.5257977881703,127.129913068037,https://ic.zigbang.com/ic/items/46946374/1.jpg
강동구,둔촌동,46954318,"천호역세권,풀옵션분리형원룸,주차가능",강동구 성내동,서울시,강동구,성내동,5000,67,19.39,2,원룸,70000,37.5363971644528,127.127512763725,https://ic.zigbang.com/ic/items/46954318/1.jpg
강동구,둔촌동,46957444,V분리형원룸V즉시입주가능V공실V넓은사이즈V,강동구 성내동,서울시,강동구,성내동,500,30,25.96,반지하,원룸,,37.5304026026364,127.134362298653,https://ic.zigbang.com/ic/items/46957444/1.jpg
강동구,둔촌동,46962202,추천매물.최우선변제0.넓은 신축급.컨디션최상.공간최상.,강동구 성내동,서울시,강동구,성내동,5000,65,24,2,원룸,70000,37.530645246849,127.131718750396,https://ic.zigbang.com/ic/items/46962202/1.jpg
강동구,둔촌동,46966741,주차가능 I 10평베란다 I 풀옵션 I 베란다큼직,강동구 성내동,서울시,강동구,성내동,1000,75,26.9,3,원룸,50000,37.526209924604,127.132009159898,https://ic.zigbang.com/ic/items/46966741/1.jpg
강동구,둔촌동,46972450,보증금1000월세47만원도 가능한 3층 풀옵션 원룸입니다.,강동구 성내동,서울시,강동구,성내동,500,50,16.6,3,원룸,30000,37.5317137927561,127.136046664568,https://ic.zigbang.com/ic/items/46972450/1.jpg
강동구,둔촌동,46973515,"5,9호선 준신축급 가성비 풀옵션원룸",강동구 둔촌동,서울시,강동구,둔촌동,3000,50,19,3,원룸,90000,37.5320576672552,127.142943497958,https://ic.zigbang.com/ic/items/46973515/1.jpg
강동구,둔촌동,46975109,깔끔한 분리형원룸 풀옵션,강동구 성내동,서울시,강동구,성내동,8500,28,15.32,3,원룸,120000,37.5294620252076,127.130035950873,https://ic.zigbang.com/ic/items/46975109/1.jpg
강동구,둔촌동,46975131,ㅡ천호역5분ㅡ주차가능ㅡ신축7년차ㅡ귀한분리형원룸ㅡ풀옵션ㅡ,강동구 성내동,서울시,강동구,성내동,5000,67,19.39,2,원룸,70000,37.5363971644528,127.127512763725,https://ic.zigbang.com/ic/items/46975131/1.jpg
강동구,둔촌동,46975925,신축급원룸풀옵션,강동구 성내동,서울시,강동구,성내동,9800,22,12.74,2,원룸,70000,37.5274382421842,127.131216466342,https://ic.zigbang.com/ic/items/46975925/1.jpg
강동구,둔촌동,46977009,"HUG버팀목,HUG버팀목,신축급 아주넓은 원룸 원거실",강동구 성내동,서울시,강동구,성내동,12500,35,16.54,3,원룸,50000,37.5299362067959,127.128816616018,https://ic.zigbang.com/ic/items/46977009/1.jpg
강동구,둔촌동,46978003,9호선보훈병원역 풀옵션 원룸 탁트인방,강동구 둔촌동,서울시,강동구,둔촌동,12000,0,19.83,3,원룸,60000,37.5320810007399,127.143613884847,https://ic.zigbang.com/ic/items/46978003/1.jpg
강동구,둔촌동,46979960,분리형 원룸 ㅣ 엘베O ㅣ HUG가능,강동구 성내동,서울시,강동구,성내동,10000,23,15.32,3,원룸,100000,37.5294620252076,127.130035950873,https://ic.zigbang.com/ic/items/46979960/1.jpg
강동구,둔촌동,46982393,둔촌역3분  풀옵션 원룸 단기임대,강동구 성내동,서울시,강동구,성내동,300,60,23,3,원룸,70000,37.52890453887107,127.13559694891636,https://ic.zigbang.com/ic/items/46982393/1.jpg
강동구,둔촌동,46982480,ㅇ풀옵션 원룸내외관깔끔,강동구 성내동,서울시,강동구,성내동,500,45,16.53,5,원룸,30000,37.5315915304796,127.133915163515,https://ic.zigbang.com/ic/items/46982480/1.jpg
강동구,둔촌동,46984569,V신축급원룸V즉시입주가능V풀옵션깔끔V초저렴월세V강동역5분,강동구 성내동,서울시,강동구,성내동,2000,40,19.83,반지하,원룸,,37.5337390964347,127.130507026268,https://ic.zigbang.com/ic/items/46984569/1.jpg
강동구,둔촌동,46988320,"HUG버팀목,HUG보증보험,신축급 넓은 원룸 ,가성비갑",강동구 성내동,서울시,강동구,성내동,9800,22,12.74,2,원룸,80000,37.5274382421842,127.131216466342,https://ic.zigbang.com/ic/items/46988320/1.jpg
강동구,둔촌동,46989507,허그안심대출 및 보증보험 가능한 공간 넓은 풀옵션 분리형,강동구 성내동,서울특별시,강동구,성내동,31300,20,47.9,10,오피스텔,75000,37.5297410378728,127.132653008354,https://ic.zigbang.com/ic/items/46989507/1.jpg
강동구,둔촌동,46990584,11.28 ꯁ 복층 진짜 넓어용 ꯁ 이안 로비층 위치 ꯁ,강동구 천호동,서울특별시,강동구,천호동,20500,20,54.7,고,오피스텔,120000,37.5377241862513,127.12856615429956,https://ic.zigbang.com/ic/items/46990584/1.jpg
강동구,둔촌동,46990915,ㅇ공간좋은 원룸ㅇ둔촌역6분,강동구 성내동,서울시,강동구,성내동,500,50,19,3,원룸,30000,37.5317137927561,127.136046664568,https://ic.zigbang.com/ic/items/46990915/1.jpg
강동구,둔촌동,46991931,분리형원룸 I 풀옵션완비 I 빠른입주가능,강동구 성내동,서울시,강동구,성내동,300,39,24,반지하,원룸,10000,37.5299845409844,127.133804359871,https://ic.zigbang.com/ic/items/46991931/1.jpg
강동구,둔촌동,46995527,V공간좋은 플옵션원룸V강동역5분V대출불가,강동구 성내동,서울시,강동구,성내동,6000,10,26.45,1,원룸,,37.5341732742902,127.130926857586,https://ic.zigbang.com/ic/items/46995527/1.jpg
강동구,둔촌동,46999980,ꯁ 11.28 ꯁ 최최저가월세 유일한 낮은 보증금ꯁ,강동구 천호동,서울특별시,강동구,천호동,1000,85,55.2,중,오피스텔,120000,37.537464244757416,127.1289820856648,https://ic.zigbang.com/ic/items/46999980/1.jpg
강동구,둔촌동,47000375,위치좋은집 마당있는집 저렴한집,강동구 성내동,서울시,강동구,성내동,300,27,16,1,원룸,30000,37.5361716616063,127.128659661424,https://ic.zigbang.com/ic/items/47000375/1.jpg
강동구,둔촌동,47001625,V신축급분리형원룸V즉시입주가능V깔끔컨디션V강동역역세권V,강동구 성내동,서울시,강동구,성내동,1000,50,30.13,반지하,원룸,70000,37.5349455241623,127.130843237784,https://ic.zigbang.com/ic/items/47001625/1.jpg
강동구,둔촌동,47008513,W중앙보훈병원역주변W신축급풀옵션원룸W채광및옵션좋은집W좋은집,강동구 둔촌동,서울시,강동구,둔촌동,2000,50,19.83,2,원룸,60000,37.5317507834749,127.142871522546,https://ic.zigbang.com/ic/items/47008513/1.jpg
강동구,둔촌동,47008685,ㅇ단기3개월가능ㅇ둔촌역5분,강동구 성내동,서울시,강동구,성내동,300,40,14,2,원룸,70000,37.5300531963037,127.132847474394,https://ic.zigbang.com/ic/items/47008685/1.jpg
강동구,둔촌동,47009923,둔촌동역 도보1분 신축급 깔끔한 분리형 ALL풀옵션 건조기,강동구 성내동,서울시,강동구,성내동,1000,63,26.71,1,원룸,70000,37.5286393026044,127.135266573656,https://ic.zigbang.com/ic/items/47009923/1.jpg
강동구,둔촌동,47011464,V신축급분리형V깔끔컨디션V풀옵션V엘베있음V주차가능V,강동구 성내동,서울시,강동구,성내동,5000,67,19.39,2,원룸,70000,37.5363971644528,127.127512763725,https://ic.zigbang.com/ic/items/47011464/1.jpg
강동구,둔촌동,47013105,"지정주차 가능, 중앙보훈병원역 도보 3분, 신축 컨디션 굿",강동구 둔촌동,서울시,강동구,둔촌동,2000,70,28,반지하,원룸,70000,37.5276485375787,127.145446032302,https://ic.zigbang.com/ic/items/47013105/1.jpg
강동구,둔촌동,47015008,V강동역역세권V신축급컨디션V풀옵션원룸V12월입주V엘베있음V,강동구 성내동,서울시,강동구,성내동,3000,50,16.96,2,원룸,70000,37.535367245419,127.129075550572,https://ic.zigbang.com/ic/items/47015008/1.jpg
강동구,둔촌동,47015341,입주협의 천호역 역세권 신축급 분리형 원룸 주차가능,강동구 성내동,서울시,강동구,성내동,5000,67,19.39,2,원룸,70000,37.5363971644528,127.127512763725,https://ic.zigbang.com/ic/items/47015341/1.jpg
강동구,둔촌동,47016830,"가성비좋은 꼭대기층 분리형 방1 전세, 월세가 2천30",강동구 성내동,서울시,강동구,성내동,7000,0,23,5,원룸,20000,37.5273622859692,127.131461148429,https://ic.zigbang.com/ic/items/47016830/1.jpg
강동구,둔촌동,47016903,넓고 베란다2개있는 오픈형풀옵션,강동구 성내동,서울시,강동구,성내동,1000,75,23.8,3,원룸,50000,37.526209924604,127.132009159898,https://ic.zigbang.com/ic/items/47016903/1.jpg
강동구,둔촌동,47017207,강동역 인근 원룸,강동구 성내동,서울시,강동구,성내동,2000,55,22,2,원룸,70000,37.535367245419,127.129075550572,https://ic.zigbang.com/ic/items/47017207/1.jpg
강동구,둔촌동,47019035,보증보험 가능 빠른입주가능 실면적 약13평 분리형원룸,강동구 성내동,서울특별시,강동구,성내동,31300,20,47.9,10,오피스텔,75000,37.5297410378728,127.132653008354,https://ic.zigbang.com/ic/items/47019035/1.jpg
강동구,둔촌동,47021471,ㅡ천호역세권ㅡ착한가격ㅡ신축3년ㅡ보증금조절ㅡ풀옵션ㅡ강동역4분,강동구 성내동,서울시,강동구,성내동,2000,55,19.8,2,원룸,70000,37.535367245419,127.129075550572,https://ic.zigbang.com/ic/items/47021471/1.jpg
강동구,둔촌동,47028457,"HUG버팀목,HUG보증보험,신축5년 아주넓은원룸원거실",강동구 성내동,서울특별시,강동구,성내동,31300,20,47.9,10,오피스텔,75000,37.5297410378728,127.132653008354,https://ic.zigbang.com/ic/items/47028457/1.jpg
강동구,둔촌동,47031986,"강동역 도보 5분, 근저당 X, 채광 우수",강동구 성내동,서울시,강동구,성내동,1000,50,19.88,5,원룸,50000,37.5318500848233,127.131458389936,https://ic.zigbang.com/ic/items/47031986/1.jpg
강동구,둔촌동,47032523,보증금상향가능한 공간넓은 깔끔한 풀옵션 원룸,강동구 성내동,서울시,강동구,성내동,1000,75,25,3,원룸,70000,37.5349455241623,127.130843237784,https://ic.zigbang.com/ic/items/47032523/1.jpg
강동구,둔촌동,47033913,V단기임대V저렴한 풀옵션원룸V둔촌역 5분,강동구 성내동,서울시,강동구,성내동,300,40,15,2,원룸,50000,37.5300531963037,127.132847474394,https://ic.zigbang.com/ic/items/47033913/1.jpg
강동구,둔촌동,47036909,11.28 ꯁ 유일한 G타입 매물 ꯁ 상시관람 가능 ꯁ,강동구 천호동,서울특별시,강동구,천호동,2000,120,69.61,고,오피스텔,150000,37.537464244757416,127.1289820856648,https://ic.zigbang.com/ic/items/47036909/1.jpg
강동구,둔촌동,47037058,계단 없는 딱 1층 분리형 원룸 풀 옵션 즉시 입주 가능,강동구 성내동,서울시,강동구,성내동,500,40,23.1,1,원룸,20000,37.5327199393934,127.128070387409,https://ic.zigbang.com/ic/items/47037058/1.jpg
강동구,둔촌동,47038246,11.28 ꯁ 낮은보증금 유일 매물 ꯁ 찐찐찐매물 ꯁ,강동구 천호동,서울특별시,강동구,천호동,2000,95,54.7,고,오피스텔,120000,37.5377241862513,127.12856615429956,https://ic.zigbang.com/ic/items/47038246/1.jpg
강동구,둔촌동,47038267,11.28 ꯁ 이안1층부동산 ꯁ 상시관람가능 빠른입주 ꯁ,강동구 천호동,서울특별시,강동구,천호동,2000,95,54.7,고,오피스텔,120000,37.5377241862513,127.12856615429956,https://ic.zigbang.com/ic/items/47038267/1.jpg
강동구,둔촌동,47040015,ㅇ분리형원룸ㅇLH.SH대출가능,강동구 성내동,서울시,강동구,성내동,9000,0,23.14,1,원룸,20000,37.5313528911964,127.133963046291,https://ic.zigbang.com/ic/items/47040015/1.jpg
강동구,둔촌동,47040256,V단기임대V공간좋은 풀옵션 분리형 원룸V,강동구 성내동,서울시,강동구,성내동,100,52,26,반지하,원룸,50000,37.5340510573433,127.131531608542,https://ic.zigbang.com/ic/items/47040256/1.jpg
강동구,둔촌동,47041276,강동역까지 도보로 약5분 각종대출가능한 풀옵션 원룸,강동구 성내동,서울시,강동구,성내동,6200,0,14.11,4,원룸,70000,37.5337936187639,127.132197554268,https://ic.zigbang.com/ic/items/47041276/1.jpg
강동구,둔촌동,47042527,빠른 입주 가능한 큰타입,강동구 천호동,서울특별시,강동구,천호동,2000,95,54.7,고,오피스텔,90000,37.5377241862513,127.12856615429956,https://ic.zigbang.com/ic/items/47042527/1.jpg
강동구,둔촌동,47042537,빠른 입주 가능한 매물,강동구 천호동,서울특별시,강동구,천호동,2000,95,54.7,고,오피스텔,90000,37.5377241862513,127.12856615429956,https://ic.zigbang.com/ic/items/47042537/1.jpg
강동구,둔촌동,47044455,넓은 분리형 1천 월45 풀옵션 바로입주 둔촌역3분거리,강동구 성내동,서울시,강동구,성내동,1000,45,25,4,원룸,30000,37.5277121418723,127.133392236007,https://ic.zigbang.com/ic/items/47044455/1.jpg
강동구,둔촌동,47044840,"넓은원룸 1천75  풀옵션 베란다 넓어요.주차0,동물x",강동구 성내동,서울시,강동구,성내동,1000,75,26.9,3,원룸,50000,37.526209924604,127.132009159898,https://ic.zigbang.com/ic/items/47044840/1.jpg
강동구,둔촌동,47045515,11.28ꕤ 탑층 루프탑 전입신고가능한 월세 ꕤ,강동구 천호동,서울특별시,강동구,천호동,5000,110,50.7,고,오피스텔,140000,37.5377241862513,127.12856615429956,https://ic.zigbang.com/ic/items/47045515/1.jpg
강동구,둔촌동,47045625,ㅇ버팀목 허그대출ㅇ분리형 원룸ㅇ풀옵션ㅇ다용도실ㅇ주차불가,강동구 성내동,서울시,강동구,성내동,10000,23,15.32,3,원룸,100000,37.5294620252076,127.130035950873,https://ic.zigbang.com/ic/items/47045625/1.jpg
강동구,둔촌동,47050046,분리형 빠른입주가능 천호역 도보5분,강동구 성내동,서울시,강동구,성내동,5000,67,19.39,2,원룸,70000,37.5363971644528,127.127512763725,https://ic.zigbang.com/ic/items/47050046/1.jpg
강동구,둔촌동,47051500,전용 약8평 넓은 풀옵션 원룸,강동구 성내동,서울시,강동구,성내동,5000,0,30,반지하,원룸,,37.5323038994659,127.127948391744,https://ic.zigbang.com/ic/items/47051500/1.jpg
강동구,둔촌동,47052450,신축급 깔끔한 풀옵션 원룸 5호선 강동역 도보5분,강동구 성내동,서울시,강동구,성내동,1000,56,23.14,3,원룸,120000,37.5336408351303,127.130146163695,https://ic.zigbang.com/ic/items/47052450/1.jpg
강동구,둔촌동,47052478,단기가능 여성전용 중앙보훈병원 1분 풀옵션 깔끔 안심 거주,강동구 둔촌동,서울시,강동구,둔촌동,100,50,14.88,1,원룸,50000,37.5279342110037,127.145765957711,https://ic.zigbang.com/ic/items/47052478/1.jpg
강동구,둔촌동,47053070,V넓은사이즈V분리형원룸V즉시입주가능V외부창고있음V,강동구 성내동,서울시,강동구,성내동,10000,60,36.13,1,원룸,30000,37.5327253544653,127.129384618614,https://ic.zigbang.com/ic/items/47053070/1.jpg
강동구,둔촌동,47053072,HUG보증보험 테라스 분리형원룸 엘베O 주차O,강동구 성내동,서울시,강동구,성내동,23200,0,24.11,4,원룸,50000,37.5313764184718,127.128189259754,https://ic.zigbang.com/ic/items/47053072/1.jpg
강동구,둔촌동,47057998,강동역3분 신축급 넓은풀옵션원룸 주차O 보증금조절O,강동구 성내동,서울시,강동구,성내동,1000,70,24,3,원룸,70000,37.5349455241623,127.130843237784,https://ic.zigbang.com/ic/items/47057998/1.jpg
강동구,둔촌동,47058399,올리모델링 분픈형 원룸ㅣ신축1년 깔끔ㅣ보증금 일부 조정가능,강동구 성내동,서울시,강동구,성내동,2000,70,26.16,3,원룸,90000,37.5313604678304,127.128523551936,https://ic.zigbang.com/ic/items/47058399/1.jpg
강동구,둔촌동,47058932,분리형 I 옥탑방 I 풀옵션 I 저렴월세,강동구 성내동,서울시,강동구,성내동,400,29,20,3,원룸,10000,37.531357819059,127.128804579391,https://ic.zigbang.com/ic/items/47058932/1.jpg
강동구,둔촌동,47061927,허그버팀목 가능ㅣ풀옵션ㅣ채광좋은 남향집,강동구 성내동,서울시,강동구,성내동,14000,23,16.74,2,원룸,70000,37.5314982301682,127.127860126164,https://ic.zigbang.com/ic/items/47061927/1.jpg
강동구,둔촌동,47066726,강동역 신축급깔끔한컨디션 분리형원룸 대출가능,강동구 성내동,서울시,강동구,성내동,5000,65,23,1,원룸,70000,37.530645246849,127.131718750396,https://ic.zigbang.com/ic/items/47066726/1.jpg
강동구,둔촌동,47066925,강동역세권  원룸 오피스텔,강동구 천호동,서울특별시,강동구,천호동,8000,0,46.28,6,오피스텔,140000,37.5366401672363,127.131385803223,https://ic.zigbang.com/ic/items/47066925/1.jpg
강동구,둔촌동,47066994,V깔끔원룸V보증금조정가능V강동역도보3분V풀옵션V,강동구 성내동,서울시,강동구,성내동,1000,70,28.66,2,원룸,70000,37.5349455241623,127.130843237784,https://ic.zigbang.com/ic/items/47066994/1.jpg
강동구,명일동,46793462,V단기임대V신축 풀옵션 분리형원룸V고덕역이용,강동구 명일동,서울시,강동구,명일동,100,80,23.14,2,원룸,50000,37.5486889753869,127.155671465824,https://ic.zigbang.com/ic/items/46793462/1.jpg
강동구,명일동,47018115,V단기임대V신축 풀옵션 분리형원룸V고덕역이용,강동구 명일동,서울시,강동구,명일동,100,85,29.75,2,원룸,50000,37.5486889753869,127.155671465824,https://ic.zigbang.com/ic/items/47018115/1.jpg
강동구,성내동,46593661,강동구청역 역세권 풀옵 신축급 넓은 원룸,강동구 성내동,서울시,강동구,성내동,210,70,14.71,2,원룸,110000,37.527523329428,127.126226403249,https://ic.zigbang.com/ic/items/46593661/1.jpg
강동구,성내동,46793642,O전입신고O 12월19일고정 분리형원룸 풀옵션 주차가능,강동구 성내동,서울특별시,강동구,성내동,1000,55,39.63,고,오피스텔,90000,37.5322484996801,127.122672661666,https://ic.zigbang.com/ic/items/46793642/1.jpg
강동구,성내동,46794149,V분리형원룸V풀옵션깔끔V보증금조정가능V,강동구 성내동,서울특별시,강동구,성내동,1000,55,39.63,5,오피스텔,90000,37.5322484996801,127.122672661666,https://ic.zigbang.com/ic/items/46794149/1.jpg
강동구,성내동,46843592,버팀목허그O 강동구청역 역세권 풀옵션 넓은 원룸,강동구 성내동,서울시,강동구,성내동,18500,15,18.41,5,원룸,120000,37.527523329428,127.126226403249,https://ic.zigbang.com/ic/items/46843592/1.jpg
강동구,성내동,46867909,강동구청역  약10분이내 해잘들어오는 남향 풀옵션 원룸,강동구 성내동,서울시,강동구,성내동,2000,50,17.16,4,원룸,100000,37.5272801078012,127.125164714129,https://ic.zigbang.com/ic/items/46867909/1.jpg
강동구,성내동,46922367,신축급 넓고 수납좋은 원룸.남향채광.즉시입주.전입됨,강동구 성내동,서울시,강동구,성내동,1000,54,16.14,4,원룸,100000,37.5272801078012,127.125164714129,https://ic.zigbang.com/ic/items/46922367/1.jpg
강동구,성내동,46943759,"ㅇ단기 풀옵션 ,빌라 원룸 ㅇ",강동구 성내동,서울시,강동구,성내동,200,50,17.48,4,원룸,50000,37.53066933204516,127.12692036257162,https://ic.zigbang.com/ic/items/46943759/1.jpg
강동구,성내동,47005123,V분리형원룸V리모델링V깔끔컨디션V빠른입주가능V강동구청,강동구 성내동,서울시,강동구,성내동,6000,0,22.83,반지하,원룸,,37.5332948631529,127.124536430458,https://ic.zigbang.com/ic/items/47005123/1.jpg
강동구,성내동,47034076,HUG청년버팀목 가능 막힘없는 채광 보증보험 100프로가능,강동구 성내동,서울특별시,강동구,성내동,19000,15,30,7,오피스텔,70000,37.5277453830869,127.126855335596,https://ic.zigbang.com/ic/items/47034076/1.jpg
강동구,성내동,47035008,ㅁ깔끔한원룸 풀옵션 주차가능ㅁ,강동구 성내동,서울시,강동구,성내동,1000,55,16.53,2,원룸,70000,37.5328352896359,127.124339935622,https://ic.zigbang.com/ic/items/47035008/1.jpg
강동구,성내동,47035340,"ㅣHUG대출,보증보험가능ㅣ에스아이팰리스ㅣ1월중순ㅣ8호선라인",강동구 성내동,서울특별시,강동구,성내동,19000,15,31.25,중,오피스텔,80000,37.5277453830869,127.126855335596,https://ic.zigbang.com/ic/items/47035340/1.jpg
강동구,성내동,47035365,O전입신고O  원룸 풀옵션 주차가능O,강동구 성내동,서울시,강동구,성내동,1000,55,19.83,2,원룸,70000,37.5328352896359,127.124339935622,https://ic.zigbang.com/ic/items/47035365/1.jpg
강동구,성내동,47044249,"HUG버팀목,각종대출,보증보험 준신축풀옵션 원룸 강동구청",강동구 성내동,서울특별시,강동구,성내동,19000,15,31.25,7,오피스텔,90000,37.5277453830869,127.126855335596,https://ic.zigbang.com/ic/items/47044249/1.jpg
강동구,성내동,47045511,유동인구 많은 위치에 7년차 풀옵션 원룸,강동구 성내동,서울시,강동구,성내동,1000,60,14.06,2,원룸,60000,37.5273588204213,127.125621894237,https://ic.zigbang.com/ic/items/47045511/1.jpg
강동구,성내동,47065092,"HUG보증보험 LH,SH,청년버팀목전세대출O 분리형원룸",강동구 성내동,서울특별시,강동구,성내동,11000,5,39.63,고,오피스텔,90000,37.5322484996801,127.122672661666,https://ic.zigbang.com/ic/items/47065092/1.jpg
강동구,암사동,46676214,V융자없는집V신축급풀옵션원룸V옷장설치V암사역8분V안전한집,강동구 천호동,서울시,강동구,천호동,2000,50,19.83,1,원룸,70000,37.5464219832086,127.131994098429,https://ic.zigbang.com/ic/items/46676214/1.jpg
강동구,암사동,46743383,신축급 분리형원룸ㅣ풀옵션ㅣ보증금 일부조정 가능,강동구 암사동,서울시,강동구,암사동,5000,60,23.14,2,원룸,70000,37.5478069626603,127.134024964494,https://ic.zigbang.com/ic/items/46743383/1.jpg
강동구,암사동,46757359,암사역 도보 3분 준신축급 풀옵션원룸 전세보증보험 주차가능,강동구 암사동,서울시,강동구,암사동,9000,20,14.45,4,원룸,99000,37.5508164124075,127.128323830317,https://ic.zigbang.com/ic/items/46757359/1.jpg
강동구,암사동,46835647,암사역세권 조용한 옥탑방 풀옵션,강동구 암사동,서울시,강동구,암사동,300,45,18,6,원룸,40000,37.5514309664525,127.12725681181,https://ic.zigbang.com/ic/items/46835647/1.jpg
강동구,암사동,46878113,채광좋고 전망 좋은  풀옵션 분리형원룸,강동구 암사동,서울시,강동구,암사동,3000,54,20.26,5,원룸,320000,37.5549618405525,127.134293094369,https://ic.zigbang.com/ic/items/46878113/1.jpg
강동구,암사동,46895690,깔끔한 신축급 풀옵션 분리형원룸,강동구 암사동,서울시,강동구,암사동,5000,60,24.7,2,원룸,70000,37.5478069626603,127.134024964494,https://ic.zigbang.com/ic/items/46895690/1.jpg
강동구,암사동,46906240,V암사역주변V신축급풀옵션원룸V넓은방공간V대형옷장설치V좋은집,강동구 천호동,서울시,강동구,천호동,5000,45,19.83,1,원룸,80000,37.5466030752278,127.127741981433,https://ic.zigbang.com/ic/items/46906240/1.jpg
강동구,암사동,46911074,V단기임대 V깔끔한 풀옵션 원룸V암사역3분,강동구 천호동,서울시,강동구,천호동,65,65,19.83,3,원룸,50000,37.5486612711907,127.127282543835,https://ic.zigbang.com/ic/items/46911074/1.jpg
강동구,암사동,46920448,"암사역 도보 5분, 컨디션 최상, 화이트톤 인테리어",강동구 천호동,서울시,강동구,천호동,5500,60,24,3,원룸,80000,37.547542984827,127.131770431361,https://ic.zigbang.com/ic/items/46920448/1.jpg
강동구,암사동,46942594,암사역세권 풀옵션원룸,강동구 천호동,서울시,강동구,천호동,2000,28,20.25,5,원룸,90000,37.5467157211685,127.127305262571,https://ic.zigbang.com/ic/items/46942594/1.jpg
강동구,암사동,46975601,"암사역 도보1분,  단기방,풀옵션",강동구 천호동,서울시,강동구,천호동,65,65,23.14,3,원룸,60000,37.54866010124352,127.127281297053,https://ic.zigbang.com/ic/items/46975601/1.jpg
강동구,암사동,46977494,신축급 원룸 풀옵션 월세 주차가 암사역3분,강동구 암사동,서울시,강동구,암사동,500,60,17.64,2,원룸,70000,37.5484486531257,127.126174885232,https://ic.zigbang.com/ic/items/46977494/1.jpg
강동구,암사동,46995221,"암사역세권 오픈형원룸, 풀옵션, 바로입주",강동구 암사동,서울시,강동구,암사동,1000,60,19,2,원룸,40000,37.5514309664525,127.12725681181,https://ic.zigbang.com/ic/items/46995221/1.jpg
강동구,암사동,47000191,ㅡ실10평ㅡ풀옵션ㅡ넓은분리형원룸ㅡ세탁실별도ㅡ트인뷰ㅡ역세권ㅡ,강동구 암사동,서울시,강동구,암사동,3000,75,32,2,원룸,50000,37.5545057036139,127.133305530447,https://ic.zigbang.com/ic/items/47000191/1.jpg
강동구,암사동,47001388,올수리된 다가구주택 분리형 원룸 풀옵션 월세,강동구 암사동,서울시,강동구,암사동,300,38,23.14,반지하,원룸,,37.553036829746816,127.1324854898307,https://ic.zigbang.com/ic/items/47001388/1.jpg
강동구,암사동,47006666,암사역 도보5분 반지하 방1화1  공실,강동구 천호동,서울시,강동구,천호동,300,25,21,반지하,원룸,,37.5483271071638,127.130812759357,https://ic.zigbang.com/ic/items/47006666/1.jpg
강동구,암사동,47009273,암사역도보7분 공간넓은집 원룸 공실,강동구 천호동,서울시,강동구,천호동,300,40,24,반지하,원룸,,37.5474205581982,127.129390436951,https://ic.zigbang.com/ic/items/47009273/1.jpg
강동구,암사동,47013238,암사역 도보6분 단독주택수리됨 풀옵션,강동구 암사동,서울시,강동구,암사동,1000,60,35,1,원룸,,37.5501417361946,127.131929363649,https://ic.zigbang.com/ic/items/47013238/1.jpg
강동구,암사동,47027327,다세대 필로티빌라 4층 풀옵션원룸 주차가능,강동구 암사동,서울시,강동구,암사동,2000,50,21.25,4,원룸,50000,37.5479117130125,127.133977058243,https://ic.zigbang.com/ic/items/47027327/1.jpg
강동구,암사동,47029532,"암사역 도보 6분, 신축급 분리형 원룸, 컨디션 GOOD",강동구 암사동,서울시,강동구,암사동,5000,60,24,1,원룸,70000,37.5478069626603,127.134024964494,https://ic.zigbang.com/ic/items/47029532/1.jpg
강동구,암사동,47034195,올수리된 단독주택 원룸원거실풀옵션 월세 암사역도보3분,강동구 암사동,서울시,강동구,암사동,1000,50,24,2,원룸,50000,37.5490800146111,127.126229136394,https://ic.zigbang.com/ic/items/47034195/1.jpg
강동구,암사동,47034396,입주빠른 풀옵션 원룸,강동구 암사동,서울시,강동구,암사동,1000,55,19.83,2,원룸,50000,37.5535989556341,127.130468315638,https://ic.zigbang.com/ic/items/47034396/1.jpg
강동구,암사동,47035186,일반대출 보증보험 암사역세권 도로변 전용 넓은 원룸,강동구 천호동,서울특별시,강동구,천호동,16275,0,22,4,오피스텔,65000,37.5463340593213,127.126465762091,https://ic.zigbang.com/ic/items/47035186/1.jpg
강동구,암사동,47041050,HUG보증보험 일반전세대출 대로변 채광짱  원룸 풀옵션,강동구 천호동,서울특별시,강동구,천호동,16275,0,28.16,고,오피스텔,65000,37.5463340593213,127.126465762091,https://ic.zigbang.com/ic/items/47041050/1.jpg
강동구,암사동,47042637,"1천에55부터,2천에50가능 다세대4층 풀옵션원룸.주차가능",강동구 암사동,서울시,강동구,암사동,2000,50,21.25,4,원룸,30000,37.5479117130125,127.133977058243,https://ic.zigbang.com/ic/items/47042637/1.jpg
강동구,암사동,47049998,주방과 분리처럼 방 넓게 잘빠져있는 집,강동구 암사동,서울시,강동구,암사동,3000,47,27.97,3,원룸,150000,37.549859367138,127.126911589853,https://ic.zigbang.com/ic/items/47049998/1.jpg
강동구,암사동,47051474,주차 가능 I 준신축 I 암사역 초역세권 I 풀옵션 원룸,강동구 암사동,서울시,강동구,암사동,500,65,17.94,2,원룸,40000,37.5514309664525,127.12725681181,https://ic.zigbang.com/ic/items/47051474/1.jpg
강동구,암사동,47058235,신축1년차풀옵션원룸.암사역5분.천호역10분,강동구 천호동,서울시,강동구,천호동,5000,45,17.55,1,원룸,70000,37.5466030752278,127.127741981433,https://ic.zigbang.com/ic/items/47058235/1.jpg
강동구,암사동,47058260,"일반대출 및 보증보험 가능, 전용7평. 암사역세권.",강동구 천호동,서울특별시,강동구,천호동,16275,0,28.16,6,오피스텔,65000,37.5463340593213,127.126465762091,https://ic.zigbang.com/ic/items/47058260/1.jpg
강동구,암사동,47059852,ㅣ일반대출보증보험가능ㅣ유한빌딩ㅣ신축급풀옵션넓은원룸ㅣ천호공원,강동구 천호동,서울특별시,강동구,천호동,16275,0,28.16,고,오피스텔,65000,37.5463340593213,127.126465762091,https://ic.zigbang.com/ic/items/47059852/1.jpg
강동구,암사동,47065034,"천호 암사역 인근,신축원룸월세입니다.",강동구 천호동,서울시,강동구,천호동,5000,45,17.11,1,원룸,70000,37.5466030752278,127.127741981433,https://ic.zigbang.com/ic/items/47065034/1.jpg
강동구,암사동,47065527,암사역세권 신축급 분리형 풀옵션원룸전세대출가능,강동구 천호동,서울시,강동구,천호동,15400,0,24.74,3,원룸,99000,37.5465314660371,127.127556616636,https://ic.zigbang.com/ic/items/47065527/1.jpg
강동구,천호동,46555007,V암사역도보8분V신축급풀옵션원룸V최상룸컨디션V팬트리설치됨,강동구 천호동,서울시,강동구,천호동,5000,40,19.83,4,원룸,90000,37.5459144646461,127.131578023689,https://ic.zigbang.com/ic/items/46555007/1.jpg
강동구,천호동,46563314,V융자없는집V신축급풀옵션원룸V대출가능V강동역7분V채광좋은집,강동구 천호동,서울시,강동구,천호동,10000,0,19.83,4,원룸,60000,37.5413678083451,127.133775252503,https://ic.zigbang.com/ic/items/46563314/1.jpg
강동구,천호동,46626066,최우선변제0.역8분.신축급 넓은 원룸..채광굿.내부컨디션굿,강동구 천호동,서울시,강동구,천호동,5000,40,19.83,4,원룸,90000,37.5459144646461,127.131578023689,https://ic.zigbang.com/ic/items/46626066/1.jpg
강동구,천호동,46793340,조용한 주택가 가격좋은 풀옵션원룸,강동구 천호동,서울시,강동구,천호동,2000,32,17.17,2,원룸,70000,37.5458508497632,127.13174357632,https://ic.zigbang.com/ic/items/46793340/1.jpg
강동구,천호동,46793974,V융자무V신축급풀옵션원룸V강동역7분V대출가능V최상의룸컨디션,강동구 천호동,서울시,강동구,천호동,5000,35,19.83,4,원룸,60000,37.5413678083451,127.133775252503,https://ic.zigbang.com/ic/items/46793974/1.jpg
강동구,천호동,46795670,V강동역세권V융자없는신축급풀옵션원룸V저렴한전세가V최상컨디션,강동구 천호동,서울시,강동구,천호동,9000,0,17,5,원룸,60000,37.5413678083451,127.133775252503,https://ic.zigbang.com/ic/items/46795670/1.jpg
강동구,천호동,46847542,o천호역o보증보험o신축급 풀옵션 원룸o,강동구 천호동,서울시,강동구,천호동,11500,0,16.53,4,원룸,80000,37.5435910045669,127.13089772374,https://ic.zigbang.com/ic/items/46847542/1.jpg
강동구,천호동,46858176,"지상 분리형원룸, 세탁실구조",강동구 천호동,서울시,강동구,천호동,500,30,25,1,원룸,,37.5427871977412,127.130758270346,https://ic.zigbang.com/ic/items/46858176/1.jpg
강동구,천호동,46946858,풀옵션 원룸 월세 빠른입주가능,강동구 천호동,서울시,강동구,천호동,1000,45,20.02,1,원룸,,37.5455324350151,127.131340851403,https://ic.zigbang.com/ic/items/46946858/1.jpg
강동구,천호동,47026633,신축급 풀옵션 원룸,강동구 천호동,서울시,강동구,천호동,5000,40,23.14,4,원룸,80000,37.5459144646461,127.131578023689,https://ic.zigbang.com/ic/items/47026633/1.jpg
강동구,천호동,47027653,신축5년차 원룸 풀옵션 전입신고 확정일자가능한집,강동구 천호동,서울시,강동구,천호동,4000,35,23.1,3,원룸,60000,37.5416176264004,127.133959797759,https://ic.zigbang.com/ic/items/47027653/1.jpg
강동구,천호동,47066721,"l LH,SH l 올수리 l 빠른입주가능 l 풀옵션 l",강동구 천호동,서울시,강동구,천호동,12000,0,29.75,반지하,원룸,,37.5436270765967,127.130787460282,https://ic.zigbang.com/ic/items/47066721/1.jpg
