﻿search_gu,search_dong,item_id,title,address,local1,local2,local3,deposit,rent,size_m2,floor,service_type,manage_cost,lat,lng,thumbnail
금천구,가산동,46758707,"ㅇ단기가능ㅇ 1,7호선 가디역 도보 10분, 대로변 신축",금천구 가산동,서울시,금천구,가산동,80,72,20.08,17,원룸,80000,37.4708748694891,126.883805969109,https://ic.zigbang.com/ic/items/46758707/1.jpg
금천구,가산동,46816632,깔끔한 풀옵션 오피스텔형 기숙사 임대 가산디지털단지,금천구 가산동,서울시,금천구,가산동,500,60,21.23,12,원룸,70000,37.4723348896328,126.884105207709,https://ic.zigbang.com/ic/items/46816632/1.jpg
금천구,가산동,46816813,"신축급, 막힘 없는 뷰,풀옵션 복층,내부 깨끗,",금천구 가산동,서울시,금천구,가산동,500,70,23.69,19,원룸,70000,37.4708748694891,126.883805969109,https://ic.zigbang.com/ic/items/46816813/1.jpg
금천구,가산동,46816824,"풀옵션 오피스텔형 원룸,베란다 있음,신축급",금천구 가산동,서울시,금천구,가산동,1000,50,21.22,13,원룸,70000,37.4723348896328,126.884105207709,https://ic.zigbang.com/ic/items/46816824/1.jpg
금천구,가산동,46854349,채광까지 완비된 우리동네 특급방 등장,금천구 독산동,서울시,금천구,독산동,300,35,17.6,4,원룸,40000,37.4691229459877,126.901241951999,https://ic.zigbang.com/ic/items/46854349/1.jpg
금천구,가산동,46867031,"부가세 없음,즉시 입주가능,큰룸,내부 넓음,주차장 편리",금천구 가산동,서울시,금천구,가산동,1000,78,29.82,13,원룸,80000,37.4723348896328,126.884105207709,https://ic.zigbang.com/ic/items/46867031/1.jpg
금천구,가산동,46879452,"컨디션 최강 신축 복층 놓치면 후회하는 집, 전동 블라인더",금천구 가산동,서울시,금천구,가산동,500,70,23.69,18,원룸,80000,37.4708748694891,126.883805969109,https://ic.zigbang.com/ic/items/46879452/1.jpg
금천구,가산동,46901829,I마지막 세대I독산역 역세권 가성비 최고I매월 소독관리I,금천구 독산동,서울시,금천구,독산동,6500,0,21.5,3,원룸,80000,37.4677855891751,126.891889905363,https://ic.zigbang.com/ic/items/46901829/1.jpg
금천구,가산동,46903595,독산역세권 풀옵션1.5룸 신축급컨디션 대출가능 관리비무료,금천구 독산동,서울시,금천구,독산동,11000,0,20,8,원룸,1,37.4678590268536,126.892885126798,https://ic.zigbang.com/ic/items/46903595/1.jpg
금천구,가산동,46903744,독산역세권 풀옵션 원룸 21년식 깔끔함 대로변 전세가능,금천구 독산동,서울시,금천구,독산동,4000,35,18,6,원룸,110000,37.467969758844,126.89308166067,https://ic.zigbang.com/ic/items/46903744/1.jpg
금천구,가산동,46908045,전입가능 입주협의가능 편의시설완벽 대로변,금천구 독산동,서울특별시,금천구,독산동,2000,60,24,중,오피스텔,75000,37.4679081,126.896865,https://ic.zigbang.com/ic/items/46908045/1.jpg
금천구,가산동,46931740,독산역 초역세권 풀옵션 분리형원룸 전세.절대강추,금천구 독산동,서울시,금천구,독산동,6500,0,18,2,원룸,80000,37.4677855891751,126.891889905363,https://ic.zigbang.com/ic/items/46931740/1.jpg
금천구,가산동,46933709,"역세권1.5룸,hug,hf,LH,SH각종대출,전액보증보험",금천구 독산동,서울특별시,금천구,독산동,20800,4,29.21,9,오피스텔,95000,37.4689262697818,126.888784448175,https://ic.zigbang.com/ic/items/46933709/1.jpg
금천구,가산동,46937851,가디역 역세권 신축급 컨디션좋은 인기매물,금천구 가산동,서울시,금천구,가산동,1000,50,21.23,11,원룸,60000,37.4723348896328,126.884105207709,https://ic.zigbang.com/ic/items/46937851/1.jpg
금천구,가산동,46941344,"독산역3분,보증금조절가능합니다.",금천구 독산동,서울시,금천구,독산동,2000,30,19.9,2,원룸,80000,37.4677855891751,126.891889905363,https://ic.zigbang.com/ic/items/46941344/1.jpg
금천구,가산동,46959789,정남향 깔끔한 화이트톤 위치좋아요,금천구 독산동,서울시,금천구,독산동,500,42,19.83,2,원룸,70000,37.467968318031,126.903003071924,https://ic.zigbang.com/ic/items/46959789/1.jpg
금천구,가산동,46992007,YPP아르센타워기숙사 풀옵션 복층 통창 베란다확장형 대출x,금천구 가산동,서울시,금천구,가산동,1000,75,23.7,18,원룸,86000,37.4708748694891,126.883805969109,https://ic.zigbang.com/ic/items/46992007/1.jpg
금천구,가산동,47001184,"금액다운 최저,독산역3분거리 컨디션좋아요 최저가.",금천구 독산동,서울시,금천구,독산동,500,27,19.83,3,원룸,100000,37.4678788189973,126.892257380972,https://ic.zigbang.com/ic/items/47001184/1.jpg
금천구,가산동,47004700,독산동 5분이내 가성비 최고 원룸,금천구 독산동,서울시,금천구,독산동,300,38,20.17,3,원룸,110000,37.4692764240472,126.888520538616,https://ic.zigbang.com/ic/items/47004700/1.jpg
금천구,가산동,47004706,"독산역 역세권 도보5분거리, 넓고 깔끔 원룸",금천구 독산동,서울시,금천구,독산동,1000,35,20.16,3,원룸,110000,37.4692764240472,126.888520538616,https://ic.zigbang.com/ic/items/47004706/1.jpg
금천구,가산동,47005159,ꕥ 강력추천 ꕥ 채광 좋고 가성비 좋은 신축,금천구 가산동,서울시,금천구,가산동,500,60,21.23,13,원룸,60000,37.4723348896328,126.884105207709,https://ic.zigbang.com/ic/items/47005159/1.jpg
금천구,가산동,47005675,ꕤ리모델링ꕤ깔끔한 원룸의 정석ꕤ,금천구 독산동,서울시,금천구,독산동,100,29,16.53,3,원룸,70000,37.468208945171,126.899301663721,https://ic.zigbang.com/ic/items/47005675/1.jpg
금천구,가산동,47011978,독산역 5분 가성비 최고 화이트톤 오픈형 원룸,금천구 독산동,서울시,금천구,독산동,200,38,19.8,4,원룸,80000,37.4678007565791,126.893911735692,https://ic.zigbang.com/ic/items/47011978/1.jpg
금천구,가산동,47024270,전입불가 신축급OP 건조기옵션 대로변 편의시설완벽,금천구 독산동,서울특별시,금천구,독산동,500,65,24,고,오피스텔,130000,37.4679081,126.896865,https://ic.zigbang.com/ic/items/47024270/1.jpg
금천구,가산동,47027522,독산역세권 대로변 1.5룸 사이즈좋은 복층입니다.,금천구 독산동,서울시,금천구,독산동,500,131,28.4,7,원룸,170000,37.4682199380858,126.889040516592,https://ic.zigbang.com/ic/items/47027522/1.jpg
금천구,가산동,47033617,ꕤ 신축급 컨디션 ꕤ 화이트톤 ꕤ 역세권 ꕤ 풀옵션 원룸,금천구 독산동,서울시,금천구,독산동,100,40,19.83,3,원룸,90000,37.4679093298434,126.893312916008,https://ic.zigbang.com/ic/items/47033617/1.jpg
금천구,가산동,47035817,ꕤ 공과금 추가 없음 ꕤ 올포함 원룸 ꕤ 풀옵션 ꕤ,금천구 독산동,서울시,금천구,독산동,100,35,19.83,4,원룸,150000,37.4678932662693,126.893484309276,https://ic.zigbang.com/ic/items/47035817/1.jpg
금천구,가산동,47043203,"주차비 무료인 채광,통풍 아주 좋은 원룸  소개합니다",금천구 독산동,서울시,금천구,독산동,300,35,18.33,4,원룸,40000,37.4692145986802,126.90126579658,https://ic.zigbang.com/ic/items/47043203/1.jpg
금천구,가산동,47044896,"독산역5분거리, 주방이 넓은 인기만점 원룸",금천구 독산동,서울시,금천구,독산동,300,39,19.9,2,원룸,80000,37.4677855891751,126.891889905363,https://ic.zigbang.com/ic/items/47044896/1.jpg
금천구,가산동,47044903,독산역5분거리 화이트톤 인기만점 원룸,금천구 독산동,서울시,금천구,독산동,2000,25,19.9,2,원룸,120000,37.4681840032816,126.891974451961,https://ic.zigbang.com/ic/items/47044903/1.jpg
금천구,가산동,47047916,ꕤ 채광보장 ꕤ 이보다 좋을 순 없어요,금천구 독산동,서울시,금천구,독산동,100,32,19.83,4,원룸,100000,37.467994109801,126.893807351385,https://ic.zigbang.com/ic/items/47047916/1.jpg
금천구,가산동,47054562,초역세권 투룸크기1.5룸 고층트인뷰 남향 HUG버팀목,금천구 독산동,서울특별시,금천구,독산동,25000,0,42.54,5,오피스텔,80000,37.4694795,126.889471,https://ic.zigbang.com/ic/items/47054562/1.jpg
금천구,가산동,47055655,독산역 도보 3분거리 분리형 원룸,금천구 독산동,서울시,금천구,독산동,5000,0,19.83,5,원룸,80000,37.4679152247808,126.891868240848,https://ic.zigbang.com/ic/items/47055655/1.jpg
금천구,가산동,47055660,리모델링 깔끔한집. 독산역3분거리,금천구 독산동,서울시,금천구,독산동,4500,0,20.5,4,원룸,110000,37.4682216086855,126.892109482657,https://ic.zigbang.com/ic/items/47055660/1.jpg
금천구,가산동,47061562,ꕤ 치안 좋은 대단지 ꕤ 초역세권 ꕤ 풀옵션 원룸 ꕤ,금천구 독산동,서울시,금천구,독산동,100,43,19.83,7,원룸,100000,37.4679562625106,126.892012422413,https://ic.zigbang.com/ic/items/47061562/1.jpg
금천구,가산동,47064783,위치 최강 단기 원룸,금천구 독산동,서울시,금천구,독산동,65,50,22,5,원룸,150000,37.4694265007785,126.894370881774,https://ic.zigbang.com/ic/items/47064783/1.jpg
금천구,가산동,47064808,안전한거리 깔끔한 1.5룸,금천구 독산동,서울시,금천구,독산동,12000,0,26,6,원룸,0,37.4678590268536,126.892885126798,https://ic.zigbang.com/ic/items/47064808/1.jpg
금천구,가산동,47064814,1호선 역세권 애완동물 가능,금천구 독산동,서울시,금천구,독산동,4000,5,22,3,원룸,110000,37.4681840032816,126.891974451961,https://ic.zigbang.com/ic/items/47064814/1.jpg
금천구,가산동,47064967,"마음까지확트인 예쁜전망, 대출가능,보증X, 저렴한전세",금천구 독산동,서울시,금천구,독산동,10000,0,16.34,9,원룸,100000,37.467969758844,126.89308166067,https://ic.zigbang.com/ic/items/47064967/1.jpg
금천구,가산동,47065015,모든대출가능 역세권 큰길가 신축급 1.5룸,금천구 독산동,서울특별시,금천구,독산동,20800,4,29,9,오피스텔,95000,37.4689262697818,126.888784448175,https://ic.zigbang.com/ic/items/47065015/1.jpg
금천구,가산동,47066356,독산역도보5분 채광굿 신축,금천구 독산동,서울시,금천구,독산동,1000,45,19.83,5,원룸,80000,37.467969758844,126.89308166067,https://ic.zigbang.com/ic/items/47066356/1.jpg
금천구,가산동,47066368,신축 위치 최고 채광최고 가성비 끝판왕 공간분리 완벽,금천구 가산동,서울시,금천구,가산동,500,63,21.33,12,원룸,60000,37.4723348896328,126.884105207709,https://ic.zigbang.com/ic/items/47066368/1.jpg
금천구,가산동,47066435,"특급매물,독산역도보2분,풀옵션,최저가",금천구 독산동,서울시,금천구,독산동,500,29,16.53,3,원룸,90000,37.4678788189973,126.892257380972,https://ic.zigbang.com/ic/items/47066435/1.jpg
금천구,독산동,46680808,시흥동 금천구청 3분거리 출퇴근 좋은 오픈형 원룸,금천구 시흥동,서울시,금천구,시흥동,500,45,23.14,4,원룸,30000,37.4554847082472,126.896931464455,https://ic.zigbang.com/ic/items/46680808/1.jpg
금천구,독산동,46790879,"독산동 no1 신축급 채광, 컨디션 good",금천구 독산동,서울특별시,금천구,독산동,500,60,29.09,6,오피스텔,70000,37.4645015127453,126.894300268083,https://ic.zigbang.com/ic/items/46790879/1.jpg
금천구,독산동,46817152,HUG버팀목 투룸 신축오피스텔 역세권,금천구 독산동,서울특별시,금천구,독산동,24000,0,43.75,9,오피스텔,90000,37.4645015127453,126.894300268083,https://ic.zigbang.com/ic/items/46817152/1.jpg
금천구,독산동,46880756,초역세권ㅣ귀한 월세 매물,금천구 독산동,서울특별시,금천구,독산동,5000,90,41.41,중,오피스텔,70000,37.4647023,126.892287,https://ic.zigbang.com/ic/items/46880756/1.jpg
금천구,독산동,46910278,전입가능 단지형 풀옵션투룸,금천구 독산동,서울특별시,금천구,독산동,4000,100,41.68,4,오피스텔,100000,37.4644056996331,126.893058929277,https://ic.zigbang.com/ic/items/46910278/1.jpg
금천구,독산동,46916754,전용면적 18.5평 임대료가 저렴한 원룸 오피스텔,광명시 소하동,경기도,광명시,소하동,2000,70,120.13,10,오피스텔,252000,37.44840240478516,126.88330841064452,https://ic.zigbang.com/ic/items/46916754/1.jpg
금천구,독산동,46944139,V대로변에 파출소옆V치안좋아요 v독산역 10분V신축V,금천구 독산동,서울특별시,금천구,독산동,1000,55,26.45,6,오피스텔,80000,37.4645015127453,126.894300268083,https://ic.zigbang.com/ic/items/46944139/1.jpg
금천구,독산동,46970816,ꕤ독산역세권ꕤ가성비원룸ꕤ,금천구 독산동,서울시,금천구,독산동,100,28,16,1,원룸,120000,37.4648488068551,126.895464395302,https://ic.zigbang.com/ic/items/46970816/1.jpg
금천구,독산동,46984376,"초역세권 투룸,hug,hf,각종대출,전액보증보험ok",금천구 독산동,서울특별시,금천구,독산동,23800,0,40.05,11,오피스텔,80000,37.4647023,126.892287,https://ic.zigbang.com/ic/items/46984376/1.jpg
금천구,독산동,46999221,독산역 도보5분 신축급 풀옵션 투룸 hug가능 보증보험가능,금천구 독산동,서울특별시,금천구,독산동,25000,0,30.51,고,오피스텔,70000,37.4647023,126.892287,https://ic.zigbang.com/ic/items/46999221/1.jpg
금천구,독산동,47005179,PICK 11월확인0 채광좋은 역세권 오피스텔,금천구 독산동,서울특별시,금천구,독산동,1000,55,29.08,6,오피스텔,70000,37.4645015127453,126.894300268083,https://ic.zigbang.com/ic/items/47005179/1.jpg
금천구,독산동,47016489,1호선코앞 해가 잘들고 넓은 최고 원룸,금천구 시흥동,서울시,금천구,시흥동,500,39,22,4,원룸,50000,37.4554847082472,126.896931464455,https://ic.zigbang.com/ic/items/47016489/1.jpg
금천구,독산동,47043010,"대형단지, 인프라 굿",금천구 독산동,서울특별시,금천구,독산동,1000,75,53.02,중,오피스텔,90000,37.4609901,126.896264,https://ic.zigbang.com/ic/items/47043010/1.jpg
금천구,독산동,47050643,즉시 입주 가능하며 창문이 이중창 보온이 잘되는 집,광명시 소하동,경기도,광명시,소하동,8000,10,49.21,고,오피스텔,130000,37.4484672546387,126.884056091309,https://ic.zigbang.com/ic/items/47050643/1.jpg
금천구,독산동,47052646,업무용 오피스텔입니다,광명시 소하동,경기도,광명시,소하동,1000,60,94.73,8,오피스텔,150000,37.44840240478516,126.88330841064452,https://ic.zigbang.com/ic/items/47052646/1.jpg
금천구,독산동,47056325,클릭 휴리움 투룸 귀한 월세 선착순,금천구 독산동,서울특별시,금천구,독산동,4000,100,48.16,6,오피스텔,130000,37.4645015127453,126.894300268083,https://ic.zigbang.com/ic/items/47056325/1.jpg
금천구,독산동,47064603,"HUG청년버팀목,보증보험,고층뷰,하늘뷰,독산역,신축급풀옵션",금천구 독산동,서울특별시,금천구,독산동,23800,0,40.05,11,오피스텔,80000,37.4647023,126.892287,https://ic.zigbang.com/ic/items/47064603/1.jpg
금천구,독산동,47064948,준신축급 건물로 깨끗하며 교통이 편 하고  조용하고 안전함,금천구 독산동,서울시,금천구,독산동,4000,40,17.5,8,원룸,90000,37.464822907317,126.893601814839,https://ic.zigbang.com/ic/items/47064948/1.jpg
금천구,시흥동,46465736,시흥사거리 방1거실 욕실 분리형 1.5룸월세에요,금천구 시흥동,서울특별시,금천구,시흥동,1000,90,40,8,오피스텔,50000,37.453398580197,126.900276536015,https://ic.zigbang.com/ic/items/46465736/1.jpg
금천구,시흥동,46624254,시흥동 법일운수 옆 풀옵션 최저가 원룸,금천구 시흥동,서울시,금천구,시흥동,300,35,17,3,원룸,50000,37.4503112359251,126.91108665157,https://ic.zigbang.com/ic/items/46624254/1.jpg
금천구,시흥동,46659842,시흥동 초초초 가성비 풀옵션 원룸 즉시 입주 가능,금천구 시흥동,서울시,금천구,시흥동,100,32,16.52,2,원룸,10000,37.4532307119954,126.902205995334,https://ic.zigbang.com/ic/items/46659842/1.jpg
금천구,시흥동,46768486,위치 대박좋은 금액대 최고 방,금천구 시흥동,서울시,금천구,시흥동,300,45,16.52,4,원룸,60000,37.4562620522088,126.900554163033,https://ic.zigbang.com/ic/items/46768486/1.jpg
금천구,시흥동,46829680,"최우선변제 5천까지 가능,보증금 증액ok",금천구 시흥동,서울시,금천구,시흥동,3000,30,24.6,1,원룸,100000,37.4528418963102,126.913493889662,https://ic.zigbang.com/ic/items/46829680/1.jpg
금천구,시흥동,46878463,"즉시입주,전입신고,주차무료",금천구 시흥동,서울특별시,금천구,시흥동,2000,78,38,18,오피스텔,95000,37.4538049,126.900443,https://ic.zigbang.com/ic/items/46878463/1.jpg
금천구,시흥동,46896741,초저렴 1.5룸 HUG버팀목가능 보증보험가능,금천구 시흥동,서울특별시,금천구,시흥동,16800,0,34.66,고,오피스텔,80000,37.4543434015456,126.897872459459,https://ic.zigbang.com/ic/items/46896741/1.jpg
금천구,시흥동,46901019,ㅁ전입가능ㅁ양창구조ㅁ신축복층ㅁ건조기옵션,금천구 시흥동,서울특별시,금천구,시흥동,1000,87,27.54,8,오피스텔,85000,37.452945919331,126.902554463705,https://ic.zigbang.com/ic/items/46901019/1.jpg
금천구,시흥동,46913918,허그버팀목전세보증보험가입되고 버팀목전세대출됨,금천구 시흥동,서울특별시,금천구,시흥동,10200,20,29.75,10,오피스텔,80000,37.4540289982069,126.89824393267,https://ic.zigbang.com/ic/items/46913918/1.jpg
금천구,시흥동,46919729,ꕤ 시흥동 최저가 ꕤ,금천구 시흥동,서울시,금천구,시흥동,100,28,16,2,원룸,80000,37.4558197572283,126.905397785142,https://ic.zigbang.com/ic/items/46919729/1.jpg
금천구,시흥동,46932623,각종 전세대출 보증보험 가입 가능한 복층형 풀옵션 매물,금천구 시흥동,서울특별시,금천구,시흥동,19500,0,27.54,고,오피스텔,80000,37.452945919331,126.902554463705,https://ic.zigbang.com/ic/items/46932623/1.jpg
금천구,시흥동,46957594,초역세권 오피스텔  급매물,금천구 시흥동,서울특별시,금천구,시흥동,500,55,38.18,중,오피스텔,70000,37.45493,126.8987,https://ic.zigbang.com/ic/items/46957594/1.jpg
금천구,시흥동,46959904,홈플러스앞 신축 끝내주는 풀옵션원룸,금천구 시흥동,서울시,금천구,시흥동,300,40,19.83,2,원룸,80000,37.4530002237486,126.903069871906,https://ic.zigbang.com/ic/items/46959904/1.jpg
금천구,시흥동,46961709,각종대출 보증보험 가능한 유일한매물. 딱 1세대 풀옵션,금천구 시흥동,서울특별시,금천구,시흥동,9000,0,31.1,중,오피스텔,70000,37.45353,126.9023,https://ic.zigbang.com/ic/items/46961709/1.jpg
금천구,시흥동,46972439,허그전세보증보험가입되고 버팀목대출 카뱅 은행전세대출 되어요,금천구 시흥동,서울특별시,금천구,시흥동,14000,0,20,16,오피스텔,100000,37.4542703578097,126.900119636067,https://ic.zigbang.com/ic/items/46972439/1.jpg
금천구,시흥동,46990020,입주협의 가능한 컨디션 좋은 월세에요,금천구 시흥동,서울특별시,금천구,시흥동,1000,60,26.45,12,오피스텔,100000,37.4542703578097,126.900119636067,https://ic.zigbang.com/ic/items/46990020/1.jpg
금천구,시흥동,46998363,"LH,HUG버팀목 보험100",금천구 시흥동,서울특별시,금천구,시흥동,12000,18,35.05,5,오피스텔,80000,37.4540289982069,126.89824393267,https://ic.zigbang.com/ic/items/46998363/1.jpg
금천구,시흥동,46998783,"펫가능,1.5룸,전입신고,주차1대무료",금천구 시흥동,서울특별시,금천구,시흥동,3000,115,51,11,오피스텔,130000,37.4538049,126.900443,https://ic.zigbang.com/ic/items/46998783/1.jpg
금천구,시흥동,46998846,시흥동  풀옵션투룸  단기방,금천구 시흥동,서울시,금천구,시흥동,30,100,29.81,2,원룸,50000,37.4573397468097,126.905037806337,https://ic.zigbang.com/ic/items/46998846/1.jpg
금천구,시흥동,46998903,"LH전세 ,허그보증보험 가입 가능 풀옵션 오피스텔 올전세",금천구 시흥동,서울특별시,금천구,시흥동,17000,0,27,10,오피스텔,100000,37.452945919331,126.902554463705,https://ic.zigbang.com/ic/items/46998903/1.jpg
금천구,시흥동,47005514,금천구청역 이용가능 단기가능 깔끔한 투룸,금천구 시흥동,서울시,금천구,시흥동,30,100,29.81,2,원룸,50000,37.4573397468097,126.905037806337,https://ic.zigbang.com/ic/items/47005514/1.jpg
금천구,시흥동,47007867,"펫가능,전입신고,주차1대무료",금천구 시흥동,서울특별시,금천구,시흥동,2000,69,33.21,12,오피스텔,95000,37.4538049,126.900443,https://ic.zigbang.com/ic/items/47007867/1.jpg
금천구,시흥동,47016423,금천구청역 빠른입주 고층 큰원룸 최신 오피스텔 넓어요,금천구 시흥동,서울특별시,금천구,시흥동,2000,69,33.2,중,오피스텔,75000,37.4538049,126.900443,https://ic.zigbang.com/ic/items/47016423/1.jpg
금천구,시흥동,47028462,hug버팀목 보증보험100 실6.5평ll금청구청역5분l,금천구 시흥동,서울특별시,금천구,시흥동,12000,18,29.42,5,오피스텔,80000,37.4540289982069,126.89824393267,https://ic.zigbang.com/ic/items/47028462/1.jpg
금천구,시흥동,47033684,시흥사거리.중기청버팀목대출.신축급.화이트톤.가성비甲월세방,금천구 시흥동,서울시,금천구,시흥동,3000,20,21.49,2,원룸,100000,37.4528418963102,126.913493889662,https://ic.zigbang.com/ic/items/47033684/1.jpg
금천구,시흥동,47034549,LH SH 보증보험100 HUG버팀목v 주거 용O.P v,금천구 시흥동,서울특별시,금천구,시흥동,8000,0,28.35,중,오피스텔,150000,37.45405197143555,126.8983383178711,https://ic.zigbang.com/ic/items/47034549/1.jpg
금천구,시흥동,47046621,"LH,SH,HUG버팀목,보험100",금천구 시흥동,서울특별시,금천구,시흥동,11900,12,27.34,5,오피스텔,80000,37.4540289982069,126.89824393267,https://ic.zigbang.com/ic/items/47046621/1.jpg
금천구,시흥동,47048467,HUG버팀목 보증보험 초역세권 신축급투룸 관악산뷰,금천구 시흥동,서울특별시,금천구,시흥동,16250,19,46.36,9,오피스텔,,37.4540289982069,126.89824393267,https://ic.zigbang.com/ic/items/47048467/1.jpg
금천구,시흥동,47048774,풀옵션 리모델링 단기 및 장기거주 가능,금천구 시흥동,서울시,금천구,시흥동,100,49,23,반지하,원룸,100000,37.4618635705623,126.905628669113,https://ic.zigbang.com/ic/items/47048774/1.jpg
금천구,시흥동,47049454,대로변 1.5룸 HUG버팀목 보험100,금천구 시흥동,서울특별시,금천구,시흥동,13500,35,21.25,9,오피스텔,70000,37.4540044804787,126.899707691615,https://ic.zigbang.com/ic/items/47049454/1.jpg
금천구,시흥동,47051274,"LH, HUG 전세대출 보증보험 가입 가능 풀옵션 복층",금천구 시흥동,서울특별시,금천구,시흥동,17000,15,27.54,10,오피스텔,100000,37.452945919331,126.902554463705,https://ic.zigbang.com/ic/items/47051274/1.jpg
금천구,시흥동,47051309,시흥사거리 바로앞 풀옵션 단기방,금천구 시흥동,서울특별시,금천구,시흥동,100,70,27,6,오피스텔,100000,37.452945919331,126.902554463705,https://ic.zigbang.com/ic/items/47051309/1.jpg
금천구,시흥동,47051579,"LH전세,SH전세 HUG대출 가능  신축급 풀옵션 오피스텔",금천구 시흥동,서울특별시,금천구,시흥동,12000,30,27.5,5,오피스텔,100000,37.452945919331,126.902554463705,https://ic.zigbang.com/ic/items/47051579/1.jpg
금천구,시흥동,47054166,안심생활권 시흥사거리 대로변 풀옵션 오피스텔 가성비 굿,금천구 시흥동,서울특별시,금천구,시흥동,500,50,34.61,고,오피스텔,85000,37.45500946044922,126.90098571777344,https://ic.zigbang.com/ic/items/47054166/1.jpg
금천구,시흥동,47056330,저렴한신축풀옵션금천구청역도보10분,금천구 시흥동,서울시,금천구,시흥동,200,31,16.53,2,원룸,80000,37.4540022639267,126.907829671486,https://ic.zigbang.com/ic/items/47056330/1.jpg
금천구,시흥동,47059389,시흥사거리컨디션좋은 투룸월세에요 협의 가능해요,금천구 시흥동,서울특별시,금천구,시흥동,2000,85,30,5,오피스텔,80000,37.4532801181161,126.900088177269,https://ic.zigbang.com/ic/items/47059389/1.jpg
금천구,시흥동,47062658,쩜오룸 대형 시흥사거리 풀옵션 건조기까지 주차O 애완O,금천구 시흥동,서울특별시,금천구,시흥동,200,90,38.88,2,오피스텔,80000,37.452945919331,126.902554463705,https://ic.zigbang.com/ic/items/47062658/1.jpg
금천구,시흥동,47062660,교통권 생활권 최고 시흥대로 대형원룸,금천구 시흥동,서울시,금천구,시흥동,500,53,17,2,원룸,110000,37.4500923382163,126.900735243081,https://ic.zigbang.com/ic/items/47062660/1.jpg
금천구,시흥동,47064958,"햇살가득하고 조용한 주택가, 가성비맛집, 수납공관많아요",금천구 독산동,서울시,금천구,독산동,5500,40,19.8,3,원룸,90000,37.4593211686968,126.901090726485,https://ic.zigbang.com/ic/items/47064958/1.jpg
