﻿search_gu,search_dong,item_id,title,address,local1,local2,local3,deposit,rent,size_m2,floor,service_type,manage_cost,lat,lng,thumbnail
중구,묵정동,46804294,동대후문 큰 옥탑방,중구 묵정동,서울시,중구,묵정동,1000,60,30,3,원룸,50000,37.5608711706564,127.001269783949,https://ic.zigbang.com/ic/items/46804294/1.jpg
중구,묵정동,46812773,동국대 여성전용원룸,중구 묵정동,서울시,중구,묵정동,3000,50,19.83,3,원룸,70000,37.561248958193794,127.00130838546846,https://ic.zigbang.com/ic/items/46812773/1.jpg
중구,묵정동,46821466,사업자용 복층형투룸 화이트톤,중구 필동1가,서울특별시,중구,필동1가,2000,220,58.17,13,오피스텔,200000,37.5619071377478,126.99192585509,https://ic.zigbang.com/ic/items/46821466/1.jpg
중구,묵정동,46825269,"약수역 8분거리, 리모델링 원룸 월세",중구 신당동,서울시,중구,신당동,2000,40,15.53,2,원룸,80000,37.5526229740309,127.005152701742,https://ic.zigbang.com/ic/items/46825269/1.jpg
중구,묵정동,46853693,"투룸복층,전입확정가능,보증보험가능,풀옵션신축",중구 필동1가,서울특별시,중구,필동1가,45000,0,58.23,13,오피스텔,200000,37.5619071377478,126.99192585509,https://ic.zigbang.com/ic/items/46853693/1.jpg
중구,묵정동,46857473,업무용.분리형원룸.부가세별도,중구 필동1가,서울특별시,중구,필동1가,1000,110,32.79,중,오피스텔,120000,37.5619071377478,126.99192585509,https://ic.zigbang.com/ic/items/46857473/1.jpg
중구,묵정동,46864223,"동대입구역5분, 깔끔한 원룸",중구 장충동2가,서울시,중구,장충동2가,1000,57,20,1,원룸,30000,37.5585171213742,127.0022409244335,https://ic.zigbang.com/ic/items/46864223/1.jpg
중구,묵정동,46869105,"독립테라스,전입확정가능,친구에게자랑하고싶은집",중구 묵정동,서울특별시,중구,묵정동,5000,250,70.38,고,오피스텔,200000,37.5615372,126.999422,https://ic.zigbang.com/ic/items/46869105/1.jpg
중구,묵정동,46881022,전입가능 동대역 3분거리 보안 관리잘됨,중구 장충동2가,서울특별시,중구,장충동2가,1000,65,33.05,고,오피스텔,120000,37.5603586,127.004536,https://ic.zigbang.com/ic/items/46881022/1.jpg
중구,묵정동,46881109,동대입구역 초역세권 전입가능 저렴한 월세 보안좋음,중구 장충동2가,서울특별시,중구,장충동2가,1000,65,33.05,고,오피스텔,110000,37.5603586,127.004536,https://ic.zigbang.com/ic/items/46881109/1.jpg
중구,묵정동,46883830,개인거주O l 분리형 l 탁트인뷰,중구 필동1가,서울특별시,중구,필동1가,1000,110,32.79,중,오피스텔,100000,37.5619071377478,126.99192585509,https://ic.zigbang.com/ic/items/46883830/1.jpg
중구,묵정동,46912979,10평 . 복층형원룸 .동대역5분거리,중구 신당동,서울시,중구,신당동,2000,60,33.06,1,원룸,30000,37.5594147649918,127.009736480742,https://ic.zigbang.com/ic/items/46912979/1.jpg
중구,묵정동,46934194,전입신고가능.투룸.가전풀옵션.초역세권,중구 필동1가,서울특별시,중구,필동1가,2000,180,58.21,중,오피스텔,200000,37.5619071377478,126.99192585509,https://ic.zigbang.com/ic/items/46934194/1.jpg
중구,묵정동,46944853,"동국대 도보5분,  시세대비 저렴한 원룸",중구 장충동2가,서울시,중구,장충동2가,500,42,16,1,원룸,30000,37.55838377685113,127.00207341729616,https://ic.zigbang.com/ic/items/46944853/1.jpg
중구,묵정동,46949113,"동국대 쪽문 도보2분거리, 넓고 깔끔한 원룸",중구 장충동2가,서울시,중구,장충동2가,1000,67,22,3,원룸,30000,37.55899286892146,127.00022183029374,https://ic.zigbang.com/ic/items/46949113/1.jpg
중구,묵정동,46952695,투룸 l 개인거주O l 부가세없음,중구 필동1가,서울특별시,중구,필동1가,1000,170,58.17,중,오피스텔,200000,37.5619071377478,126.99192585509,https://ic.zigbang.com/ic/items/46952695/1.jpg
중구,묵정동,46966712,초역세권 깨끗한 풀옵션 원룸,중구 장충동1가,서울시,중구,장충동1가,500,65,23.14,2,원룸,50000,37.56100732377797,127.0064196699016,https://ic.zigbang.com/ic/items/46966712/1.jpg
중구,묵정동,46967506,"전기,가스,수도포함 공동화장실,공동취사",중구 장충동2가,서울시,중구,장충동2가,42,42,16.53,2,원룸,10,37.5590775616806,127.000525602577,https://ic.zigbang.com/ic/items/46967506/1.jpg
중구,묵정동,46974783,월세 저렴한 역세권 풀옵션 깨끗한 원룸,중구 장충동1가,서울시,중구,장충동1가,1000,50,21.49,반지하,원룸,80000,37.56058883666993,127.0072555541992,https://ic.zigbang.com/ic/items/46974783/1.jpg
중구,묵정동,46979074,단기임대 3개월  신축급  대로변 역세권,중구 묵정동,서울특별시,중구,묵정동,170,120,33,11,오피스텔,150000,37.56227610097013,126.99959706607152,https://ic.zigbang.com/ic/items/46979074/1.jpg
중구,묵정동,46980106,큰길가안전 단기임대오피스텔 풀옵션,중구 묵정동,서울특별시,중구,묵정동,170,120,37.05,11,오피스텔,110000,37.56227610097013,126.99959706607152,https://ic.zigbang.com/ic/items/46980106/1.jpg
중구,묵정동,46986526,동대후문 넓은 원룸,중구 묵정동,서울시,중구,묵정동,1000,75,23.1405,옥탑방,원룸,50000,37.56130301497704,127.00155738728832,https://ic.zigbang.com/ic/items/46986526/1.jpg
중구,묵정동,46994004,투룸복층 l 보증보험 l 전세대출O,중구 필동1가,서울특별시,중구,필동1가,45000,0,58.23,13,오피스텔,200000,37.5619071377478,126.99192585509,https://ic.zigbang.com/ic/items/46994004/1.jpg
중구,묵정동,47008663,넓은 풀옵션 분리형 원룸,중구 장충동1가,서울시,중구,장충동1가,1000,50,23.14,반지하,원룸,50000,37.5606945337729,127.007346031964,https://ic.zigbang.com/ic/items/47008663/1.jpg
중구,묵정동,47009504,"동대입구역5분, 리모델링된 깨끗한 분리형 원룸",중구 장충동2가,서울시,중구,장충동2가,5000,48,26,1,원룸,70000,37.5585136953966,127.002353083725,https://ic.zigbang.com/ic/items/47009504/1.jpg
중구,묵정동,47011428,동국대 분리형원룸,중구 장충동2가,서울시,중구,장충동2가,1000,84,28.67,3,원룸,50000,37.55880903820748,127.00254877854142,https://ic.zigbang.com/ic/items/47011428/1.jpg
중구,묵정동,47014917,"투룸복층,업무용,전입불가,초역세권",중구 필동1가,서울특별시,중구,필동1가,3000,190,58.23,고,오피스텔,200000,37.5619071377478,126.99192585509,https://ic.zigbang.com/ic/items/47014917/1.jpg
중구,묵정동,47015425,"동대입구역5분,  넓은편의 깔끔한 원룸",중구 장충동2가,서울시,중구,장충동2가,1000,62,20,1,원룸,30000,37.5587982486695,127.00109556717253,https://ic.zigbang.com/ic/items/47015425/1.jpg
중구,묵정동,47016288,"동국대 3분, 밝은 전세 원룸",중구 장충동2가,서울시,중구,장충동2가,9500,0,18.29,4,원룸,50000,37.55858921603984,127.00122685072049,https://ic.zigbang.com/ic/items/47016288/1.jpg
중구,묵정동,47017923,"여성전용, 리모델링된 원룸",중구 묵정동,서울시,중구,묵정동,3000,55,19,3,원룸,30000,37.561248958193794,127.00130838546846,https://ic.zigbang.com/ic/items/47017923/1.jpg
중구,묵정동,47018509,"동대입구역 3분, 큰길가  남향 밝은 원룸",중구 장충동2가,서울시,중구,장충동2가,3000,40,20,2,원룸,,37.5588404941146,127.001967721241,https://ic.zigbang.com/ic/items/47018509/1.jpg
중구,묵정동,47028763,건물에서 제일큰사이즈 전입신고가능,중구 필동1가,서울특별시,중구,필동1가,3000,220,69.12,중,오피스텔,200000,37.5619071377478,126.99192585509,https://ic.zigbang.com/ic/items/47028763/1.jpg
중구,묵정동,47028793,제일큰 투룸. 채광좋은남향.전입신고가능,중구 필동1가,서울특별시,중구,필동1가,3000,220,69.12,중,오피스텔,200000,37.5619071377478,126.99192585509,https://ic.zigbang.com/ic/items/47028793/1.jpg
중구,묵정동,47038416,"동대입구역5분,  풀옵션 분리형 원룸",중구 장충동2가,서울시,중구,장충동2가,1000,70,26,2,원룸,60000,37.55851351518317,127.00235410232172,https://ic.zigbang.com/ic/items/47038416/1.jpg
중구,묵정동,47041518,"동국대 3분, 원룸촌 초입 깔끔한 원룸",중구 장충동2가,서울시,중구,장충동2가,3000,25,20.3,반지하,원룸,20000,37.5587396631904,127.002465476921,https://ic.zigbang.com/ic/items/47041518/1.jpg
중구,묵정동,47044939,리모델링으로 깔끔한 원룸 추천드려요,중구 신당동,서울시,중구,신당동,3000,35,19.9,3,원룸,70000,37.5526229740309,127.005152701742,https://ic.zigbang.com/ic/items/47044939/1.jpg
중구,묵정동,47051400,남향.부가세별도 더블복층형 신축투룸,중구 필동1가,서울특별시,중구,필동1가,1000,220,58.17,13,오피스텔,200000,37.5619071377478,126.99192585509,https://ic.zigbang.com/ic/items/47051400/1.jpg
중구,묵정동,47057543,개인거주가능 l 탁트인뷰 l 분리형,중구 필동1가,서울특별시,중구,필동1가,1000,110,32.79,중,오피스텔,100000,37.5619071377478,126.99192585509,https://ic.zigbang.com/ic/items/47057543/1.jpg
중구,묵정동,47057621,투룸 l 부가세없음 l 최저가,중구 필동1가,서울특별시,중구,필동1가,1000,170,58.17,중,오피스텔,200000,37.5619071377478,126.99192585509,https://ic.zigbang.com/ic/items/47057621/1.jpg
중구,묵정동,47063230,신축급 복층 구조 일반사업자가능 로얄층 대로변 역세권,중구 묵정동,서울특별시,중구,묵정동,1000,100,49.59,고,오피스텔,150000,37.56227610097013,126.99959706607152,https://ic.zigbang.com/ic/items/47063230/1.jpg
중구,묵정동,47065106,융자없음 월세 반전세 가능 약수역 도보 10분거리,중구 신당동,서울시,중구,신당동,5500,0,16.53,2,원룸,70000,37.5526229740309,127.005152701742,https://ic.zigbang.com/ic/items/47065106/1.jpg
중구,묵정동,47065385,융자 없음 저렴한 주택원룸,중구 신당동,서울시,중구,신당동,3000,30,16.53,2,원룸,70000,37.5526229740309,127.005152701742,https://ic.zigbang.com/ic/items/47065385/1.jpg
중구,묵정동,47066279,거실 분리 및 주방 분리형,중구 장충동1가,서울시,중구,장충동1가,500,60,26.44,2,원룸,,37.56114196777344,127.00633239746092,https://ic.zigbang.com/ic/items/47066279/1.jpg
중구,신당동,46738452,아담하고 깔끔한 원룸입니다.,중구 신당동,서울시,중구,신당동,2000,75,20,1,원룸,,37.5613876865604,127.011631749453,https://ic.zigbang.com/ic/items/46738452/1.jpg
중구,신당동,46768202,청구역세권 깨끗한 원룸 입니다.빠른이사 가능,중구 신당동,서울시,중구,신당동,1000,45,13.2,1,원룸,,37.5617570601373,127.011059101393,https://ic.zigbang.com/ic/items/46768202/1.jpg
중구,신당동,46831870,청구역 올수리한 넓은 복층형 원룸입니다.,중구 신당동,서울시,중구,신당동,1000,70,30,1,원룸,50000,37.5618534052904,127.010749333633,https://ic.zigbang.com/ic/items/46831870/1.jpg
중구,신당동,46897239,신축풀옵션분리형보증보험,중구 신당동,서울시,중구,신당동,14400,10,26,2,원룸,80000,37.5624899317363,127.013634711884,https://ic.zigbang.com/ic/items/46897239/1.jpg
중구,신당동,46953579,"신축,보증보험 ,주차 다가능",중구 신당동,서울시,중구,신당동,14400,10,25,2,원룸,80000,37.5624899317363,127.013634711884,https://ic.zigbang.com/ic/items/46953579/1.jpg
중구,신당동,46967086,"오피스텔, 실 7평, 풀옵션, EV, 대로변, 청구역 2분",중구 신당동,서울시,중구,신당동,5000,65,23.15,6,원룸,100000,37.5596331055212,127.013155441202,https://ic.zigbang.com/ic/items/46967086/1.jpg
중구,신당동,46999633,청구역인근.풀옵션원룸.즉시입주,중구 신당동,서울시,중구,신당동,1000,47,19.83,1,원룸,30000,37.561632311327,127.011589457148,https://ic.zigbang.com/ic/items/46999633/1.jpg
중구,신당동,47040815,저렴한 반지층 오픈형 원룸입니다.,중구 신당동,서울시,중구,신당동,500,40,20,반지하,원룸,30000,37.561632311327,127.011589457148,https://ic.zigbang.com/ic/items/47040815/1.jpg
중구,신당동,47040857,동대문과 가깝고 동국대 인근에 위치한 풀옵션 원룸입니다.,중구 신당동,서울시,중구,신당동,1000,65,17.28,3,원룸,40000,37.5623220925361,127.010871639428,https://ic.zigbang.com/ic/items/47040857/1.jpg
중구,신당동,47064259,허그대출.반환보증.다세대주택.분리형원룸.풀옵션,중구 신당동,서울시,중구,신당동,14400,10,15,2,원룸,80000,37.5624899317363,127.013634711884,https://ic.zigbang.com/ic/items/47064259/1.jpg
중구,황학동,47010010,즉시 입주 가능한 저렴하고 실용적인 옥탑방입니다.,중구 신당동,서울시,중구,신당동,500,40,15,옥탑방,원룸,,37.5634407743658,127.012635797213,https://ic.zigbang.com/ic/items/47010010/1.jpg
중구,황학동,47010128,즉시 입주 가능하고 아담한 주택입니다.,중구 신당동,서울시,중구,신당동,500,40,26.45,3,원룸,0,37.5635231692087,127.013061502072,https://ic.zigbang.com/ic/items/47010128/1.jpg
