﻿search_gu,search_dong,item_id,title,address,local1,local2,local3,deposit,rent,size_m2,floor,service_type,manage_cost,lat,lng,thumbnail
동작구,노량진동,46601971,"트인 전망, 넓어서 여유롭게 지내기 좋은 원룸",동작구 노량진동,서울시,동작구,노량진동,1000,51,16.53,4,원룸,90000,37.5103730151433,126.945502716401,https://ic.zigbang.com/ic/items/46601971/1.jpg
동작구,노량진동,46601986,"안전한 위치, 넓고 답답하지 않은 방, 트인 전망",동작구 노량진동,서울시,동작구,노량진동,1000,51,16.53,4,원룸,90000,37.5103730151433,126.945502716401,https://ic.zigbang.com/ic/items/46601986/1.jpg
동작구,노량진동,46696504,가성비좋고 깔끔한 추천 원룸,동작구 노량진동,서울시,동작구,노량진동,300,43,17,1,원룸,50000,37.5064627248979,126.94060236272,https://ic.zigbang.com/ic/items/46696504/1.jpg
동작구,노량진동,46701220,㉦TOP㉦역세권㉦깔끔한㉦풀옵션원룸㉦,동작구 노량진동,서울시,동작구,노량진동,300,38,19.83,1,원룸,70000,37.5118605278925,126.945015951274,https://ic.zigbang.com/ic/items/46701220/1.jpg
동작구,노량진동,46747084,노량진역초근접 저렴한월세 합격방,동작구 노량진동,서울시,동작구,노량진동,300,39,19,2,원룸,80000,37.5130086027731,126.945243137268,https://ic.zigbang.com/ic/items/46747084/1.jpg
동작구,노량진동,46766852,리모델링해서 깔끔한 노량진역 5분거리 풀옵션,동작구 노량진동,서울시,동작구,노량진동,400,40,13,2,원룸,50000,37.5112745254774,126.941840234278,https://ic.zigbang.com/ic/items/46766852/1.jpg
동작구,노량진동,46767421,"2018년신축한 방음이뛰어난풀옵션원룸
침대가  없습니다",동작구 노량진동,서울시,동작구,노량진동,500,45,14.88,4,원룸,50000,37.509387627636,126.945396662841,https://ic.zigbang.com/ic/items/46767421/1.jpg
동작구,노량진동,46779829,"준신축급 원룸, 위치선호",동작구 노량진동,서울시,동작구,노량진동,4000,30,17,2,원룸,70000,37.5066689590292,126.940233381312,https://ic.zigbang.com/ic/items/46779829/1.jpg
동작구,노량진동,46787871,"ll신축컨디션,조용한주택가ll 노량진학원가 풀옵션원룸",동작구 노량진동,서울시,동작구,노량진동,300,45,16.53,1,원룸,80000,37.5085251342963,126.947468197287,https://ic.zigbang.com/ic/items/46787871/1.jpg
동작구,노량진동,46789944,옥상 넓은 쾌적한 옥탑,동작구 노량진동,서울시,동작구,노량진동,500,45,18,옥탑방,원룸,50000,37.508980833489,126.94522244099,https://ic.zigbang.com/ic/items/46789944/1.jpg
동작구,노량진동,46805502,AA 관리비 올포함 AA 따로 내실 금액 전혀없음ii,동작구 노량진동,서울시,동작구,노량진동,300,37,16.53,2,원룸,150000,37.5118462786982,126.94460176214,https://ic.zigbang.com/ic/items/46805502/1.jpg
동작구,노량진동,46831318,"ll깨끗한,가성비좋은,학원가와 가까워요ll",동작구 노량진동,서울시,동작구,노량진동,500,45,18,4,원룸,50000,37.5100141616408,126.94437849023,https://ic.zigbang.com/ic/items/46831318/1.jpg
동작구,노량진동,46835920,2018년신축한 방음이뛰어난풀옵션원룸,동작구 노량진동,서울시,동작구,노량진동,300,37,13.22,2,원룸,50000,37.5086704916481,126.947525099179,https://ic.zigbang.com/ic/items/46835920/1.jpg
동작구,노량진동,46839821,"중앙대,숭실대 다니기 용이한 즉시입주 가능 풀옵션 원룸",동작구 상도1동,서울시,동작구,상도1동,1000,55,19,2,원룸,100000,37.5011395874927,126.952339691794,https://ic.zigbang.com/ic/items/46839821/1.jpg
동작구,노량진동,46841300,ll조용한 주택가 노량진ll 신축급 컨디션의 풀옵션원룸,동작구 노량진동,서울시,동작구,노량진동,500,41,16.53,2,원룸,90000,37.5109854236974,126.947685672861,https://ic.zigbang.com/ic/items/46841300/1.jpg
동작구,노량진동,46857862,신축으로 방이크고 방음이 좋은 풀옵션원룸,동작구 노량진동,서울시,동작구,노량진동,300,32,16.53,반지하,원룸,50000,37.5087474104784,126.947464422232,https://ic.zigbang.com/ic/items/46857862/1.jpg
동작구,노량진동,46857898,신축으로 방음이뛰어난 풀옵션원룸,동작구 노량진동,서울시,동작구,노량진동,300,40,14.88,4,원룸,50000,37.5083689848841,126.946453101068,https://ic.zigbang.com/ic/items/46857898/1.jpg
동작구,노량진동,46858525,㉧ST㉧초역세권㉧ 진짜 빨리나감㉧서둘르세요㉧,동작구 노량진동,서울시,동작구,노량진동,300,47,20,1,원룸,80000,37.5130208834453,126.942456908119,https://ic.zigbang.com/ic/items/46858525/1.jpg
동작구,노량진동,46870084,채광 좋고 넓은 귀한 1.5룸,동작구 상도동,서울시,동작구,상도동,5000,65,19.8,2,원룸,100000,37.5044292302177,126.945036330376,https://ic.zigbang.com/ic/items/46870084/1.jpg
동작구,노량진동,46873099,"분리형, 여유, 옥상공간",동작구 노량진동,서울시,동작구,노량진동,500,39,19,5,원룸,0,37.5088082997263,126.941482819876,https://ic.zigbang.com/ic/items/46873099/1.jpg
동작구,노량진동,46878635,"주택가 풀옵션 원룸,즉시입주",동작구 노량진동,서울시,동작구,노량진동,300,40,17,3,원룸,50000,37.5104873291383,126.941497909418,https://ic.zigbang.com/ic/items/46878635/1.jpg
동작구,노량진동,46880795,2014년신축한 방음이뛰어난 2.5층신축풀옵션원룸,동작구 노량진동,서울시,동작구,노량진동,500,50,14.88,3,원룸,50000,37.5124112999896,126.946164049239,https://ic.zigbang.com/ic/items/46880795/1.jpg
동작구,노량진동,46890310,숭실대중앙대 학생들 이거보세요,동작구 상도1동,서울시,동작구,상도1동,500,39,21,1,원룸,90000,37.5030078290374,126.946464168103,https://ic.zigbang.com/ic/items/46890310/1.jpg
동작구,노량진동,46897537,㉧ NEW ㉧ 단기가능㉧공과금 전부포함,동작구 노량진동,서울시,동작구,노량진동,300,37,16.52,2,원룸,150000,37.5118462786982,126.94460176214,https://ic.zigbang.com/ic/items/46897537/1.jpg
동작구,노량진동,46909595,상도역도보1분 즉시입주가능 뻥뚫린뷰,동작구 상도1동,서울시,동작구,상도1동,1000,50,18,2,원룸,70000,37.5031203958607,126.946932750569,https://ic.zigbang.com/ic/items/46909595/1.jpg
동작구,노량진동,46911521,"중앙대5분 신축,대로변,보증금조정 가능",동작구 상도동,서울시,동작구,상도동,5000,50,18,2,원룸,100000,37.5030541724162,126.954026632189,https://ic.zigbang.com/ic/items/46911521/1.jpg
동작구,노량진동,46912129,상도역 5분 중앙대10분 가성비좋은 풀옵션 원룸,동작구 상도1동,서울시,동작구,상도1동,500,50,18,2,원룸,110000,37.5010811615261,126.950487972945,https://ic.zigbang.com/ic/items/46912129/1.jpg
동작구,노량진동,46915575,"보안잘되고 관리가 잘된 도시형생활주택입니다,",동작구 노량진동,서울특별시,동작구,노량진동,2000,50,16,5,오피스텔,80000,37.5124830618165,126.94133291003848,https://ic.zigbang.com/ic/items/46915575/1.jpg
동작구,노량진동,46919062,고시원가격의 방이큰 풀옵션원룸,동작구 노량진동,서울시,동작구,노량진동,500,40,14.88,3,원룸,50000,37.5087575977216,126.947275420281,https://ic.zigbang.com/ic/items/46919062/1.jpg
동작구,노량진동,46920513,SS 신축급 컨디션 SS 이보다 좋은 매물없다. 풀옵션완비,동작구 노량진동,서울시,동작구,노량진동,2500,30,19.84,3,원룸,50000,37.5119265080945,126.946446827125,https://ic.zigbang.com/ic/items/46920513/1.jpg
동작구,노량진동,46923201,"실2층,중앙대6분 풀옵션 원룸 ,보증금 조정 가능",동작구 상도1동,서울시,동작구,상도1동,2000,40,19,1,원룸,120000,37.5024957898429,126.953262915714,https://ic.zigbang.com/ic/items/46923201/1.jpg
동작구,노량진동,46923464,노량진역 가까운 풀옵션 즉시입주가능 단기도 가능,동작구 노량진동,서울시,동작구,노량진동,300,42,18,3,원룸,50000,37.5129778659302,126.94541056132,https://ic.zigbang.com/ic/items/46923464/1.jpg
동작구,노량진동,46934166,W 장승배기역 7호선 I 도보1분 1.5룸 W,동작구 노량진동,서울시,동작구,노량진동,1000,50,25,2,원룸,160000,37.5065213187603,126.940480055799,https://ic.zigbang.com/ic/items/46934166/1.jpg
동작구,노량진동,46935023,"F타입 1.5룸,  한강63빌딩전망, 전입불가, 부가세별도",동작구 노량진동,서울특별시,동작구,노량진동,3000,130,99.17,고,오피스텔,180000,37.51273,126.9417,https://ic.zigbang.com/ic/items/46935023/1.jpg
동작구,노량진동,46938878,중대후문앞 분리형 발코니있는 탁트인뷰,동작구 상도동,서울시,동작구,상도동,3000,50,19,4,원룸,80000,37.5044630686242,126.95286811411,https://ic.zigbang.com/ic/items/46938878/1.jpg
동작구,노량진동,46945203,상도휴엔하임 도시형생활주택 넓은 원룸월세,동작구 상도동,서울특별시,동작구,상도동,10000,32,29.75,중,오피스텔,65000,37.5049896240234,126.937942504883,https://ic.zigbang.com/ic/items/46945203/1.jpg
동작구,노량진동,46946640,고시원가격의 가성비좋은 풀옵션원룸,동작구 노량진동,서울시,동작구,노량진동,200,29,13.22,반지하,원룸,50000,37.5084578179742,126.946439917739,https://ic.zigbang.com/ic/items/46946640/1.jpg
동작구,노량진동,46946663,2018년신축한 방음이뛰어난풀옵션원룸,동작구 노량진동,서울시,동작구,노량진동,300,35,13.22,반지하,원룸,50000,37.5086704916481,126.947525099179,https://ic.zigbang.com/ic/items/46946663/1.jpg
동작구,노량진동,46946686,권리관계확실한 플옵션전세 매물입니다,동작구 노량진동,서울시,동작구,노량진동,6000,0,16.5,2,원룸,50000,37.5086022317895,126.947404127196,https://ic.zigbang.com/ic/items/46946686/1.jpg
동작구,노량진동,46959602,㉧크고 깔끔한방㉧해가 잘 들어요㉧풀옵션㉧주차문의,동작구 노량진동,서울시,동작구,노량진동,1000,60,20,2,원룸,50000,37.5092648751621,126.946699479341,https://ic.zigbang.com/ic/items/46959602/1.jpg
동작구,노량진동,46960875,"상도역5분,중앙대7분 넓은 1.5룸",동작구 상도1동,서울시,동작구,상도1동,2000,91,21.88,2,원룸,170000,37.5024838186846,126.951724966609,https://ic.zigbang.com/ic/items/46960875/1.jpg
동작구,노량진동,46967517,신축 풀옵션 노량진역1분컷 안심귀가 깔끔한 원룸 고층뷰,동작구 노량진동,서울특별시,동작구,노량진동,1000,82,19.88,13,오피스텔,,37.5124054813234,126.938146030738,https://ic.zigbang.com/ic/items/46967517/1.jpg
동작구,노량진동,46969499,"쾌적환경의 신축급 3층, 입주일 절충가",동작구 노량진동,서울시,동작구,노량진동,500,43,17,3,원룸,50000,37.5088461877438,126.944374945859,https://ic.zigbang.com/ic/items/46969499/1.jpg
동작구,노량진동,46974406,"깔끔한 방리모델링해서 깔끔 , 저렴한 월세",동작구 노량진동,서울시,동작구,노량진동,300,40,13.22,3,원룸,80000,37.5085368975816,126.946376863153,https://ic.zigbang.com/ic/items/46974406/1.jpg
동작구,노량진동,46974516,"저렴하고 넓은 방,노량진역 도보7분거리, 조용한 주택가",동작구 노량진동,서울시,동작구,노량진동,500,38,13.88,반지하,원룸,50000,37.509565587154,126.946008878471,https://ic.zigbang.com/ic/items/46974516/1.jpg
동작구,노량진동,46975876,㉧BEST㉧ 큰방 깔끔한 풀옵션원룸,동작구 노량진동,서울시,동작구,노량진동,500,35,19.84,1,원룸,50000,37.5111528239757,126.943940149608,https://ic.zigbang.com/ic/items/46975876/1.jpg
동작구,노량진동,46986369,㉧노량진 초호화급㉧지문인식 입장 큰 신축 원룸㉧,동작구 노량진동,서울시,동작구,노량진동,1500,41,23.14,1,원룸,90000,37.5094740756901,126.945292091867,https://ic.zigbang.com/ic/items/46986369/1.jpg
동작구,노량진동,46986383,"ll노량진역코앞,가성비좋아요,단기가능ll 풀옵션원룸",동작구 노량진동,서울시,동작구,노량진동,300,35,17,1,원룸,100000,37.5118605278925,126.945015951274,https://ic.zigbang.com/ic/items/46986383/1.jpg
동작구,노량진동,46986400,단기가능 노량진학원가 초근접 가성비좋은 풀옵션원룸,동작구 노량진동,서울시,동작구,노량진동,200,35,16,1,원룸,80000,37.5112995798465,126.944092846937,https://ic.zigbang.com/ic/items/46986400/1.jpg
동작구,노량진동,46986423,㉧노량진 초저렴㉧채광좋은 큰 리모델링 원룸㉧,동작구 노량진동,서울시,동작구,노량진동,200,25,15,2,원룸,50000,37.5114033461177,126.945378002227,https://ic.zigbang.com/ic/items/46986423/1.jpg
동작구,노량진동,46986509,"ll마당테라스,집사가능,가슴이 뻥뚫리는,단독옥탑ll 풀옵션",동작구 노량진동,서울시,동작구,노량진동,300,36,17,4,원룸,80000,37.5092216995178,126.945281757429,https://ic.zigbang.com/ic/items/46986509/1.jpg
동작구,노량진동,46989958,SS 햇빛 잘드는 원룸 SS 컨디션 좋고 조용한 주택가동네,동작구 노량진동,서울시,동작구,노량진동,500,46,16.53,2,원룸,70000,37.5097329260789,126.941879094126,https://ic.zigbang.com/ic/items/46989958/1.jpg
동작구,노량진동,46991080,"중앙대5분,리모델링 화이트톤 깔끔",동작구 상도1동,서울시,동작구,상도1동,500,50,18,4,원룸,100000,37.5037338587096,126.951908846283,https://ic.zigbang.com/ic/items/46991080/1.jpg
동작구,노량진동,46992370,"보증금 조절가능, 깔끔하게 관리 잘 되는 집",동작구 노량진동,서울시,동작구,노량진동,500,43,13.22,3,원룸,90000,37.5109854236974,126.947685672861,https://ic.zigbang.com/ic/items/46992370/1.jpg
동작구,노량진동,46995405,"학생전용. CCTV, 엘베있음. 위치최고. 보안최고",동작구 노량진동,서울특별시,동작구,노량진동,500,50,19.93,3,오피스텔,50000,37.5133180767715,126.946177875956,https://ic.zigbang.com/ic/items/46995405/1.jpg
동작구,노량진동,46997513,"1.5룸 분리형, 넓은 방 원하시는 분 적극 추천, 복층형",동작구 노량진동,서울시,동작구,노량진동,12000,0,32,2,원룸,70000,37.5109396832169,126.948163691215,https://ic.zigbang.com/ic/items/46997513/1.jpg
동작구,노량진동,46998709,"학원초인접,취준생 전용, 6층엘베, 준신축급",동작구 노량진동,서울시,동작구,노량진동,100,45,18,6,원룸,70000,37.512808823808,126.940709311744,https://ic.zigbang.com/ic/items/46998709/1.jpg
동작구,노량진동,46999743,"5층중 3 원룸, 관리잘되고 컨디션 굿",동작구 노량진동,서울시,동작구,노량진동,300,35,17,3,원룸,50000,37.5064627248979,126.94060236272,https://ic.zigbang.com/ic/items/46999743/1.jpg
동작구,노량진동,47001100,2층높이 상도역초역세권위치대비저렴한임대료깔끔한신축,동작구 상도1동,서울시,동작구,상도1동,1000,50,19.83,1,원룸,80000,37.5015582048525,126.948293221554,https://ic.zigbang.com/ic/items/47001100/1.jpg
동작구,노량진동,47005057,상도 도보1분거리에 베란다 크게 있는집 등장,동작구 상도1동,서울시,동작구,상도1동,500,36,22,4,원룸,80000,37.5030539685536,126.948716180265,https://ic.zigbang.com/ic/items/47005057/1.jpg
동작구,노량진동,47009542,상도휴엔하임 도시형생활주택 넓은 원룸월세,동작구 상도동,서울특별시,동작구,상도동,1000,68,29.75,중,오피스텔,65000,37.5049896240234,126.937942504883,https://ic.zigbang.com/ic/items/47009542/1.jpg
동작구,노량진동,47015125,중앙대5분 1.5룸 리모델링 화이트톤 깔끔,동작구 상도1동,서울시,동작구,상도1동,500,75,24,3,원룸,100000,37.5037338587096,126.951908846283,https://ic.zigbang.com/ic/items/47015125/1.jpg
동작구,노량진동,47016829,뽀샵X. 실사진O. 가성비 매우 좋은 분리형 원룸,동작구 상도동,서울시,동작구,상도동,1000,60,17.16,2,원룸,120000,37.5045493150692,126.95269332584,https://ic.zigbang.com/ic/items/47016829/1.jpg
동작구,노량진동,47017124,뽀샵X. 실사진O. 중대후문 바로 앞. 가성비 좋은 원룸.,동작구 상도동,서울시,동작구,상도동,1000,50,17.16,2,원룸,120000,37.5052822969319,126.95363779361,https://ic.zigbang.com/ic/items/47017124/1.jpg
동작구,노량진동,47017347,뽀샵X. 실사진O. 위치 좋고 깔끔한 원룸. 엘베O,동작구 상도1동,서울시,동작구,상도1동,1000,67,17.16,3,원룸,120000,37.5051674553187,126.952370834391,https://ic.zigbang.com/ic/items/47017347/1.jpg
동작구,노량진동,47017525,뽀샵X. 실사진O.2017준신축. 대로변 안전. 완전깔끔.,동작구 상도동,서울시,동작구,상도동,1000,54,14.19,1,원룸,100000,37.502794530019,126.953635712938,https://ic.zigbang.com/ic/items/47017525/1.jpg
동작구,노량진동,47017903,뽀샵X. 실사진O. 채광좋고 사이즈 좋은 깔끔한 원룸.,동작구 상도1동,서울시,동작구,상도1동,2000,60,17.16,4,원룸,120000,37.5068044746827,126.951884595899,https://ic.zigbang.com/ic/items/47017903/1.jpg
동작구,노량진동,47018435,㉧TOP㉧신축급㉧깔끔함㉧엘베㉧금방나가요,동작구 노량진동,서울시,동작구,노량진동,1000,50,19.83,반지하,원룸,100000,37.5114521109134,126.94700523544,https://ic.zigbang.com/ic/items/47018435/1.jpg
동작구,노량진동,47020830,저렴하고 깔끔한 원룸을 소개합니다,동작구 상도1동,서울시,동작구,상도1동,1000,40,14,3,원룸,80000,37.5006205158024,126.951012791064,https://ic.zigbang.com/ic/items/47020830/1.jpg
동작구,노량진동,47020951,넓고 깔끔한 나만의 원룸,동작구 상도동,서울시,동작구,상도동,1000,68,23.14,3,원룸,90000,37.5009532629056,126.952797037336,https://ic.zigbang.com/ic/items/47020951/1.jpg
동작구,노량진동,47023431,㉧노량진역세권㉧큰방찾으시는분㉧위치도 좋아요,동작구 노량진동,서울시,동작구,노량진동,500,55,23,2,원룸,50000,37.5114257653271,126.947125373537,https://ic.zigbang.com/ic/items/47023431/1.jpg
동작구,노량진동,47024791,"뽀샵X. 실사진O, 사이즈 넉넉한 깔끔한 원룸.",동작구 상도1동,서울시,동작구,상도1동,1000,65,17.16,4,원룸,120000,37.5030661057944,126.952533328579,https://ic.zigbang.com/ic/items/47024791/1.jpg
동작구,노량진동,47025103,뽀샵X. 실사진O. 넓고 깔끔한 원룸,동작구 상도1동,서울시,동작구,상도1동,3000,60,18.21,4,원룸,120000,37.5031688220635,126.949918634347,https://ic.zigbang.com/ic/items/47025103/1.jpg
동작구,노량진동,47025314,㉧㉧학원가 가까워요㉧학생추천㉧깔끔한풀옵션,동작구 노량진동,서울시,동작구,노량진동,500,48,17,2,원룸,50000,37.5114105671523,126.942928103222,https://ic.zigbang.com/ic/items/47025314/1.jpg
동작구,노량진동,47025369,보안잘되고 관리가 잘된 도시형생활주택입니다.,동작구 노량진동,서울특별시,동작구,노량진동,10500,0,15,6,오피스텔,100000,37.5124830618165,126.94133291003848,https://ic.zigbang.com/ic/items/47025369/1.jpg
동작구,노량진동,47025554,"공시생 원룸, 준신축급",동작구 노량진동,서울시,동작구,노량진동,500,42,17,1,원룸,30000,37.508980833489,126.94522244099,https://ic.zigbang.com/ic/items/47025554/1.jpg
동작구,노량진동,47025559,뽀샵X. 실사진O. 가성비 매우 좋은 중대원룸.,동작구 상도1동,서울시,동작구,상도1동,2000,55,15.16,2,원룸,120000,37.5024957898429,126.953262915714,https://ic.zigbang.com/ic/items/47025559/1.jpg
동작구,노량진동,47028052,㉧단기가능㉧공과금모두포함 리모델링 풀옵션원룸,동작구 노량진동,서울시,동작구,노량진동,300,37,16.53,2,원룸,150000,37.5118462786982,126.94460176214,https://ic.zigbang.com/ic/items/47028052/1.jpg
동작구,노량진동,47028096,㉧리모델링㉧큰길가 깔끔 안전한 풀옵션원룸,동작구 노량진동,서울시,동작구,노량진동,500,37,16.53,2,원룸,80000,37.508064250867,126.947627202045,https://ic.zigbang.com/ic/items/47028096/1.jpg
동작구,노량진동,47028219,뽀샵X. 실사진O. 샤워부스O. 엘베O. 융자X.,동작구 상도1동,서울시,동작구,상도1동,6000,55,19.95,3,원룸,80000,37.5038708676814,126.952269419791,https://ic.zigbang.com/ic/items/47028219/1.jpg
동작구,노량진동,47028713,뽀샵X. 실사진. 초역세권O. 엘베O. 깔끔O,동작구 상도1동,서울시,동작구,상도1동,3000,60,17.16,4,원룸,120000,37.5039722965485,126.94835579502,https://ic.zigbang.com/ic/items/47028713/1.jpg
동작구,노량진동,47029331,"ll전속ll단기ll가성비갑ll직장인,학생 모두 환영",동작구 노량진동,서울시,동작구,노량진동,100,28,16,2,원룸,80000,37.5089326836807,126.94612334223,https://ic.zigbang.com/ic/items/47029331/1.jpg
동작구,노량진동,47029385,"ll가성비극강, 채광굿, 빨래를 널수있는 마당있음ll",동작구 노량진동,서울시,동작구,노량진동,100,32,16,2,원룸,80000,37.5125035829597,126.946406487518,https://ic.zigbang.com/ic/items/47029385/1.jpg
동작구,노량진동,47029837,뽀샵X. 실사진O. 대로변O. 내부깔끔O,동작구 상도1동,서울시,동작구,상도1동,2000,62,18.21,4,원룸,150000,37.5049524564451,126.951438937934,https://ic.zigbang.com/ic/items/47029837/1.jpg
동작구,노량진동,47035433,LH대출이 가능한 1.5룸,동작구 본동,서울시,동작구,본동,10000,0,30,2,원룸,50000,37.51065483450632,126.95558113276054,https://ic.zigbang.com/ic/items/47035433/1.jpg
동작구,노량진동,47037193,상도역 신축라인 주방분리형 화이트톤 월세 매물.,동작구 상도1동,서울시,동작구,상도1동,500,42,23.14,3,원룸,95000,37.5031151570071,126.950643717806,https://ic.zigbang.com/ic/items/47037193/1.jpg
동작구,노량진동,47037901,상도역 1.5룸의 정석,동작구 상도동,서울시,동작구,상도동,1000,69,21.56,4,원룸,90000,37.5033961716327,126.946088190119,https://ic.zigbang.com/ic/items/47037901/1.jpg
동작구,노량진동,47038595,상도역도보4분 신축급넓은원룸 층고도높아요,동작구 상도동,서울시,동작구,상도동,1000,50,19,1,원룸,80000,37.5045378940074,126.945430504947,https://ic.zigbang.com/ic/items/47038595/1.jpg
동작구,노량진동,47039104,중앙대 노량진 모이세요,동작구 노량진동,서울시,동작구,노량진동,500,55,16.8,3,원룸,120000,37.5078102108054,126.947521742828,https://ic.zigbang.com/ic/items/47039104/1.jpg
동작구,노량진동,47040665,"즉시입주가능,가성비최고오피스텔,공시생최고인기,초역세권",동작구 노량진동,서울특별시,동작구,노량진동,1000,55,33.06,10,오피스텔,70000,37.5126457214355,126.941329956055,https://ic.zigbang.com/ic/items/47040665/1.jpg
동작구,노량진동,47040686,중대 숭실대 인근 엘리베이터 있는 대형 원룸이에요,동작구 상도동,서울시,동작구,상도동,1000,68,23.14,4,원룸,90000,37.5009532629056,126.952797037336,https://ic.zigbang.com/ic/items/47040686/1.jpg
동작구,노량진동,47041616,노량진 1.9호선 5분거리 원룸가격의 오피스텔입니다,동작구 노량진동,서울특별시,동작구,노량진동,1000,60,21.17,10,오피스텔,70000,37.5126457214355,126.941329956055,https://ic.zigbang.com/ic/items/47041616/1.jpg
동작구,노량진동,47042390,장승배기10초거리 지상층 말도안되는 월세,동작구 상도동,서울시,동작구,상도동,1000,50,19,4,원룸,150000,37.5038736779232,126.938994500197,https://ic.zigbang.com/ic/items/47042390/1.jpg
동작구,노량진동,47043219,상도역 바로앞  보안과 위치는 최고,동작구 상도1동,서울시,동작구,상도1동,500,58,16.8,3,원룸,100000,37.5021833158025,126.949107398653,https://ic.zigbang.com/ic/items/47043219/1.jpg
동작구,노량진동,47047143,"SS 노량진역도보2분 SS 초역세권, 깔끔한곳 찾으면 여기",동작구 노량진동,서울시,동작구,노량진동,500,49,19.84,3,원룸,90000,37.5127097247007,126.938441785334,https://ic.zigbang.com/ic/items/47047143/1.jpg
동작구,노량진동,47047990,㉦TOP㉦역세권㉦학원 가까워요㉦안전해요㉦,동작구 노량진동,서울시,동작구,노량진동,500,35,18,1,원룸,50000,37.5111528239757,126.943940149608,https://ic.zigbang.com/ic/items/47047990/1.jpg
동작구,노량진동,47049504,중앙대 노량진 귀한분리형원룸,동작구 노량진동,서울시,동작구,노량진동,500,55,16.8,3,원룸,50000,37.5086460839406,126.944394774205,https://ic.zigbang.com/ic/items/47049504/1.jpg
동작구,노량진동,47051396,깔끔한 원룸에 모이세요,동작구 상도동,서울시,동작구,상도동,1000,54,16.6,5,원룸,100000,37.5058779497339,126.947396085833,https://ic.zigbang.com/ic/items/47051396/1.jpg
동작구,노량진동,47051603,깔끔한 원룸의 정석,동작구 상도동,서울시,동작구,상도동,500,52,16.6,3,원룸,100000,37.5058779497339,126.947396085833,https://ic.zigbang.com/ic/items/47051603/1.jpg
동작구,노량진동,47052241,중앙대10분 깔끔한 폴옵션,동작구 상도1동,서울시,동작구,상도1동,1000,55,18,1,원룸,100000,37.5011395874927,126.952339691794,https://ic.zigbang.com/ic/items/47052241/1.jpg
동작구,노량진동,47052557,"단독입점, 귀한전세, 빠른입주,건물내학원, 지하철연결",동작구 노량진동,서울특별시,동작구,노량진동,17000,0,42.98,중,오피스텔,90000,37.51273,126.9417,https://ic.zigbang.com/ic/items/47052557/1.jpg
동작구,노량진동,47052682,"상도역5분,중앙대6분 가성비 풀옵션원룸",동작구 상도1동,서울시,동작구,상도1동,2000,60,20,2,원룸,100000,37.5031462811551,126.951610201685,https://ic.zigbang.com/ic/items/47052682/1.jpg
동작구,노량진동,47053451,중앙대 후문1분  삶의 질이 달라집니다,동작구 상도동,서울시,동작구,상도동,1000,67,14.19,5,원룸,70000,37.5040055303833,126.953302462851,https://ic.zigbang.com/ic/items/47053451/1.jpg
동작구,노량진동,47054444,엘베 있는 넓은방,동작구 상도1동,서울시,동작구,상도1동,1000,54,13.4,3,원룸,80000,37.5060314715944,126.9511508552,https://ic.zigbang.com/ic/items/47054444/1.jpg
동작구,노량진동,47057050,오피스텔풍 귀한 1.5룸 위치 방 컨디션 최상,동작구 상도1동,서울시,동작구,상도1동,2000,91,26.45,2,원룸,170000,37.5024838186846,126.951724966609,https://ic.zigbang.com/ic/items/47057050/1.jpg
동작구,노량진동,47057865,노들역1분v해잘듬v풀옵션v깨끗v교통위치굿v단기가능v카드0,동작구 본동,서울시,동작구,본동,30,39,16,반지하,원룸,100000,37.5118531272479,126.955228545229,https://ic.zigbang.com/ic/items/47057865/1.jpg
동작구,노량진동,47059892,㉧주방분리형㉧신축급 엘베 채광 깔끔 안전한 풀옵션원룸,동작구 노량진동,서울시,동작구,노량진동,500,55,19.83,3,원룸,50000,37.5086460839406,126.944394774205,https://ic.zigbang.com/ic/items/47059892/1.jpg
동작구,노량진동,47062315,㉧㉧7호선 도보3분㉧깔끔한 방이에요㉧풀옵션㉧,동작구 노량진동,서울시,동작구,노량진동,500,45,16.78,1,원룸,50000,37.5064566923179,126.940610623752,https://ic.zigbang.com/ic/items/47062315/1.jpg
동작구,노량진동,47062372,"상도역ㅣ깔끔한 신축원룸ㅣ중앙대,숭실대인접ㅣ흠잡을곳이없네요",동작구 상도동,서울시,동작구,상도동,2000,54,22.05,2,원룸,90000,37.5015518553662,126.945395584011,https://ic.zigbang.com/ic/items/47062372/1.jpg
동작구,노량진동,47063351,노량진역 코앞 깔끔하고 귀한 분리형,동작구 노량진동,서울시,동작구,노량진동,1000,50,16.9,4,원룸,100000,37.512684174461,126.938688609589,https://ic.zigbang.com/ic/items/47063351/1.jpg
동작구,노량진동,47064064,허그버팀목0 보증보험0 폴옵션원룸 상도역초초역세권 월세가능,동작구 상도1동,서울시,동작구,상도1동,10500,0,17.85,3,원룸,100000,37.5039555968403,126.947874697945,https://ic.zigbang.com/ic/items/47064064/1.jpg
동작구,대방동,46743101,ㅇ신길동ㅇ이런방은 저만 압니다ㅇ단언컨대ㅇ,영등포구 신길동,서울시,영등포구,신길동,100,19,26.45,2,원룸,100000,37.5144769467187,126.919943106967,https://ic.zigbang.com/ic/items/46743101/1.jpg
동작구,대방동,46754795,ㅁ 보증보험 가능 ㅁ 장승배기역 7호선 역세권 ㅁ,동작구 상도동,서울시,동작구,상도동,12000,0,18.76,3,원룸,90000,37.504086585623,126.93380685032,https://ic.zigbang.com/ic/items/46754795/1.jpg
동작구,대방동,46766451,HUG버팀목0 보증보험0 융자없음 풀옵션 주차가능 엘베있음,동작구 상도동,서울시,동작구,상도동,9000,18,15,3,원룸,100000,37.5039519496038,126.9363836254,https://ic.zigbang.com/ic/items/46766451/1.jpg
동작구,대방동,46769280,신길역 초역세권. 고층 오피 원룸 월세. 전입신고 가능.,영등포구 신길동,서울특별시,영등포구,신길동,1000,70,37.78,중,오피스텔,100000,37.5145568847656,126.918785095215,https://ic.zigbang.com/ic/items/46769280/1.jpg
동작구,대방동,46792562,신길역 부근 가성비 좋은 분리형원룸,영등포구 신길동,서울시,영등포구,신길동,1000,45,19.83,2,원룸,80000,37.5114122530641,126.916786854814,https://ic.zigbang.com/ic/items/46792562/1.jpg
동작구,대방동,46792627,신길역인근 깔끔한 인테리어 가성비원룸,영등포구 신길동,서울시,영등포구,신길동,500,42,21.8,2,원룸,80000,37.5146918956162,126.91963272492,https://ic.zigbang.com/ic/items/46792627/1.jpg
동작구,대방동,46792658,신길대방역인근 인프라 좋은가성비1등원룸,영등포구 신길동,서울시,영등포구,신길동,500,42,21.7,5,원룸,90000,37.5126320215466,126.923015751242,https://ic.zigbang.com/ic/items/46792658/1.jpg
동작구,대방동,46793060,"신길,대방역 역세권,가성비1.5룸",영등포구 신길동,서울시,영등포구,신길동,1000,50,26.4,2,원룸,70000,37.5122252809727,126.919726195547,https://ic.zigbang.com/ic/items/46793060/1.jpg
동작구,대방동,46806655,대방역이용가능 풀옵션 오피스텔 단기월세,영등포구 신길동,서울특별시,영등포구,신길동,200,95,27.95,2,오피스텔,90000,37.5131827774609,126.921875607508,https://ic.zigbang.com/ic/items/46806655/1.jpg
동작구,대방동,46812472,여의도걸어서 출퇴근 가능한 원룸 이건 안보면 손해에요.,영등포구 신길동,서울시,영등포구,신길동,2000,45,21.49,2,원룸,80000,37.5139273604115,126.922138492199,https://ic.zigbang.com/ic/items/46812472/1.jpg
동작구,대방동,46825831,보증보험 가입 대출O 안전 매물,동작구 상도동,서울시,동작구,상도동,9000,18,19.41,3,원룸,100000,37.5039519496038,126.9363836254,https://ic.zigbang.com/ic/items/46825831/1.jpg
동작구,대방동,46897512,㉧TOP㉧리모델링 ㉧역세권 ㉧풀옵션 원룸㉧,동작구 노량진동,서울시,동작구,노량진동,500,48,17,2,원룸,70000,37.5121445554561,126.936290597448,https://ic.zigbang.com/ic/items/46897512/1.jpg
동작구,대방동,46898099,3000.40도 가능 즉시 입주 분리형 풀옵션,영등포구 신길동,서울시,영등포구,신길동,1000,50,20,2,원룸,90000,37.5013984195081,126.918502826538,https://ic.zigbang.com/ic/items/46898099/1.jpg
동작구,대방동,46910945,초특가 보라매역5분 단기O 카드O 넓고깨끗 분리형 풀옵션,동작구 대방동,서울시,동작구,대방동,30,35,18.51,반지하,원룸,100000,37.5012610814313,126.924711020371,https://ic.zigbang.com/ic/items/46910945/1.jpg
동작구,대방동,46911356,"가성비 좋은 전세, 허그 버팀목 전세대출 및 보증보험 가능",영등포구 신길동,서울특별시,영등포구,신길동,20000,0,25.4,저,오피스텔,100000,37.5131827774609,126.921875607508,https://ic.zigbang.com/ic/items/46911356/1.jpg
동작구,대방동,46936963,즉시입주 장승배기역역세권 초저렴 원룸 엘베있음,동작구 상도동,서울시,동작구,상도동,300,37,16.53,4,원룸,90000,37.504982196456,126.935127033919,https://ic.zigbang.com/ic/items/46936963/1.jpg
동작구,대방동,46944340,"대방역 2분 큰방, 경비원 근무 안전한 방",동작구 대방동,서울특별시,동작구,대방동,1000,65,26.29,5,오피스텔,95000,37.51272,126.9289,https://ic.zigbang.com/ic/items/46944340/1.jpg
동작구,대방동,46950607,대방역 초역세권 갓성비 원룸,영등포구 신길동,서울시,영등포구,신길동,500,45,19.85,1,원룸,100000,37.5122135314586,126.924592906883,https://ic.zigbang.com/ic/items/46950607/1.jpg
동작구,대방동,46958910,"보증보험 OK, 전세대출OK, 노량진역 풀옵션 인기매물",동작구 노량진동,서울특별시,동작구,노량진동,24000,0,35.39,14,오피스텔,,37.5128509492034,126.934653309925,https://ic.zigbang.com/ic/items/46958910/1.jpg
동작구,대방동,46961160,"허그대출,보증보험O 풀옵션 대로변 복층 오피스텔 여의직장인",영등포구 신길동,서울특별시,영등포구,신길동,17500,0,24.27,중,오피스텔,110000,37.5131889118074,126.921750841344,https://ic.zigbang.com/ic/items/46961160/1.jpg
동작구,대방동,46962706,전입신고x사업자매물 신축 오피스텔 복층형원룸 인기좋은매물,영등포구 신길동,서울특별시,영등포구,신길동,1000,70,24.18,고,오피스텔,100000,37.5129336618666,126.922715589176,https://ic.zigbang.com/ic/items/46962706/1.jpg
동작구,대방동,46970962,"깔끔한 컨디션, 가성비 최고, 역세권 최고의 방",동작구 상도동,서울시,동작구,상도동,3000,0,19.82,2,원룸,120000,37.5024657856681,126.930544068734,https://ic.zigbang.com/ic/items/46970962/1.jpg
동작구,대방동,46975046,7호선 신대방삼거리 역세권 분리형 원룸,동작구 대방동,서울시,동작구,대방동,300,40,18.26,반지하,원룸,80000,37.5021124413925,126.925706739111,https://ic.zigbang.com/ic/items/46975046/1.jpg
동작구,대방동,46976318,"S허그대출,보증보험O 대로변 위치 풀옵 복층 오피스텔",영등포구 신길동,서울특별시,영등포구,신길동,17500,0,24.27,4,오피스텔,110000,37.5131889118074,126.921750841344,https://ic.zigbang.com/ic/items/46976318/1.jpg
동작구,대방동,46976783,보라매역 초역세권 EV있는 분리형원룸,영등포구 신길동,서울시,영등포구,신길동,2000,50,23.14,2,원룸,80000,37.5012003577246,126.91886538666,https://ic.zigbang.com/ic/items/46976783/1.jpg
동작구,대방동,46979265,7호선 신축라인 넓은 원룸,동작구 상도동,서울시,동작구,상도동,500,42,19.83,3,원룸,100000,37.5036545360009,126.933295137086,https://ic.zigbang.com/ic/items/46979265/1.jpg
동작구,대방동,46979299,초역세권 전세 대출 가능한 깔끔 신축,동작구 대방동,서울시,동작구,대방동,9000,0,23.15,2,원룸,90000,37.5033982771252,126.922773258183,https://ic.zigbang.com/ic/items/46979299/1.jpg
동작구,대방동,46979356,저보증금 신축 전세 최우선변제권 으로 안심하고 입주가능,동작구 대방동,서울시,동작구,대방동,6000,0,23.2,1,원룸,90000,37.5033982771252,126.922773258183,https://ic.zigbang.com/ic/items/46979356/1.jpg
동작구,대방동,46985176,㉧TOP㉧신축 두번째 입주㉧채광만땅㉧EV 있음 ㉧,동작구 노량진동,서울시,동작구,노량진동,500,58,16.53,3,원룸,80000,37.5127659850062,126.935144615787,https://ic.zigbang.com/ic/items/46985176/1.jpg
동작구,대방동,46986629,조용하고 햇빛이 잘 들고 마당이 넒습니다,영등포구 신길동,서울시,영등포구,신길동,300,40,21.7,옥탑방,원룸,,37.5101589044005,126.921177734923,https://ic.zigbang.com/ic/items/46986629/1.jpg
동작구,대방동,46988699,신길 대방 더블역세권 신축급 컨디션 풀옵션 원룸,영등포구 신길동,서울시,영등포구,신길동,3000,40,19,1,원룸,80000,37.5130111462481,126.920808261565,https://ic.zigbang.com/ic/items/46988699/1.jpg
동작구,대방동,46988797,신길삼거리 깔끔한 컨디션 지상층 풀옵션 원룸,영등포구 신길동,서울시,영등포구,신길동,1000,45,17,1,원룸,70000,37.5126557608817,126.919037128828,https://ic.zigbang.com/ic/items/46988797/1.jpg
동작구,대방동,46991839,㉧BEST㉧가성비 역세권 풀옵션원룸,동작구 노량진동,서울시,동작구,노량진동,300,35,19.83,2,원룸,70000,37.5119325224446,126.936408183367,https://ic.zigbang.com/ic/items/46991839/1.jpg
동작구,대방동,46992098,"7호선 역세권, 엘베있는 1.5룸, 유동인구 많은 위치",동작구 상도동,서울시,동작구,상도동,15000,0,27,2,원룸,170000,37.504673238809,126.9366153139,https://ic.zigbang.com/ic/items/46992098/1.jpg
동작구,대방동,46992655,단기가능 대로변 오피스텔 꿀방 주차가능,영등포구 신길동,서울특별시,영등포구,신길동,200,95,30,2,오피스텔,100000,37.5131827774609,126.921875607508,https://ic.zigbang.com/ic/items/46992655/1.jpg
동작구,대방동,47004998,대방역인근 역세권 분리형 원룸나왔습니다,영등포구 신길동,서울시,영등포구,신길동,2000,40,18.57,2,원룸,70000,37.5107694340094,126.922553590987,https://ic.zigbang.com/ic/items/47004998/1.jpg
동작구,대방동,47005897,신축급컨디션 전액보증보험 지역인기1위 대로변여성안심귀가,영등포구 신길동,서울특별시,영등포구,신길동,14850,0,25,중,오피스텔,85000,37.51366126180937,126.92208967881017,https://ic.zigbang.com/ic/items/47005897/1.jpg
동작구,대방동,47006868,l 대방역 l 신길역 l 더블역세권 l 신축 l,영등포구 신길동,서울시,영등포구,신길동,1000,41,22.14,4,원룸,90000,37.5116340286059,126.918652876442,https://ic.zigbang.com/ic/items/47006868/1.jpg
동작구,대방동,47008830,SSS 신길역 SSS 넓은 베란다 SSS 시스템 통창 SS,영등포구 신길동,서울시,영등포구,신길동,1000,45,22.96,1,원룸,80000,37.5118506539703,126.918687704656,https://ic.zigbang.com/ic/items/47008830/1.jpg
동작구,대방동,47010693,신길역 화이트 톤 베스트 매물 잡아가세,영등포구 신길동,서울시,영등포구,신길동,1000,44,23.2,2,원룸,90000,37.5147833532894,126.92498383762,https://ic.zigbang.com/ic/items/47010693/1.jpg
동작구,대방동,47011280,보라매역 역세권.풀옵션.가성비.최우선변제.반려동물 o,동작구 대방동,서울시,동작구,대방동,5000,0,18.18,1,원룸,90000,37.5033982771252,126.922773258183,https://ic.zigbang.com/ic/items/47011280/1.jpg
동작구,대방동,47016989,병무청역 역세권 베란다 주차 가능 엘베 넓은 분리형 풀옵션,동작구 대방동,서울시,동작구,대방동,3000,45,22,4,원룸,100000,37.5044479471645,126.925151044649,https://ic.zigbang.com/ic/items/47016989/1.jpg
동작구,대방동,47019195,허그가능한 신길동 대장매물,영등포구 신길동,서울특별시,영등포구,신길동,30400,0,41.74,저,오피스텔,90000,37.5139045,126.918187,https://ic.zigbang.com/ic/items/47019195/1.jpg
동작구,대방동,47023433,㉧㉧꿀매물㉧역대급가성비끝판㉧학생선호㉧,동작구 노량진동,서울시,동작구,노량진동,300,29,16.78,2,원룸,60000,37.5125085433611,126.935099482052,https://ic.zigbang.com/ic/items/47023433/1.jpg
동작구,대방동,47023439,㉤㉤최강㉤꿀매물㉤오픈형㉤학생선호㉤㉤,동작구 노량진동,서울시,동작구,노량진동,300,29,16.53,2,원룸,60000,37.5119964841668,126.935890435154,https://ic.zigbang.com/ic/items/47023439/1.jpg
동작구,대방동,47023452,㉧리모델링㉧시원한뷰㉧초역세권㉧채광좋은집㉧실매물,동작구 노량진동,서울시,동작구,노량진동,300,33,13.22,옥탑방,원룸,50000,37.5123864053386,126.935498068311,https://ic.zigbang.com/ic/items/47023452/1.jpg
동작구,대방동,47023797,신길역1.5호선 코앞 여의도 직장인강추 넓고깔끔한 오피스텔,영등포구 신길동,서울특별시,영등포구,신길동,1000,65,37.78,중,오피스텔,150000,37.5145568847656,126.918785095215,https://ic.zigbang.com/ic/items/47023797/1.jpg
동작구,대방동,47026774,"SS 컨디션 좋은 넓은 원룸 SS 조용한 주택가, 귀한매물",동작구 노량진동,서울시,동작구,노량진동,500,53,19.84,2,원룸,70000,37.5123339338892,126.936100414684,https://ic.zigbang.com/ic/items/47026774/1.jpg
동작구,대방동,47027183,l 신대방삼거리역 l 보500 l 대로변 인근 l,동작구 대방동,서울시,동작구,대방동,500,50,23.14,3,원룸,80000,37.5013111655651,126.928016636803,https://ic.zigbang.com/ic/items/47027183/1.jpg
동작구,대방동,47027428,"㉧ NEW ㉧ 드디어나왔다. 뻥뚫린 옥탑, 조용한 주택가.",동작구 노량진동,서울시,동작구,노량진동,300,38,16.53,옥탑방,원룸,,37.512070890275,126.936526602961,https://ic.zigbang.com/ic/items/47027428/1.jpg
동작구,대방동,47027965,㉧신축㉧ 채광 엘베 세탁기건조가능 풀옵션원룸,동작구 노량진동,서울시,동작구,노량진동,500,58,19.83,3,원룸,80000,37.5127659850062,126.935144615787,https://ic.zigbang.com/ic/items/47027965/1.jpg
동작구,대방동,47033888,㉧BEST㉧큰길가 채광좋은 깔끔한 풀옵션원룸,동작구 노량진동,서울시,동작구,노량진동,300,43,19.84,5,원룸,70000,37.5124537167418,126.935675025016,https://ic.zigbang.com/ic/items/47033888/1.jpg
동작구,대방동,47035885,o옥상 단독사용 대방역 신길역 역세권 깔끔한 옥탑o,영등포구 신길동,서울시,영등포구,신길동,200,31,19.83,옥탑방,원룸,90000,37.5158012087075,126.922459597388,https://ic.zigbang.com/ic/items/47035885/1.jpg
동작구,대방동,47036915,공과금도 모두 포함에 붙박이 신축 원룸,영등포구 신길동,서울시,영등포구,신길동,1000,50,23.8,3,원룸,100000,37.5124039278986,126.919033668283,https://ic.zigbang.com/ic/items/47036915/1.jpg
동작구,대방동,47036919,눈부신 채광에 신축까지 찾기 힘들어요,영등포구 신길동,서울시,영등포구,신길동,500,54,23.3,옥탑방,원룸,90000,37.512077955541,126.91826454796,https://ic.zigbang.com/ic/items/47036919/1.jpg
동작구,대방동,47039225,노량진역 더블역세권 신축급 원룸 월세. 전입불가.,동작구 노량진동,서울특별시,동작구,노량진동,1000,80,26.93,고,오피스텔,100000,37.5128509492034,126.934653309925,https://ic.zigbang.com/ic/items/47039225/1.jpg
동작구,대방동,47039272,대방역 초 역세권 복층 오피스텔 전세 대출 및 보증가능,영등포구 신길동,서울특별시,영등포구,신길동,14800,10,24.18,저,오피스텔,100000,37.5129336618666,126.922715589176,https://ic.zigbang.com/ic/items/47039272/1.jpg
동작구,대방동,47040099,S 모든 가구 들어가고도 공간 남는 리모델링 원룸 S,동작구 상도동,서울시,동작구,상도동,1000,50,24.1,3,원룸,50000,37.5013735473233,126.932971575399,https://ic.zigbang.com/ic/items/47040099/1.jpg
동작구,대방동,47042155,P 위치보세요 P 초역세권 주택단지 P 구조 잘빠진 넓은,동작구 대방동,서울시,동작구,대방동,1000,43,23.6,1,원룸,120000,37.5042841734428,126.924488804538,https://ic.zigbang.com/ic/items/47042155/1.jpg
동작구,대방동,47044941,신길동 대형원룸  오피스텔못지않은 통창,영등포구 신길동,서울시,영등포구,신길동,1000,53,23.5,3,원룸,50000,37.5020585738751,126.920333758333,https://ic.zigbang.com/ic/items/47044941/1.jpg
동작구,대방동,47045585,"대방역1호선, 신축급,복층오피스텔 대출O 보증보험O",영등포구 신길동,서울특별시,영등포구,신길동,15000,0,21.82,중,오피스텔,100000,37.5131889118074,126.921750841344,https://ic.zigbang.com/ic/items/47045585/1.jpg
동작구,대방동,47049037,한달씩 월세납부 신길역 검지스캐슬 풀옵션 오피스텔 단기,영등포구 신길동,서울특별시,영등포구,신길동,200,95,27.95,3,오피스텔,90000,37.5131827774609,126.921875607508,https://ic.zigbang.com/ic/items/47049037/1.jpg
동작구,대방동,47050052,S 창문 2개에서 햇빛이 이렇게 들어오면...S,동작구 대방동,서울시,동작구,대방동,1000,45,23.4,1,원룸,80000,37.5125232915942,126.928199624983,https://ic.zigbang.com/ic/items/47050052/1.jpg
동작구,대방동,47050430,여의도전망 전입 확정일자 신길역2번출구 여의도리버뷰,영등포구 신길동,서울특별시,영등포구,신길동,500,55,22.27,2,오피스텔,150000,37.516212463378906,126.92121887207033,https://ic.zigbang.com/ic/items/47050430/1.jpg
동작구,대방동,47050469,장승배기역ㅣ블링블링한신축ㅣ조용한주택가ㅣ클릭클릭,동작구 상도동,서울시,동작구,상도동,1000,48,22.05,3,원룸,90000,37.5022621146522,126.932646882681,https://ic.zigbang.com/ic/items/47050469/1.jpg
동작구,대방동,47051003,신길역 인근 분리형원룸 나왔습니다,영등포구 신길동,서울시,영등포구,신길동,1000,45,20.35,2,원룸,50000,37.5158968865042,126.919351815967,https://ic.zigbang.com/ic/items/47051003/1.jpg
동작구,대방동,47051412,신길역 베란다 있는 원룸은 처음이지...,영등포구 신길동,서울시,영등포구,신길동,1000,44,22.5,1,원룸,90000,37.5118506539703,126.918687704656,https://ic.zigbang.com/ic/items/47051412/1.jpg
동작구,대방동,47051430,신길역 큰 방은 귀한거 아시죠 실제로 보세,영등포구 신길동,서울시,영등포구,신길동,1000,45,24.1,2,원룸,100000,37.5157940570036,126.919844535574,https://ic.zigbang.com/ic/items/47051430/1.jpg
동작구,대방동,47052153,㉧㉧노량진 귀한 투룸㉧큰방2개㉧도보4분역세권㉧서두르세요,동작구 노량진동,서울시,동작구,노량진동,500,65,28.2,4,원룸,50000,37.5121394954667,126.935599512379,https://ic.zigbang.com/ic/items/47052153/1.jpg
동작구,대방동,47052874,보증금200만원에월세95만원단기가능주차가능전입가능,영등포구 신길동,서울특별시,영등포구,신길동,200,95,24.22,10,오피스텔,100000,37.5131827774609,126.921875607508,https://ic.zigbang.com/ic/items/47052874/1.jpg
동작구,대방동,47053294,"깔끔한 1.5룸, 찾는분 풀옵션에 역세권까지",동작구 대방동,서울시,동작구,대방동,4000,70,23,3,원룸,50000,37.503135093566,126.925295419592,https://ic.zigbang.com/ic/items/47053294/1.jpg
동작구,대방동,47055067,전입확정일자 남향 큰방 신길역2번출구바로옆 위치 대우디오빌,영등포구 신길동,서울특별시,영등포구,신길동,1000,85,60.25,10,오피스텔,150000,37.51742935180664,126.91779327392578,https://ic.zigbang.com/ic/items/47055067/1.jpg
동작구,대방동,47056090,학교밀집지역 안전한 신축급 분리형,동작구 대방동,서울시,동작구,대방동,1000,46,23.2,2,원룸,90000,37.5012610814313,126.924711020371,https://ic.zigbang.com/ic/items/47056090/1.jpg
동작구,대방동,47059822,"보라매역 위치 탑, 신축 탑",영등포구 신길동,서울시,영등포구,신길동,1000,50,23.5,2,원룸,90000,37.5013984195081,126.918502826538,https://ic.zigbang.com/ic/items/47059822/1.jpg
동작구,대방동,47061620,"신길역 1,5호선 위치굿 역세권 최고 가성비 원룸매물",영등포구 신길동,서울시,영등포구,신길동,200,33,18.55,반지하,원룸,70000,37.5146178573761,126.919140203095,https://ic.zigbang.com/ic/items/47061620/1.jpg
동작구,대방동,47062653,테라스있는 넓은평수 분리형 원룸,동작구 상도동,서울시,동작구,상도동,500,47,21,5,원룸,130000,37.503397372446,126.933745935265,https://ic.zigbang.com/ic/items/47062653/1.jpg
동작구,대방동,47062748,"전,월세가능 ㅣ신축첫입주ㅣ장,단기가능ㅣ큰길가치안완벽인프라",동작구 대방동,서울시,동작구,대방동,300,38,20,1,원룸,90000,37.5033982771252,126.922773258183,https://ic.zigbang.com/ic/items/47062748/1.jpg
동작구,대방동,47062837,O 신길역역세권 O 풀옵션컨디션 O 깔끔한 원룸 O,영등포구 신길동,서울시,영등포구,신길동,50,35,18,반지하,원룸,100000,37.5125019913647,126.92108116468,https://ic.zigbang.com/ic/items/47062837/1.jpg
동작구,대방동,47066881,O 대방역역세권 O 풀옵션지상층 O 건조기 O 선착순 O,영등포구 신길동,서울시,영등포구,신길동,50,55,19,4,원룸,100000,37.5126547888356,126.921196940197,https://ic.zigbang.com/ic/items/47066881/1.jpg
동작구,대방동,47067342,O 신축풀옵션 O 깔끔화이트톤 O 단기장기,영등포구 신길동,서울시,영등포구,신길동,50,50,18.01,1,원룸,100000,37.514512338054,126.92004939396,https://ic.zigbang.com/ic/items/47067342/1.jpg
동작구,동작동,46739456,가격이 좋은 밝은 원룸원거실  풀옵션  남향  넓은거실,서초구 방배동,서울시,서초구,방배동,2000,85,39.47,3,원룸,70000,37.49107132536881,126.99044280308112,https://ic.zigbang.com/ic/items/46739456/1.jpg
동작구,동작동,46740477,내방역 초대형 1.5룸 떴습니다. 파격 인하금액입니다.,서초구 방배동,서울시,서초구,방배동,5000,56,24.48,5,원룸,240000,37.4889847591783,126.991453376292,https://ic.zigbang.com/ic/items/46740477/1.jpg
동작구,동작동,46762779,"서초 쓰리룸, 저렴한 월세 , 방배 카페거리",서초구 방배동,서울특별시,서초구,방배동,5000,400,144,12,오피스텔,0,37.4985277413158,126.985547204005,https://ic.zigbang.com/ic/items/46762779/1.jpg
동작구,동작동,46842076,방배동 카페골목 엘리베이터 있는 3층 분리형 원룸 입니다,서초구 방배동,서울시,서초구,방배동,17300,0,22.53,3,원룸,15,37.4957978777455,126.984876015389,https://ic.zigbang.com/ic/items/46842076/1.jpg
동작구,동작동,46882515,"방배동 3룸 , 헬스시설, 자주식주차가능",서초구 방배동,서울특별시,서초구,방배동,4000,400,202,7,오피스텔,0,37.4985277413158,126.985547204005,https://ic.zigbang.com/ic/items/46882515/1.jpg
동작구,동작동,46901860,"내방역 초역세권,준신축 분리형원룸, 학생,직장인 강추",서초구 방배동,서울시,서초구,방배동,3000,90,26.4,2,원룸,100000,37.4882024412467,126.990624083519,https://ic.zigbang.com/ic/items/46901860/1.jpg
동작구,동작동,46943004,"보증보험0이수역초역세권,모든옵션빌트인,깔끔한신축,초인기매물",동작구 사당동,서울시,동작구,사당동,25000,0,27.42,5,원룸,70000,37.4887793723814,126.981001411326,https://ic.zigbang.com/ic/items/46943004/1.jpg
동작구,동작동,46951233,4.7호선 이수역 초역세권 화이트톤 지상층 깔끔 신축삘,동작구 사당동,서울시,동작구,사당동,5000,30,19.83,1,원룸,80000,37.4893698466058,126.981275917536,https://ic.zigbang.com/ic/items/46951233/1.jpg
동작구,동작동,46954030,급매물 전세  반포스테이리버뷰 3차,서초구 방배동,서울특별시,서초구,방배동,27000,0,40,중,오피스텔,75000,37.49812756343288,126.98595461977156,https://ic.zigbang.com/ic/items/46954030/1.jpg
동작구,동작동,46961100,"오피스텔느낌 원룸주택,풀옵션,고급스러운 인테리어,주차가능",서초구 방배동,서울시,서초구,방배동,10000,86,24.89,9,원룸,140000,37.4982024209115,126.985819466894,https://ic.zigbang.com/ic/items/46961100/1.jpg
동작구,동작동,46964350,"전입가능 첫입주, 하이앤드급 귀한 3룸2욕실, 자주식주차",서초구 방배동,서울특별시,서초구,방배동,40000,160,202.52,중,오피스텔,0,37.4985277413158,126.985547204005,https://ic.zigbang.com/ic/items/46964350/1.jpg
동작구,동작동,46979735,청년대출가능호실有ㅣ더블역세권ㅣ깔끔한분리형ㅣ채광좋음,동작구 사당동,서울시,동작구,사당동,8000,0,21.45,2,원룸,90000,37.4905403198088,126.980558162235,https://ic.zigbang.com/ic/items/46979735/1.jpg
동작구,동작동,46988305,신축급 분리형 예쁜 원룸,서초구 방배동,서울시,서초구,방배동,3400,66,16.8,2,원룸,70000,37.4884661024074,126.989851314938,https://ic.zigbang.com/ic/items/46988305/1.jpg
동작구,동작동,46999932,이수역 도보3분 24년신축 복층오피스텔 주차O,서초구 방배동,서울특별시,서초구,방배동,5000,100,31.7,4,오피스텔,100000,37.4903028341893,126.983026311784,https://ic.zigbang.com/ic/items/46999932/1.jpg
동작구,동작동,47006056,방배동 카페골목 예쁜 원룸 최저가 월세,서초구 방배동,서울시,서초구,방배동,1000,60,22,2,원룸,50000,37.4955264288845,126.983704983883,https://ic.zigbang.com/ic/items/47006056/1.jpg
동작구,동작동,47006068,방배동 최저가 풀옵션  원룸,서초구 방배동,서울시,서초구,방배동,500,60,16.6,3,원룸,50000,37.4924279081498,126.98540838863,https://ic.zigbang.com/ic/items/47006068/1.jpg
동작구,동작동,47013852,방배동 고급오피스텔 원룸원거실 한강부근,서초구 방배동,서울특별시,서초구,방배동,23000,25,37.75,6,오피스텔,75000,37.49812756343288,126.98595461977156,https://ic.zigbang.com/ic/items/47013852/1.jpg
동작구,동작동,47018360,米 전입가능 米실매물米이수역米깔끔,동작구 사당동,서울시,동작구,사당동,4000,45,19.8,3,원룸,80000,37.4893698466058,126.981275917536,https://ic.zigbang.com/ic/items/47018360/1.jpg
동작구,동작동,47020254,방배동 카페골목 풀옵션 원룸,서초구 방배동,서울시,서초구,방배동,500,53,18,4,원룸,70000,37.4924279081498,126.98540838863,https://ic.zigbang.com/ic/items/47020254/1.jpg
동작구,동작동,47033800,보증보험.전세대출가능.최저가전세 원룸,서초구 방배동,서울시,서초구,방배동,14000,0,18.81,5,원룸,40000,37.4957455360887,126.984239028253,https://ic.zigbang.com/ic/items/47033800/1.jpg
동작구,동작동,47046172,LH  SH  허그대출되는  원룸 원거실  베란다 있음,서초구 방배동,서울시,서초구,방배동,19600,0,35.04,3,원룸,100000,37.4926731176235,126.989181885976,https://ic.zigbang.com/ic/items/47046172/1.jpg
동작구,동작동,47052417,"단기임대,신축,하이엔드첫입주,방3화2,커뮤니티,자주식주차",서초구 방배동,서울특별시,서초구,방배동,520,520,202.52,고,오피스텔,0,37.4985277413158,126.985547204005,https://ic.zigbang.com/ic/items/47052417/1.jpg
동작구,동작동,47052475,"뷰맛집,하이엔드첫입주,방3화2,헬스커뮤니티,자주식주차",서초구 방배동,서울특별시,서초구,방배동,5000,500,202.5,고,오피스텔,0,37.4985277413158,126.985547204005,https://ic.zigbang.com/ic/items/47052475/1.jpg
동작구,동작동,47055115,아파트도 아닌데 실평수가 25평 비용처리 한다면 BEST,서초구 방배동,서울특별시,서초구,방배동,5000,450,202,중,오피스텔,350000,37.4985277413158,126.985547204005,https://ic.zigbang.com/ic/items/47055115/1.jpg
동작구,동작동,47059903,코너 뷰 최고 신축 하이엔드오피스텔 풀옵션 완비,서초구 방배동,서울특별시,서초구,방배동,5000,400,144.1,19,오피스텔,0,37.4985277413158,126.985547204005,https://ic.zigbang.com/ic/items/47059903/1.jpg
동작구,본동,46929533,중앙대학교 최고의 가성비 원룸,동작구 흑석동,서울시,동작구,흑석동,100,25,16.5,2,원룸,50000,37.5081117850667,126.960233727014,https://ic.zigbang.com/ic/items/46929533/1.jpg
동작구,사당동,46704021,남성역 초역세권 복층 층고 175키도 설 수 있어요,동작구 사당동,서울시,동작구,사당동,12000,0,24,3,원룸,90000,37.4821476341375,126.974529572233,https://ic.zigbang.com/ic/items/46704021/1.jpg
동작구,사당동,46720400,올전세보증보험.귀한원룸보증보험.남성역초역세권,동작구 사당동,서울시,동작구,사당동,10500,0,17,3,원룸,120000,37.4834296320443,126.972316009822,https://ic.zigbang.com/ic/items/46720400/1.jpg
동작구,사당동,46816168,"깔끔한 원룸, 1층 같음",동작구 사당동,서울시,동작구,사당동,4500,0,23.14,반지하,원룸,0,37.4809372299101,126.975870545979,https://ic.zigbang.com/ic/items/46816168/1.jpg
동작구,사당동,46853108,HUG 허그 버팀목 가능ㅣHUG 보증보험 가능ㅣ주차가능,동작구 사당동,서울특별시,동작구,사당동,17000,20,39.4,3,오피스텔,95000,37.48604968725228,126.98050245250492,https://ic.zigbang.com/ic/items/46853108/1.jpg
동작구,사당동,46855702,이수역세권 안전한 주택가 넓고 깔끔한 1룸,서초구 방배동,서울시,서초구,방배동,1000,70,19.83,3,원룸,120000,37.4849410624844,126.984611140125,https://ic.zigbang.com/ic/items/46855702/1.jpg
동작구,사당동,46865969,㉧역7분㉧실매물㉧보증금조절가능㉧허위아님㉧올수리,관악구 봉천동,서울시,관악구,봉천동,500,45,19.83,옥탑방,원룸,99000,37.4733198443266,126.968661573316,https://ic.zigbang.com/ic/items/46865969/1.jpg
동작구,사당동,46870482,화이트톤 이쁜 원룸. 보증금조절. 역세권,동작구 사당동,서울시,동작구,사당동,500,48,19.83,1,원룸,90000,37.4823673317122,126.975970938324,https://ic.zigbang.com/ic/items/46870482/1.jpg
동작구,사당동,46883945,실면적은 더 넓음ㅣ트리플역세권ㅣ넓고 꺠끗한 집,동작구 사당동,서울시,동작구,사당동,2000,30,12.48,옥탑방,원룸,20000,37.4826727320379,126.978073256271,https://ic.zigbang.com/ic/items/46883945/1.jpg
동작구,사당동,46907883,㉧단기방㉧진짜있어요㉧도배㉧청소㉧역2분㉧허위아님㉧깔끔㉧실매물,서초구 방배동,서울시,서초구,방배동,200,70,19.38,3,원룸,99000,37.4862705417565,126.984933113851,https://ic.zigbang.com/ic/items/46907883/1.jpg
동작구,사당동,46919489,낙성대역.공과금 관리비포함. 풀옵션 분리형 원룸. 남향.,관악구 봉천동,서울시,관악구,봉천동,1000,35,18,2,원룸,200000,37.4695747836822,126.968621310612,https://ic.zigbang.com/ic/items/46919489/1.jpg
동작구,사당동,46919560,낙성대역. 위치 좋고 방사이즈 좋은 풀옵션  오픈형.,관악구 봉천동,서울시,관악구,봉천동,2000,40,20,2,원룸,80000,37.4747300807838,126.969254278925,https://ic.zigbang.com/ic/items/46919560/1.jpg
동작구,사당동,46923683,아담하고 예쁘고 깨끗한 집 좋아하시는 분,동작구 사당동,서울시,동작구,사당동,10500,0,17.5,2,원룸,120000,37.4834296320443,126.972316009822,https://ic.zigbang.com/ic/items/46923683/1.jpg
동작구,사당동,46929215,대출가능 분리형 가성비 확실한 특급 물건입니다,관악구 봉천동,서울시,관악구,봉천동,10000,0,23,2,원룸,70000,37.4720807930061,126.968055816671,https://ic.zigbang.com/ic/items/46929215/1.jpg
동작구,사당동,46929749,"역 3분 분리형 접근성, 컨디션 둘 다 잡은 저렴한 물건.",동작구 사당동,서울시,동작구,사당동,12000,0,23.2,2,원룸,80000,37.4831244532535,126.979325423114,https://ic.zigbang.com/ic/items/46929749/1.jpg
동작구,사당동,46934329,준신축 분리형 풀옵션 매물 강력 추천드립니다,관악구 봉천동,서울시,관악구,봉천동,2000,55,19.83,2,원룸,100000,37.4745283584047,126.969656032567,https://ic.zigbang.com/ic/items/46934329/1.jpg
동작구,사당동,46934473,분리형 사이즈좋고 채광좋은 특실 나왔습니다,동작구 사당동,서울시,동작구,사당동,12000,0,23,4,원룸,80000,37.4811961943444,126.975502900506,https://ic.zigbang.com/ic/items/46934473/1.jpg
동작구,사당동,46934650,낙성대 언덕X 다가구주택 리모델링 된 원룸 전입가능,관악구 봉천동,서울시,관악구,봉천동,1000,50,19.83,2,원룸,20000,37.4735694899002,126.968910517753,https://ic.zigbang.com/ic/items/46934650/1.jpg
동작구,사당동,46935366,파격할인 신축급 1.5R 화이트톤 풀옵션 강력 추천드립니다,관악구 봉천동,서울시,관악구,봉천동,5000,50,24.79,3,원룸,100000,37.4758915437284,126.969841454074,https://ic.zigbang.com/ic/items/46935366/1.jpg
동작구,사당동,46958693,"가성비 좋은 원룸 사당,이수,남성 트리플 역세권",동작구 사당동,서울시,동작구,사당동,6500,0,17,3,원룸,90000,37.481021561023,126.977687409296,https://ic.zigbang.com/ic/items/46958693/1.jpg
동작구,사당동,46960070,"보증보험0, 초역세권, 1.5룸, 누구나 원하는 인기 매물",동작구 사당동,서울시,동작구,사당동,10000,60,25.21,3,원룸,100000,37.4809600571367,126.979367512825,https://ic.zigbang.com/ic/items/46960070/1.jpg
동작구,사당동,46966014,이수역 도보2분 넓고 큰방 컨디션굿o 창문두개o 전입신고o,동작구 사당동,서울시,동작구,사당동,1000,50,19.83,2,원룸,30000,37.4848127757149,126.978887276601,https://ic.zigbang.com/ic/items/46966014/1.jpg
동작구,사당동,46971079,㉧완벽한1.5룸㉧ 크기 엄청크고 위치 아주좋은집㉧,동작구 사당동,서울시,동작구,사당동,1000,50,26.4,1,원룸,70000,37.4820632391958,126.977328351977,https://ic.zigbang.com/ic/items/46971079/1.jpg
동작구,사당동,46980754,"교통,인프라 등 다 갖춘 이수역 도보 가까운 컨디션 좋은방",동작구 사당동,서울시,동작구,사당동,5000,0,19.52,2,원룸,90000,37.4821476341375,126.974529572233,https://ic.zigbang.com/ic/items/46980754/1.jpg
동작구,사당동,46981991,ㅿㅿ실매물보장ㅿ신축급ㅿ화이트톤ㅿ보증금조절Oㅿ사당이수역세ㅿ,동작구 사당동,서울시,동작구,사당동,1000,45,19.84,1,원룸,100000,37.4823673317122,126.975970938324,https://ic.zigbang.com/ic/items/46981991/1.jpg
동작구,사당동,46982000,ꕤ실매물보장ꕤ분리형ꕤ사당이수트리플역세권ꕤ화이트톤ꕤ꿀매물ꕤ,동작구 사당동,서울시,동작구,사당동,1000,45,19.84,1,원룸,30000,37.4814301914659,126.976869286923,https://ic.zigbang.com/ic/items/46982000/1.jpg
동작구,사당동,46982010,ㅿㅿ넘어지면 이수역ㅿ전입신고가능ㅿ사이즈 큰방ㅿ가성비 끝판왕,동작구 사당동,서울시,동작구,사당동,1000,50,19.83,2,원룸,30000,37.4848127757149,126.978887276601,https://ic.zigbang.com/ic/items/46982010/1.jpg
동작구,사당동,46983834,1.5룸사이즈 엄청 저렴한 금액 이수역초역세권 초인기매물,동작구 사당동,서울시,동작구,사당동,1000,80,21.25,3,원룸,100000,37.4852467662531,126.979253605846,https://ic.zigbang.com/ic/items/46983834/1.jpg
동작구,사당동,46986763,"HUG보증, 버팀목대출, 넓은 1.5룸, 거실2개",동작구 사당동,서울시,동작구,사당동,13000,50,33.08,3,원룸,100000,37.4822608516729,126.977916219233,https://ic.zigbang.com/ic/items/46986763/1.jpg
동작구,사당동,46990835,무융자.보증보험가능매물.한눈에봐도큰사이즈.엄청나게저렴한월세,동작구 사당동,서울시,동작구,사당동,9000,30,17.93,2,원룸,100000,37.4862563882085,126.97751421392,https://ic.zigbang.com/ic/items/46990835/1.jpg
동작구,사당동,46995128,l HOT l 역이랑 가까워서 10분 더 잘 수 있는 집,동작구 사당동,서울시,동작구,사당동,1000,49,23.14,2,원룸,30000,37.4848127757149,126.978887276601,https://ic.zigbang.com/ic/items/46995128/1.jpg
동작구,사당동,46998478,남성역 도보3분 풀옵 초역세권 인프라좋은 큰방 반려동물가능,동작구 사당동,서울시,동작구,사당동,15000,0,19.83,4,원룸,90000,37.4838747428533,126.968414640203,https://ic.zigbang.com/ic/items/46998478/1.jpg
동작구,사당동,47000836,"신축 낙성대 금액조정 OK , 여성안심귀가",관악구 봉천동,서울시,관악구,봉천동,1000,53,26,1,원룸,90000,37.4742251213213,126.969125947051,https://ic.zigbang.com/ic/items/47000836/1.jpg
동작구,사당동,47002997,sS낙성대역 넓고 깨끗한 원룸 가격까지best No.1,관악구 봉천동,서울시,관악구,봉천동,500,50,20.15,1,원룸,90000,37.4740400550826,126.969828292827,https://ic.zigbang.com/ic/items/47002997/1.jpg
동작구,사당동,47007315,주변시세대비 꿀방 깔끔한 화이트톤 원룸 일단 보고가세요,동작구 사당동,서울시,동작구,사당동,1000,40,19.83,1,원룸,50000,37.4814301914659,126.976869286923,https://ic.zigbang.com/ic/items/47007315/1.jpg
동작구,사당동,47007650,Vv즉시입주 가능 트리플 역세권 신축급 분리형 화이트톤vV,동작구 사당동,서울시,동작구,사당동,5000,40,23.14,1,원룸,100000,37.4831244532535,126.979325423114,https://ic.zigbang.com/ic/items/47007650/1.jpg
동작구,사당동,47010550,밤길도 안심할 수 있는 안전한 동네 가성비 굿  원룸,관악구 봉천동,서울시,관악구,봉천동,500,48,16.49,2,원룸,80000,37.4739277813271,126.969100406936,https://ic.zigbang.com/ic/items/47010550/1.jpg
동작구,사당동,47012632,남성역도보4분 방1 거실 주방 화 다용도실 세탁기 가스렌지,동작구 사당동,서울시,동작구,사당동,20000,0,30,1,원룸,,37.4853470863546,126.972781931997,https://ic.zigbang.com/ic/items/47012632/1.jpg
동작구,사당동,47015350,남성역 이수역 역세권 올리모델링 1.5룸,동작구 사당동,서울시,동작구,사당동,500,45,24,반지하,원룸,15000,37.4823157464867,126.977092539409,https://ic.zigbang.com/ic/items/47015350/1.jpg
동작구,사당동,47015414,"역세권,1.5룸 화이트톤,리모델링완료,전입신고 가능",동작구 사당동,서울시,동작구,사당동,500,37,26.44,반지하,원룸,65000,37.4823157464867,126.977092539409,https://ic.zigbang.com/ic/items/47015414/1.jpg
동작구,사당동,47016316,남성역역세권 계단6개올라간1층 방1 거실  월세 전세 가능,동작구 사당동,서울시,동작구,사당동,10000,45,30,1,원룸,,37.4853470863546,126.972781931997,https://ic.zigbang.com/ic/items/47016316/1.jpg
동작구,사당동,47019038,넓은 마당 옥탑방,동작구 사당동,서울시,동작구,사당동,1000,35,9.9,옥탑방,원룸,,37.4809406329709,126.976212441011,https://ic.zigbang.com/ic/items/47019038/1.jpg
동작구,사당동,47025861,"신축급 1.5룸, 깨끗하고 엘유,직장인,학생 강추",동작구 사당동,서울시,동작구,사당동,5000,57,21.5,4,원룸,120000,37.4808667674405,126.972942407587,https://ic.zigbang.com/ic/items/47025861/1.jpg
동작구,사당동,47028280,낙성대역도보8분 숲세권1.5룸 양창.채광맛집 선착순문의,관악구 봉천동,서울시,관악구,봉천동,5000,60,24,4,원룸,120000,37.4758915437284,126.969841454074,https://ic.zigbang.com/ic/items/47028280/1.jpg
동작구,사당동,47028812,이 가격에 이런 원룸이 낙성대 도보 10분 신축 원룸,관악구 봉천동,서울시,관악구,봉천동,500,35,18.5,1,원룸,90000,37.4720807930061,126.968055816671,https://ic.zigbang.com/ic/items/47028812/1.jpg
동작구,사당동,47030783,남성역도보3분  5층 옥탑 오픈식 풀옵션 원룸,동작구 사당동,서울시,동작구,사당동,1000,50,19.83,옥탑방,원룸,130000,37.484162753042,126.973362728097,https://ic.zigbang.com/ic/items/47030783/1.jpg
동작구,사당동,47032992,"역세권,신축급,깔끔한,풀옵션 보증금조율 O",동작구 사당동,서울시,동작구,사당동,2000,50,19.87,1,원룸,100000,37.4810176287636,126.977858471765,https://ic.zigbang.com/ic/items/47032992/1.jpg
동작구,사당동,47041241,ꯁ 신축2번째입주 ꯁ화이트톤 미쳤다 ꯁ 바로입주가능,동작구 사당동,서울시,동작구,사당동,2000,50,19.83,2,원룸,100000,37.4826823187865,126.968643191264,https://ic.zigbang.com/ic/items/47041241/1.jpg
동작구,사당동,47042730,꒳꒳무융자 보증금조절가능 오피스텔 초초초역세권꒳꒳,동작구 사당동,서울시,동작구,사당동,4000,20,12.75,3,원룸,40000,37.4830531486964,126.981278624608,https://ic.zigbang.com/ic/items/47042730/1.jpg
동작구,사당동,47044165,ㅿ100프로실매물ㅿ무융자ㅿ 넘어지면 이수ㅿ복층 ㅿ크기 굿ㅿ,동작구 사당동,서울시,동작구,사당동,4000,20,12.75,3,원룸,40000,37.4830531486964,126.981278624608,https://ic.zigbang.com/ic/items/47044165/1.jpg
동작구,사당동,47047806,"초역세권,풀옵션,깔끔한 매물",동작구 사당동,서울시,동작구,사당동,500,43,19.83,2,원룸,70000,37.4856776751891,126.969498542748,https://ic.zigbang.com/ic/items/47047806/1.jpg
동작구,사당동,47050035,모든 가구가 다 들어가는 큰방 원룸,관악구 봉천동,서울시,관악구,봉천동,500,55,24.2,1,원룸,40000,37.4740400550826,126.969828292827,https://ic.zigbang.com/ic/items/47050035/1.jpg
동작구,사당동,47050822,낙성대역 큰원룸 컨디션도최고 조용한주택가 치안도좋아요,관악구 봉천동,서울시,관악구,봉천동,2000,54,23.14,1,원룸,90000,37.4736489423579,126.969890062244,https://ic.zigbang.com/ic/items/47050822/1.jpg
동작구,사당동,47054159,"낙성대역도보8분, 인헌시장.주택가, 테라스OK, 채광맛집",관악구 봉천동,서울시,관악구,봉천동,3000,65,28,옥탑방,원룸,120000,37.473952771993,126.969225656446,https://ic.zigbang.com/ic/items/47054159/1.jpg
동작구,사당동,47054294,"주차O 버팀목대출,전입신고O 역세권 풀옵션 가성비,컨디션짱",동작구 사당동,서울시,동작구,사당동,3000,45,19,1,원룸,100000,37.4813961602016,126.973161556147,https://ic.zigbang.com/ic/items/47054294/1.jpg
동작구,사당동,47054795,꒳꒳급매물 보증금조절 가능 신축 화이트톤 초역세권꒳꒳,동작구 사당동,서울시,동작구,사당동,3000,50,19.84,2,원룸,80000,37.4810176287636,126.977858471765,https://ic.zigbang.com/ic/items/47054795/1.jpg
동작구,사당동,47058644,2019년식 오픈식풀옵션원룸으로 깨끗함 입주일협의,동작구 사당동,서울시,동작구,사당동,11000,0,18,3,원룸,60000,37.4859661402877,126.969352680227,https://ic.zigbang.com/ic/items/47058644/1.jpg
동작구,사당동,47058904,낙성대 깔끔한 집,관악구 봉천동,서울시,관악구,봉천동,1000,47,23.14,2,원룸,80000,37.4748804330448,126.969153375167,https://ic.zigbang.com/ic/items/47058904/1.jpg
동작구,사당동,47060877,7호선라인ㅣ깔끔한컨디션ㅣ분리형원룸ㅣ채광ㅣ완벽한 인프라,동작구 사당동,서울시,동작구,사당동,500,42,20.13,2,원룸,90000,37.4821476341375,126.974529572233,https://ic.zigbang.com/ic/items/47060877/1.jpg
동작구,사당동,47060903,zZ 낙성대역 통창 인테리어 끝판왕 1.5룸 Zz,관악구 봉천동,서울시,관악구,봉천동,2000,50,27,3,원룸,100000,37.474114833213,126.969108808725,https://ic.zigbang.com/ic/items/47060903/1.jpg
동작구,사당동,47060931,"보증금 조정가능,이수역초역세권, 초대형 가성비 너무 좋은방",동작구 사당동,서울시,동작구,사당동,1000,50,19.83,2,원룸,30000,37.4848127757149,126.978887276601,https://ic.zigbang.com/ic/items/47060931/1.jpg
동작구,사당동,47060953,"더블역세권,보증금조정가능, 초가성비 급 매물 원룸 클릭.",동작구 사당동,서울시,동작구,사당동,3000,40,19.83,2,원룸,30000,37.4848127757149,126.978887276601,https://ic.zigbang.com/ic/items/47060953/1.jpg
동작구,사당동,47061039,"보증금조정가능,지상층 신축급 전입ok 가성비 원룸",동작구 사당동,서울시,동작구,사당동,2000,55,19.83,2,원룸,80000,37.4810176287636,126.977858471765,https://ic.zigbang.com/ic/items/47061039/1.jpg
동작구,사당동,47061112,신축형 풀옵션 원룸,동작구 사당동,서울시,동작구,사당동,1000,55,20,2,원룸,60000,37.4810580678469,126.975494126837,https://ic.zigbang.com/ic/items/47061112/1.jpg
동작구,사당동,47062775,이수역 초역세권 저렴한 원룸 보면 계약나오는 방,동작구 사당동,서울시,동작구,사당동,500,49,20,3,원룸,90000,37.4853787577582,126.979736933237,https://ic.zigbang.com/ic/items/47062775/1.jpg
동작구,사당동,47062795,ꯁ리모델링 후 첫입주 ꯁ 저렴한방중엔 최고 ꯁ,동작구 사당동,서울시,동작구,사당동,1000,45,19.84,1,원룸,100000,37.4823673317122,126.975970938324,https://ic.zigbang.com/ic/items/47062795/1.jpg
동작구,사당동,47062897,이수역 코앞 ll 지상층 월세저렴 ll 더블역세권,동작구 사당동,서울시,동작구,사당동,1000,50,19.83,2,원룸,30000,37.4848127757149,126.978887276601,https://ic.zigbang.com/ic/items/47062897/1.jpg
동작구,사당동,47064746,실매물보장보증금조절O이수역초역세권,동작구 사당동,서울시,동작구,사당동,1000,50,19.84,1,원룸,80000,37.487011210105,126.976371867245,https://ic.zigbang.com/ic/items/47064746/1.jpg
동작구,사당동,47064913,ㅿㅿ실매물보장ㅿ무융자ㅿ이수역 초역세 오피스텔ㅿ가성비끝판왕ㅿ,동작구 사당동,서울시,동작구,사당동,4000,20,12.75,3,원룸,40000,37.4830531486964,126.981278624608,https://ic.zigbang.com/ic/items/47064913/1.jpg
동작구,사당동,47066129,4.7 이수역 초초역세권 큰도로 넓은평수 복층형 오피스텔,동작구 사당동,서울시,동작구,사당동,5000,20,13.5,5,원룸,40000,37.4830531486964,126.981278624608,https://ic.zigbang.com/ic/items/47066129/1.jpg
동작구,사당동,47066144,남성역 가까운 채광좋고 가격 좋은 원룸,동작구 사당동,서울시,동작구,사당동,500,30,19.83,2,원룸,20000,37.4848577493326,126.969119876206,https://ic.zigbang.com/ic/items/47066144/1.jpg
동작구,사당동,47066161,이수역 초역세권 분리형 주차무료 화이트리모델링신축 전입ok,동작구 사당동,서울시,동작구,사당동,1300,52,19.83,2,원룸,80000,37.4850471217092,126.979884010005,https://ic.zigbang.com/ic/items/47066161/1.jpg
동작구,사당동,47066179,이수역 초역세권 주차1대무료 귀한리모델링 전입신고ok,동작구 사당동,서울시,동작구,사당동,1000,52,19.83,2,원룸,100000,37.4850471217092,126.979884010005,https://ic.zigbang.com/ic/items/47066179/1.jpg
동작구,사당동,47066612,米 전입가능 米실매물米이수역米넓은방,동작구 사당동,서울시,동작구,사당동,1000,64,19.8,3,원룸,60000,37.4818455678821,126.980972979448,https://ic.zigbang.com/ic/items/47066612/1.jpg
동작구,상도동,46849744,"숭실대,중앙대 학생 클릭 미친채광 화이트톤 신축급",동작구 상도동,서울시,동작구,상도동,1000,63,22,2,원룸,70000,37.5000990749534,126.952936901631,https://ic.zigbang.com/ic/items/46849744/1.jpg
동작구,상도동,46956632,숭실대7분 풀옵션 깨끗한 원룸 중앙대학교 통학권,동작구 상도동,서울시,동작구,상도동,1000,40,17,2,원룸,150000,37.5003603323521,126.953532948955,https://ic.zigbang.com/ic/items/46956632/1.jpg
동작구,상도동,47000840,"중앙대,숭실대학생 일단클릭 신축분리형 지상층 너무 좋아요",동작구 상도동,서울시,동작구,상도동,1000,60,19.83,2,원룸,70000,37.5001272300309,126.953046694159,https://ic.zigbang.com/ic/items/47000840/1.jpg
동작구,상도동,47003019,장승배기역ㅣ블링블링신축ㅣ조용한주택가ㅣ아파트상권,동작구 상도동,서울시,동작구,상도동,1000,59,22.56,4,원룸,90000,37.4995401420524,126.941007728946,https://ic.zigbang.com/ic/items/47003019/1.jpg
동작구,상도동,47027700,"숭실대,중앙대 인근 분리형 신축컨디션원룸",동작구 상도동,서울시,동작구,상도동,1000,63,19,2,원룸,70000,37.5000990749534,126.952936901631,https://ic.zigbang.com/ic/items/47027700/1.jpg
동작구,상도동,47031874,있는 그대로 찍은 주차비 무료인 가성비 최고의 방,동작구 상도동,서울시,동작구,상도동,300,30,18.33,반지하,원룸,100000,37.5000654239593,126.94892766638,https://ic.zigbang.com/ic/items/47031874/1.jpg
동작구,상도동,47037512,"숭실대,중앙대 유리한 위치 풀옵션 분리형 원룸 선착순",동작구 상도동,서울시,동작구,상도동,1000,60,19,1,원룸,70000,37.5001272300309,126.953046694159,https://ic.zigbang.com/ic/items/47037512/1.jpg
동작구,상도동,47038126,신축급 깔끔한 분리형 원룸,동작구 상도동,서울시,동작구,상도동,1000,60,18,1,원룸,70000,37.5001272300309,126.953046694159,https://ic.zigbang.com/ic/items/47038126/1.jpg
동작구,신대방동,46632503,"대형 1.5룸. 방1,거실1. 주차o, 엘베o",영등포구 대림동,서울시,영등포구,대림동,5000,65,32,5,원룸,80000,37.4956769067943,126.902192514875,https://ic.zigbang.com/ic/items/46632503/1.jpg
동작구,신대방동,46644456,지상층 완전 저렴한 방 딱한세대,영등포구 대림동,서울시,영등포구,대림동,500,33,18,2,원룸,70000,37.491948791425,126.903483066887,https://ic.zigbang.com/ic/items/46644456/1.jpg
동작구,신대방동,46650789,고시원보다 싼방 풀옵션 깔끔한 원룸,영등포구 대림동,서울시,영등포구,대림동,200,28,20,반지하,원룸,100000,37.4944395234022,126.900965501385,https://ic.zigbang.com/ic/items/46650789/1.jpg
동작구,신대방동,46710849,신대방역 초역세권 나만 알고싶은 방,관악구 신림동,서울시,관악구,신림동,100,25,14.84,1,원룸,90000,37.4857999644317,126.912641245936,https://ic.zigbang.com/ic/items/46710849/1.jpg
동작구,신대방동,46710854,신대방 코앞 신축 지상층 찐매물,관악구 신림동,서울시,관악구,신림동,100,25,14.35,1,원룸,90000,37.4857999644317,126.912641245936,https://ic.zigbang.com/ic/items/46710854/1.jpg
동작구,신대방동,46723776,HUG청년버팀목ㅣ보증보험OK신축ㅣ 풀옵션 오피스텔ㅣ건설임대,영등포구 신길동,서울특별시,영등포구,신길동,29920,0,39.7,고,오피스텔,88000,37.4939014173664,126.909234762718,https://ic.zigbang.com/ic/items/46723776/1.jpg
동작구,신대방동,46741604,"신축 1.5룸, 무융자, 2호선 더블역세권, 즉시입주가능",관악구 신림동,서울시,관악구,신림동,2000,60,19.9,1,원룸,120000,37.4818998755027,126.910020819333,https://ic.zigbang.com/ic/items/46741604/1.jpg
동작구,신대방동,46754889,ㅁ 희귀 보증보험 가능 ㅁ 신대방역 초역세권 신축 원룸 ㅁ,동작구 신대방동,서울시,동작구,신대방동,13000,0,20.81,4,원룸,90000,37.4880236295606,126.910207957889,https://ic.zigbang.com/ic/items/46754889/1.jpg
동작구,신대방동,46757261,풀옵션역세권원룸단기가능,동작구 신대방동,서울시,동작구,신대방동,50,45,14.88,4,원룸,70000,37.4873749121062,126.909745597373,https://ic.zigbang.com/ic/items/46757261/1.jpg
동작구,신대방동,46778493,"전세대출가능,귀한융자없는집,,신대방역5분,엄청큰방,채광굿",관악구 신림동,서울시,관악구,신림동,12000,0,22,2,원룸,60000,37.4832434904601,126.913809011203,https://ic.zigbang.com/ic/items/46778493/1.jpg
동작구,신대방동,46802228,"넓은 1.5룸 주차o, 엘베o 보증금 조절 가능",영등포구 대림동,서울시,영등포구,대림동,3000,75,33,5,원룸,80000,37.4956769067943,126.902192514875,https://ic.zigbang.com/ic/items/46802228/1.jpg
동작구,신대방동,46802326,지상층 특가 풀옵션 1인 거주하기 너무 좋은 방.,영등포구 대림동,서울시,영등포구,대림동,500,30,16,3,원룸,50000,37.4945116261383,126.905277648585,https://ic.zigbang.com/ic/items/46802326/1.jpg
동작구,신대방동,46810448,신대방역 도보 8분 채광좋은 지상층 원룸,동작구 신대방동,서울시,동작구,신대방동,200,25,18.18,2,원룸,,37.4894914273122,126.910163685246,https://ic.zigbang.com/ic/items/46810448/1.jpg
동작구,신대방동,46819130,w신대방역w역세권w지상층원룸w,동작구 신대방동,서울시,동작구,신대방동,300,30,19.8,2,원룸,50000,37.4897291952877,126.912920938579,https://ic.zigbang.com/ic/items/46819130/1.jpg
동작구,신대방동,46827975,HUG청년버팀목ㅣ보증보험OK신축ㅣ 풀옵션 오피스텔ㅣ건설임대,영등포구 신길동,서울특별시,영등포구,신길동,28350,0,39.7,중,오피스텔,88000,37.4939014173664,126.909234762718,https://ic.zigbang.com/ic/items/46827975/1.jpg
동작구,신대방동,46829112,"O그린,우디,스타일링 원룸 나만의 작은 숲O",관악구 신림동,서울시,관악구,신림동,200,25,14.35,1,원룸,90000,37.4857999644317,126.912641245936,https://ic.zigbang.com/ic/items/46829112/1.jpg
동작구,신대방동,46886263,대림역구로디지털단지역신대방역 트리플 역세권  초 저렴,영등포구 대림동,서울시,영등포구,대림동,100,21,10.12,옥탑방,원룸,90000,37.4903991621105,126.904496743762,https://ic.zigbang.com/ic/items/46886263/1.jpg
동작구,신대방동,46909553,HUG버팀목ㅣ보증보험OKㅣ건설임대ㅣ신축ㅣ 풀옵션 ㅣ오피스텔,영등포구 신길동,서울특별시,영등포구,신길동,29500,0,39.7,중,오피스텔,88000,37.4939014173664,126.909234762718,https://ic.zigbang.com/ic/items/46909553/1.jpg
동작구,신대방동,46916662,신대방 초역세권 분리형 신축급컨디션,관악구 신림동,서울시,관악구,신림동,300,50,18.1,2,원룸,80000,37.485907798518,126.91237552284,https://ic.zigbang.com/ic/items/46916662/1.jpg
동작구,신대방동,46934065,"신풍역 역세권 최고의 가성비 분리형 원룸 ,넓어요",영등포구 신길동,서울시,영등포구,신길동,300,30,23,1,원룸,50000,37.4981314975574,126.906620957596,https://ic.zigbang.com/ic/items/46934065/1.jpg
동작구,신대방동,46939681,리모델링 애완동물O 단기 및 장기거주 O,동작구 신대방동,서울시,동작구,신대방동,100,49,21,2,원룸,120000,37.4868457606779,126.910351044077,https://ic.zigbang.com/ic/items/46939681/1.jpg
동작구,신대방동,46953667,초역세권 깔끔한 분리형 원룸,동작구 신대방동,서울시,동작구,신대방동,100,19,21,2,원룸,90000,37.4879887789627,126.913124791423,https://ic.zigbang.com/ic/items/46953667/1.jpg
동작구,신대방동,46956404,"구로 디지털단지역 도보5분 골목x 경사x 크기,컨디션,역세",영등포구 대림동,서울시,영등포구,대림동,13000,0,26.3,3,원룸,100000,37.4879571071862,126.90146795562,https://ic.zigbang.com/ic/items/46956404/1.jpg
동작구,신대방동,46978552,애완동물  고양이 다키우자 인테리어 이쁜 신대방역세권,관악구 신림동,서울시,관악구,신림동,200,30,22,반지하,원룸,90000,37.485068254573,126.910117084004,https://ic.zigbang.com/ic/items/46978552/1.jpg
동작구,신대방동,46979209,최우선변제금 5500까지 전세 안심매물 깔끔한 신축원룸,관악구 신림동,서울시,관악구,신림동,5000,0,23.14,3,원룸,90000,37.4812298718491,126.90697823899,https://ic.zigbang.com/ic/items/46979209/1.jpg
동작구,신대방동,46988595,O깔끔풀옵션 O가성비지상층 O한달만가능,영등포구 대림동,서울시,영등포구,대림동,50,38,18.1,2,원룸,100000,37.490941716463,126.904791746525,https://ic.zigbang.com/ic/items/46988595/1.jpg
동작구,신대방동,46992639,관리비 없는 넓은 방 정말 저렴하고 즉시 입주 가능합니다.,영등포구 대림동,서울시,영등포구,대림동,200,30,23,반지하,원룸,,37.4962407561086,126.90328631869,https://ic.zigbang.com/ic/items/46992639/1.jpg
동작구,신대방동,47000842,완벽 리모델링 넓은 분리형 여성선호도1위,동작구 신대방동,서울시,동작구,신대방동,500,44,25.6,1,원룸,90000,37.4883547009956,126.911697172512,https://ic.zigbang.com/ic/items/47000842/1.jpg
동작구,신대방동,47015875,"전용13평 ,1.5룸 , 주상복합 대단지 ,주차장 좋음",동작구 신대방동,서울특별시,동작구,신대방동,24000,0,82.97,중,오피스텔,100000,37.4878836,126.906252,https://ic.zigbang.com/ic/items/47015875/1.jpg
동작구,신대방동,47021946,단기 장기거주O 풀옵션 2호선 신대방역,동작구 신대방동,서울시,동작구,신대방동,100,49,20,2,원룸,100000,37.4860287233685,126.907886900505,https://ic.zigbang.com/ic/items/47021946/1.jpg
동작구,신대방동,47028836,관악구 초가성비 매물 먼저 연락주시는 분이 임자,동작구 신대방동,서울시,동작구,신대방동,1000,30,18.5,2,원룸,50000,37.4864471040027,126.909222524975,https://ic.zigbang.com/ic/items/47028836/1.jpg
동작구,신대방동,47033545,단기방 3개월가능 I 신대방 역세권원룸 I 엘리베이터 있음,동작구 신대방동,서울시,동작구,신대방동,50,40,16.53,6,원룸,70000,37.4873749121062,126.909745597373,https://ic.zigbang.com/ic/items/47033545/1.jpg
동작구,신대방동,47035065,v LH올승인 v구디역o넓은 원룸 HUG버팀목 보증보험v,영등포구 대림동,서울시,영등포구,대림동,8400,6,14.22,2,원룸,90000,37.4882631034809,126.903891475665,https://ic.zigbang.com/ic/items/47035065/1.jpg
동작구,신대방동,47050235,구로디지털단지 뻥뷰 채광좋은 1.5룸구조 신축급컨디션,영등포구 대림동,서울시,영등포구,대림동,1000,46,23.23,3,원룸,90000,37.4901562160745,126.906140142101,https://ic.zigbang.com/ic/items/47050235/1.jpg
동작구,신대방동,47052872,즉시입주가능ㅣ단기부터장기까지가능ㅣ풀옵션원룸ㅣ초역세권,동작구 신대방동,서울시,동작구,신대방동,30,33,19.83,반지하,원룸,100000,37.4884116322807,126.909419493918,https://ic.zigbang.com/ic/items/47052872/1.jpg
동작구,신대방동,47059118,대로변 즉시 입주 가능 깔끔한 화이트 톤 풀옵션 원룸,영등포구 대림동,서울시,영등포구,대림동,500,50,18.5,1,원룸,80000,37.4948781346084,126.905589065462,https://ic.zigbang.com/ic/items/47059118/1.jpg
동작구,신대방동,47059161,지상층 특가 풀옵션 즉시입주 가능합니다.,영등포구 대림동,서울시,영등포구,대림동,500,44,18.5,2,원룸,60000,37.4952939390714,126.905463812056,https://ic.zigbang.com/ic/items/47059161/1.jpg
동작구,신대방동,47059806,개별테라스O 복층까지. 풀옵션 매물 빠른 입주 가능,영등포구 대림동,서울시,영등포구,대림동,1000,60,23,4,원룸,60000,37.4952939390714,126.905463812056,https://ic.zigbang.com/ic/items/47059806/1.jpg
동작구,신대방동,47064991,신축급 건물로 깨끗 하며 교통이 편 하고  조용하고 안전함,영등포구 대림동,서울시,영등포구,대림동,1000,51,17.5,2,원룸,80000,37.4903804725198,126.905231868629,https://ic.zigbang.com/ic/items/47064991/1.jpg
동작구,신대방동,47067481,O 구로디지털단지역 O 병원바로앞 O 풀옵션원룸 O,영등포구 대림동,서울시,영등포구,대림동,50,49,18,3,원룸,120000,37.4915784243847,126.907816536534,https://ic.zigbang.com/ic/items/47067481/1.jpg
동작구,흑석동,46916081,신축1.5룸 역도보1분 애완가능주차무료,동작구 상도동,서울시,동작구,상도동,3000,120,29.96,3,원룸,50000,37.4953730300968,126.9529468786,https://ic.zigbang.com/ic/items/46916081/1.jpg
동작구,흑석동,46923182,숭실대초근접 숭실대입구역초역세권 신축풀옵션원룸,동작구 상도동,서울시,동작구,상도동,1000,40,17,2,원룸,70000,37.4936644219154,126.954017800943,https://ic.zigbang.com/ic/items/46923182/1.jpg
동작구,흑석동,46924385,숭실대 지상3층높이 보증금조절가능,동작구 상도동,서울시,동작구,상도동,2000,55,19,2,원룸,100000,37.4947969697725,126.955620266794,https://ic.zigbang.com/ic/items/46924385/1.jpg
동작구,흑석동,46980705,숭실대 바로앞 1.5룸 큰방ㅣ채광 잘드는 베란다 있는 방,동작구 상도동,서울시,동작구,상도동,500,45,26.84,3,원룸,90000,37.4932396348466,126.955528576234,https://ic.zigbang.com/ic/items/46980705/1.jpg
동작구,흑석동,47000007,화이트톤 리모델링 풀옵션 원룸,동작구 상도동,서울시,동작구,상도동,2000,55,18.5,1,원룸,70000,37.4932396348466,126.955528576234,https://ic.zigbang.com/ic/items/47000007/1.jpg
동작구,흑석동,47007922,숭실대입구역ㅣ베란다ㅣ흔치않은집ㅣ인프라최상,동작구 상도동,서울시,동작구,상도동,300,40,19.83,3,원룸,70000,37.4954688394962,126.952802185617,https://ic.zigbang.com/ic/items/47007922/1.jpg
동작구,흑석동,47010273,숭실대입구역 채광 한도초과 7호선 가장좋은 집.,동작구 상도동,서울시,동작구,상도동,500,40,23.14,3,원룸,80000,37.4949323766743,126.957043775604,https://ic.zigbang.com/ic/items/47010273/1.jpg
동작구,흑석동,47029343,보증금 조율 가능한 가성비 최고의 원룸,동작구 상도동,서울시,동작구,상도동,300,20,17.22,반지하,원룸,120000,37.4944366102559,126.958209361565,https://ic.zigbang.com/ic/items/47029343/1.jpg
동작구,흑석동,47030743,"보증금 조절 가능한 분리형 원룸,",동작구 상도동,서울시,동작구,상도동,2000,30,18.33,2,원룸,50000,37.4934515409324,126.955499954497,https://ic.zigbang.com/ic/items/47030743/1.jpg
동작구,흑석동,47037627,숭실대 직장인들의 워너비,동작구 상도동,서울시,동작구,상도동,1000,50,17.8,3,원룸,120000,37.495295109908,126.953216290041,https://ic.zigbang.com/ic/items/47037627/1.jpg
동작구,흑석동,47056041,"지상층 가성비 원룸,숭실대 코앞",동작구 상도동,서울시,동작구,상도동,200,40,19.8,1,원룸,70000,37.4941771089549,126.955946306374,https://ic.zigbang.com/ic/items/47056041/1.jpg
동작구,흑석동,47062311,숭실대 학생들의 워너비,동작구 상도동,서울시,동작구,상도동,500,50,16.8,4,원룸,120000,37.495295109908,126.953216290041,https://ic.zigbang.com/ic/items/47062311/1.jpg
