﻿search_gu,search_dong,item_id,title,address,local1,local2,local3,deposit,rent,size_m2,floor,service_type,manage_cost,lat,lng,thumbnail
서초구,반포동,46723192,"준신축급,풀옵션,고급주택단지,쾌적한주거지역",서초구 방배동,서울시,서초구,방배동,18000,0,21.79,2,원룸,250000,37.4909743157346,126.995456040442,https://ic.zigbang.com/ic/items/46723192/1.jpg
서초구,반포동,46734292,"보증보험.청년버팀목가능,신축급원룸",서초구 방배동,서울시,서초구,방배동,18000,0,21.79,2,원룸,250000,37.4909743157346,126.995456040442,https://ic.zigbang.com/ic/items/46734292/1.jpg
서초구,반포동,46905322,"조용한 주거단지 깨끗한 내부,대출가능. 직장인,학생 강추",서초구 방배동,서울시,서초구,방배동,18000,0,21.79,2,원룸,250000,37.4909743157346,126.995456040442,https://ic.zigbang.com/ic/items/46905322/1.jpg
서초구,반포동,46907358,서래마을 넓고 채광좋은 풀옵션 1.5룸,서초구 반포동,서울시,서초구,반포동,3000,95,39.67,3,원룸,180000,37.4975611231709,126.999397251921,https://ic.zigbang.com/ic/items/46907358/1.jpg
서초구,반포동,46957631,22년 신축1.5룸 풀옵션 전망최상 빠른입주가능 알루어반포,서초구 반포동,서울특별시,서초구,반포동,5000,275,74.69,7,오피스텔,200000,37.5002390941305,126.999407634674,https://ic.zigbang.com/ic/items/46957631/1.jpg
서초구,반포동,46987847,방배동 가성비 풀옵션 원룸,서초구 방배동,서울시,서초구,방배동,1000,55,17,2,원룸,30000,37.4907650766272,126.99484318284,https://ic.zigbang.com/ic/items/46987847/1.jpg
서초구,반포동,47057867,큰방.서래마을 최저가 월세,서초구 반포동,서울시,서초구,반포동,3000,55,33.16,1,원룸,50000,37.4941195427667,127.001230997089,https://ic.zigbang.com/ic/items/47057867/1.jpg
서초구,반포동,47058407,서래마을 럭셔리 분리형 원룸.옥상단독사용,서초구 반포동,서울시,서초구,반포동,1000,72,26.45,옥탑방,원룸,80000,37.4945793326496,127.000306450722,https://ic.zigbang.com/ic/items/47058407/1.jpg
서초구,방배동,46359311,내방역세권 넓고 채광좋은 1.5룸,서초구 방배동,서울시,서초구,방배동,1000,105,20.02,4,원룸,100000,37.4853579953511,126.996083792436,https://ic.zigbang.com/ic/items/46359311/1.jpg
서초구,방배동,46495500,방배역 인근  풀옵션 원룸,서초구 방배동,서울시,서초구,방배동,500,45,14,반지하,원룸,50000,37.4833619371922,126.992972473572,https://ic.zigbang.com/ic/items/46495500/1.jpg
서초구,방배동,46831550,신축 큰사이즈 분리형 원룸.더블역세권,서초구 방배동,서울시,서초구,방배동,1000,105,20.02,4,원룸,100000,37.4853579953511,126.996083792436,https://ic.zigbang.com/ic/items/46831550/1.jpg
서초구,방배동,46844873,최저가 원룸 방배동 최저가 더블 역세권,서초구 방배동,서울시,서초구,방배동,1000,65,20,5,원룸,80000,37.4851000711303,126.994663343189,https://ic.zigbang.com/ic/items/46844873/1.jpg
서초구,방배동,46871473,주차와 보완이 완벽한 분리형 원룸 입니다,서초구 방배동,서울시,서초구,방배동,10000,48,18.64,2,원룸,100000,37.4871532778279,126.996875303562,https://ic.zigbang.com/ic/items/46871473/1.jpg
서초구,방배동,46877333,"방배역세권,입주협의 가능,주차가능,",서초구 방배동,서울시,서초구,방배동,1000,66,19.24,2,원룸,160000,37.4840830924098,126.994436832011,https://ic.zigbang.com/ic/items/46877333/1.jpg
서초구,방배동,46897284,"방배역, 내방역 도보 5분 거리 럭셔리 원룸",서초구 방배동,서울시,서초구,방배동,1000,68,19.24,2,원룸,140000,37.4840830924098,126.994436832011,https://ic.zigbang.com/ic/items/46897284/1.jpg
서초구,방배동,46931130,신축 럭셔리 원룸.더블역세권,서초구 방배동,서울시,서초구,방배동,1000,66,20.22,4,원룸,140000,37.4833688482121,126.994133532782,https://ic.zigbang.com/ic/items/46931130/1.jpg
서초구,방배동,46936012,방배역 인근 신축급 풀옵션 원룸 월세,서초구 방배동,서울시,서초구,방배동,1000,54,18.6,2,원룸,90000,37.4821289792125,126.994320974584,https://ic.zigbang.com/ic/items/46936012/1.jpg
서초구,방배동,46963261,"방배역세권,가성비짱,내외부깔끔,입주협의",서초구 방배동,서울시,서초구,방배동,1000,65,19.4,4,원룸,100000,37.4832513366682,126.995774671336,https://ic.zigbang.com/ic/items/46963261/1.jpg
서초구,방배동,46983833,"방배역세권.허그대출,보증보험 가능. 승강기유.주방과 분리됨",서초구 방배동,서울시,서초구,방배동,19700,0,24,2,원룸,100000,37.4823328504845,126.993784023022,https://ic.zigbang.com/ic/items/46983833/1.jpg
서초구,방배동,46997621,방배역 인근  대출,서초구 방배동,서울시,서초구,방배동,19700,0,24,2,원룸,50000,37.4823328504845,126.993784023022,https://ic.zigbang.com/ic/items/46997621/1.jpg
서초구,방배동,46999543,"내방역이용 신축4년 넓은분리형 풀옵션, 샤워부스있어요",서초구 방배동,서울시,서초구,방배동,2000,85,26.45,3,원룸,70000,37.48660987114973,126.99656268921052,https://ic.zigbang.com/ic/items/46999543/1.jpg
서초구,방배동,47002613,예쁜방.최저가 월세,서초구 방배동,서울시,서초구,방배동,1000,55,18.5,3,원룸,70000,37.4850512338881,126.992901987617,https://ic.zigbang.com/ic/items/47002613/1.jpg
서초구,방배동,47007230,"준신축급 분리형 풀옵션 원룸,샤워부스,세탁실 별도",서초구 방배동,서울시,서초구,방배동,2000,85,29.7,3,원룸,100000,37.4866085195808,126.996560993231,https://ic.zigbang.com/ic/items/47007230/1.jpg
서초구,방배동,47018368,"풀옵션. 넓은방, 거실, 발코니. 풀옵션, 일렬주차",서초구 방배동,서울시,서초구,방배동,3000,100,34.71,2,원룸,60000,37.48422748491655,126.9936592674998,https://ic.zigbang.com/ic/items/47018368/1.jpg
서초구,방배동,47053857,큰방.방배역.내방역 도보 5분 더블 역세권,서초구 방배동,서울시,서초구,방배동,1000,75,23.3,3,원룸,80000,37.4851000711303,126.994663343189,https://ic.zigbang.com/ic/items/47053857/1.jpg
서초구,서초동,46618031,놓히면후회 조용한주택 주차1대ok 지상층 넓은 분리형 원룸,서초구 반포동,서울시,서초구,반포동,1000,84,38,3,원룸,60000,37.5062111947755,127.018108392342,https://ic.zigbang.com/ic/items/46618031/1.jpg
서초구,서초동,46640634,기가막힌 가성비 자랑하는 오픈형 원룸.,서초구 반포동,서울시,서초구,반포동,50,45,17.02,반지하,원룸,70000,37.5052295631615,127.020763797816,https://ic.zigbang.com/ic/items/46640634/1.jpg
서초구,서초동,46717494,꒰꒰화이트 리모델링 평수 컨디션 완벽꒱꒱,서초구 반포동,서울시,서초구,반포동,150,65,28.12,반지하,원룸,100000,37.504988094064,127.019162388489,https://ic.zigbang.com/ic/items/46717494/1.jpg
서초구,서초동,46724803,메머드급 사이즈 자랑하는 주방 분리형 원룸.,서초구 반포동,서울시,서초구,반포동,60,60,28.32,2,원룸,70000,37.506243832932,127.019113963771,https://ic.zigbang.com/ic/items/46724803/1.jpg
서초구,서초동,46729669,단기풀옵션 한달부터가능,서초구 서초동,서울특별시,서초구,서초동,200,140,40.19,7,오피스텔,120000,37.49407196044922,127.01620483398438,https://ic.zigbang.com/ic/items/46729669/1.jpg
서초구,서초동,46775205,ㅁ최신축급 리모델링 상태 GOATㅁ 반포동 이거 하나로 끝,서초구 반포동,서울시,서초구,반포동,100,70,27.86,2,원룸,100000,37.5054486435198,127.021013352322,https://ic.zigbang.com/ic/items/46775205/1.jpg
서초구,서초동,46784407,신논현역3분.단기1개월부터.즉입,서초구 서초동,서울특별시,서초구,서초동,110,110,56.39,고,오피스텔,130000,37.50204849243164,127.02400970458984,https://ic.zigbang.com/ic/items/46784407/1.jpg
서초구,서초동,46796688,신논현역4분 넓은 평수,서초구 반포동,서울시,서초구,반포동,18000,0,27,3,원룸,100000,37.5046937677811,127.020578057744,https://ic.zigbang.com/ic/items/46796688/1.jpg
서초구,서초동,46802319,꒰꒰최저가 신축급 깔끔한 원룸 ꒱꒱,서초구 반포동,서울시,서초구,반포동,50,50,17.78,3,원룸,50000,37.5069649358619,127.022052601983,https://ic.zigbang.com/ic/items/46802319/1.jpg
서초구,서초동,46805522,"강남대로 이면 논현역, 신논현역 중간 다세대원룸전세",서초구 반포동,서울시,서초구,반포동,15000,0,17.1,2,원룸,60000,37.506848098743376,127.0219278183708,https://ic.zigbang.com/ic/items/46805522/1.jpg
서초구,서초동,46808739,ㅡNEWㅡ 신분당 논현역 초역세권 최고 오픈형 원룸,서초구 반포동,서울시,서초구,반포동,60,60,23,3,원룸,100000,37.505032005388,127.020053040238,https://ic.zigbang.com/ic/items/46808739/1.jpg
서초구,서초동,46827546,퀄리티최정상 풀옵션 면적잘나옴 주차가능 남향 교대역1분,서초구 서초동,서울시,서초구,서초동,1000,72,19.25,4,원룸,140000,37.493071888377,127.015758148326,https://ic.zigbang.com/ic/items/46827546/1.jpg
서초구,서초동,46838055,ㅡ 초대형 사이즈 ㅡ 깔끔한 원룸원거실,강남구 논현동,서울시,강남구,논현동,110,110,33,3,원룸,100000,37.5061504129524,127.025690188373,https://ic.zigbang.com/ic/items/46838055/1.jpg
서초구,서초동,46841595,신논현역 도보 1분거리 찐 가성비 만점 오픈형 원룸.,강남구 역삼동,서울시,강남구,역삼동,55,55,23.79,반지하,원룸,70000,37.5044482764605,127.025907202451,https://ic.zigbang.com/ic/items/46841595/1.jpg
서초구,서초동,46855429,2호선 3호선 출퇴근 직장인을 위한 최적의 선택,서초구 서초동,서울특별시,서초구,서초동,2000,120,70.9,5,오피스텔,100000,37.49471282958984,127.0182876586914,https://ic.zigbang.com/ic/items/46855429/1.jpg
서초구,서초동,46855530,ㅡNew updateㅡ 신논현 채광 뷰 종결하겠습니다.,서초구 서초동,서울특별시,서초구,서초동,200,135,69.41,12,오피스텔,110000,37.50112533569336,127.0243682861328,https://ic.zigbang.com/ic/items/46855530/1.jpg
서초구,서초동,46856820,가성비 만점 리모델링 완료된 주방 분리형 원룸.,서초구 반포동,서울시,서초구,반포동,50,50,27.38,반지하,원룸,80000,37.5058265123425,127.018388783477,https://ic.zigbang.com/ic/items/46856820/1.jpg
서초구,서초동,46861385,ㅁNew Updateㅁ 꿀소중이 매물등장 가성비 최고 ㅜㅜ,서초구 반포동,서울시,서초구,반포동,95,70,17.96,2,원룸,120000,37.5052297188701,127.021897374178,https://ic.zigbang.com/ic/items/46861385/1.jpg
서초구,서초동,46878915,전입가능 여성전용 단기 임대. 신논현.,서초구 서초동,서울특별시,서초구,서초동,300,118,42.14,10,오피스텔,140000,37.503506916851656,127.02325683728688,https://ic.zigbang.com/ic/items/46878915/1.jpg
서초구,서초동,46881007,ㅁAll리모델링 실가격 실매물ㅁ완전 신축급 최상의 컨디션,서초구 반포동,서울시,서초구,반포동,300,86,31.6,2,원룸,150000,37.5062354568456,127.018527995586,https://ic.zigbang.com/ic/items/46881007/1.jpg
서초구,서초동,46881033,ㅁ신축 update 진짜이쁜집 반포동 초대박매물ㅁ,서초구 반포동,서울시,서초구,반포동,200,80,27.9,2,원룸,100000,37.5072810630069,127.021263478976,https://ic.zigbang.com/ic/items/46881033/1.jpg
서초구,서초동,46881209,ㅁ신논현역 대장 오피스텔 아이파크1차 최고 로얄 TYPEㅁ,서초구 서초동,서울특별시,서초구,서초동,200,125,58.93,5,오피스텔,150000,37.50275039672852,127.02391052246094,https://ic.zigbang.com/ic/items/46881209/1.jpg
서초구,서초동,46894525,주차ok단기ok 신축 고층 뷰맛집 귀한 가구셋팅ㅇ 풀옵션ㅇ,서초구 서초동,서울특별시,서초구,서초동,300,270,50.87,고,오피스텔,180000,37.4965771611161,127.013620796969,https://ic.zigbang.com/ic/items/46894525/1.jpg
서초구,서초동,46895279,ㅁ365일 오픈ㅁNo.1 풀리모델링 빈틈없는 가성비 원룸,서초구 반포동,서울시,서초구,반포동,100,65,22,2,원룸,90000,37.505949836699,127.019652351222,https://ic.zigbang.com/ic/items/46895279/1.jpg
서초구,서초동,46899903,"교대역인근, 고층 투룸 복층형 높은층고 개방강up",서초구 서초동,서울특별시,서초구,서초동,3000,225,50.86,고,오피스텔,180000,37.4965771611161,127.013620796969,https://ic.zigbang.com/ic/items/46899903/1.jpg
서초구,서초동,46900095,ㅁNew업데이트ㅁNo.1 말도 안되는 가성비에 풀옵션까지,서초구 반포동,서울시,서초구,반포동,100,65,24,5,원룸,100000,37.5066661990551,127.021363850189,https://ic.zigbang.com/ic/items/46900095/1.jpg
서초구,서초동,46901247,"신논현3분 대출,보증보험 가능",서초구 반포동,서울시,서초구,반포동,20000,0,25,3,원룸,100000,37.5050535537378,127.021508155116,https://ic.zigbang.com/ic/items/46901247/1.jpg
서초구,서초동,46901955,ㅁNew업데이트ㅁ 이런게 가성비 초특가 원룸,서초구 반포동,서울시,서초구,반포동,100,65,18.08,2,원룸,100000,37.5061415273934,127.019910380024,https://ic.zigbang.com/ic/items/46901955/1.jpg
서초구,서초동,46902022,ㅁNew업데이트ㅁNo.1 특급 가성비 이 가격에 풀옵션까지,서초구 반포동,서울시,서초구,반포동,60,50,18,2,원룸,50000,37.5069649358619,127.022052601983,https://ic.zigbang.com/ic/items/46902022/1.jpg
서초구,서초동,46903336,알잘딱깔센 ㅣ S급원룸 ㅣ 리모델링 ㅣ 신논현역,서초구 서초동,서울시,서초구,서초동,1000,78,16.38,3,원룸,100000,37.5026931668614,127.02259521303,https://ic.zigbang.com/ic/items/46903336/1.jpg
서초구,서초동,46906511,1.5룸. 풀옵션. 입주협의. 주차 무료. 방음 굿,서초구 서초동,서울특별시,서초구,서초동,1000,80,52.89,중,오피스텔,200000,37.49628448486328,127.02040100097656,https://ic.zigbang.com/ic/items/46906511/1.jpg
서초구,서초동,46913144,"무보정실매물 ,순환형구조, 수영,헬스장,사우나 고급커뮤니티",서초구 서초동,서울특별시,서초구,서초동,5000,200,85.49,저,오피스텔,250000,37.4956746205474,127.025161328523,https://ic.zigbang.com/ic/items/46913144/1.jpg
서초구,서초동,46914603,o0뷰맛집0o 보면 반해버릴 화사한 컨디션 23년준공,서초구 서초동,서울특별시,서초구,서초동,1000,130,24.18,중,오피스텔,130000,37.4965771611161,127.013620796969,https://ic.zigbang.com/ic/items/46914603/1.jpg
서초구,서초동,46921233,신논현 도보 30초 풀옵션 단기,서초구 서초동,서울특별시,서초구,서초동,200,135,59.33,4,오피스텔,150000,37.5028457641602,127.024543762207,https://ic.zigbang.com/ic/items/46921233/1.jpg
서초구,서초동,46925368,강남 에이스 채광 프리미엄 호실 하이엔드 주거 사무용 가능,서초구 서초동,서울특별시,서초구,서초동,3000,400,137.86,12,오피스텔,400000,37.4956746205474,127.025161328523,https://ic.zigbang.com/ic/items/46925368/1.jpg
서초구,서초동,46925369,전입o 강남 최신 신축 채광 교대역3분거리 깔끔왕 오피스텔,서초구 서초동,서울특별시,서초구,서초동,1000,105,49.59,고,오피스텔,180000,37.4945158083681,127.017894219161,https://ic.zigbang.com/ic/items/46925369/1.jpg
서초구,서초동,46925758,신논현 신축 풀옵션,서초구 반포동,서울시,서초구,반포동,1000,80,18,3,원룸,100000,37.5055405556691,127.018818711846,https://ic.zigbang.com/ic/items/46925758/1.jpg
서초구,서초동,46930759,ㅣ원룸분리형ㅣ화이트톤ㅣ채광좋음ㅣ싱크대교체ㅣ가전교체ㅣ남서향ㅣ,서초구 반포동,서울시,서초구,반포동,2000,72,25,2,원룸,90000,37.5055823844524,127.020316818982,https://ic.zigbang.com/ic/items/46930759/1.jpg
서초구,서초동,46934151,인기매물. 전입가능. 교대 역세권. 복층. 풀옵션.,서초구 서초동,서울특별시,서초구,서초동,2000,80,39,고,오피스텔,160000,37.49556350708008,127.02068328857422,https://ic.zigbang.com/ic/items/46934151/1.jpg
서초구,서초동,46934832,ㅡNew Updateㅡ뷰예쁘게 나오는 신논현 오피스텔,서초구 서초동,서울특별시,서초구,서초동,150,120,57.68,7,오피스텔,150000,37.50230407714844,127.02399444580078,https://ic.zigbang.com/ic/items/46934832/1.jpg
서초구,서초동,46934875,ㅁ강남에서 사이즈 Top 오피스텔ㅁ 짐많아도 걱정 No.,서초구 서초동,서울특별시,서초구,서초동,150,110,56.24,10,오피스텔,100000,37.50204849243164,127.02400970458984,https://ic.zigbang.com/ic/items/46934875/1.jpg
서초구,서초동,46940565,ㅡ 미친 초가성비 ㅡ 특급ALL 리모델링 원룸,서초구 반포동,서울시,서초구,반포동,60,60,18,2,원룸,100000,37.5068315125049,127.019937707256,https://ic.zigbang.com/ic/items/46940565/1.jpg
서초구,서초동,46946669,ㅡ리모델링 초가성비 원룸ㅡ,서초구 반포동,서울시,서초구,반포동,60,60,23,4,원룸,100000,37.5071638740646,127.021584877145,https://ic.zigbang.com/ic/items/46946669/1.jpg
서초구,서초동,46949126,ㅁNew업데이트ㅁ초특가 리모델링 완벽 깔끔 인테리어 원룸,서초구 반포동,서울시,서초구,반포동,65,65,24,반지하,원룸,90000,37.5060324315318,127.019816026719,https://ic.zigbang.com/ic/items/46949126/1.jpg
서초구,서초동,46949714,ㅁ365일 오픈ㅁNo.1 신축보다 더 신축 풀리모델링 원룸,서초구 반포동,서울시,서초구,반포동,80,80,24,1,원룸,80000,37.504988094064,127.019162388489,https://ic.zigbang.com/ic/items/46949714/1.jpg
서초구,서초동,46953878,"교대역 신축 복층형 오피스텔, 내부 상태 최상급",서초구 서초동,서울특별시,서초구,서초동,1000,130,23.2,중,오피스텔,100000,37.4965771611161,127.013620796969,https://ic.zigbang.com/ic/items/46953878/1.jpg
서초구,서초동,46954643,ㅇ논현역4분ㅇ분리형ㅇ풀옵션ㅇ최저가ㅇ가성비ㅇ,서초구 반포동,서울시,서초구,반포동,1000,57,23.14,1,원룸,80000,37.5073914449871,127.020706375897,https://ic.zigbang.com/ic/items/46954643/1.jpg
서초구,서초동,46956133,서초디오빌강남  월세,서초구 서초동,서울특별시,서초구,서초동,1000,95,56.2,5,오피스텔,150000,37.50204849243164,127.02400970458984,https://ic.zigbang.com/ic/items/46956133/1.jpg
서초구,서초동,46956352,디오빌강남 단기임대 상태좋아요,서초구 서초동,서울특별시,서초구,서초동,200,130,56.2,8,오피스텔,150000,37.50204849243164,127.02400970458984,https://ic.zigbang.com/ic/items/46956352/1.jpg
서초구,서초동,46956701,A 올리모델링 벌레없는 분리형 원룸A,서초구 반포동,서울시,서초구,반포동,150,105,33.3,2,원룸,100000,37.5071795109429,127.021312309565,https://ic.zigbang.com/ic/items/46956701/1.jpg
서초구,서초동,46957633,"강남역 , 분리형 원룸 ,사우나, 편리한 자주식 주차",서초구 서초동,서울특별시,서초구,서초동,3000,300,120,5,오피스텔,0,37.4956746205474,127.025161328523,https://ic.zigbang.com/ic/items/46957633/1.jpg
서초구,서초동,46959515,아이파크1차 깨끗한 원룸 편리한 주차,서초구 서초동,서울특별시,서초구,서초동,125,125,39,4,오피스텔,120000,37.50275039672852,127.02391052246094,https://ic.zigbang.com/ic/items/46959515/1.jpg
서초구,서초동,46959759,"리가스퀘어 깔끔 강남역 ,교보타워 바로앞",서초구 서초동,서울특별시,서초구,서초동,120,120,69.41,9,오피스텔,130000,37.50112533569336,127.0243682861328,https://ic.zigbang.com/ic/items/46959759/1.jpg
서초구,서초동,46961235,•••••신논현역 컨디션 인테리어 최고 •••••,서초구 서초동,서울특별시,서초구,서초동,150,110,56.24,중,오피스텔,90000,37.50204849243164,127.02400970458984,https://ic.zigbang.com/ic/items/46961235/1.jpg
서초구,서초동,46961564,실금액 복층 오피스텔,서초구 서초동,서울특별시,서초구,서초동,200,110,28,4,오피스텔,120000,37.49556350708008,127.02068328857422,https://ic.zigbang.com/ic/items/46961564/1.jpg
서초구,서초동,46961621,저렴한 복층 월세 매물,서초구 서초동,서울특별시,서초구,서초동,2000,80,36,12,오피스텔,150000,37.49556350708008,127.02068328857422,https://ic.zigbang.com/ic/items/46961621/1.jpg
서초구,서초동,46962097,강남역 도보3분. 벨라채오피스텔.,서초구 서초동,서울특별시,서초구,서초동,1000,95,50.95,8,오피스텔,160000,37.49851608276367,127.02471160888672,https://ic.zigbang.com/ic/items/46962097/1.jpg
서초구,서초동,46962430,ㅁ365일 오픈ㅁNo.1 신축 No.1 호텔급 인테리어,서초구 반포동,서울시,서초구,반포동,80,80,22.05,3,원룸,100000,37.505611246769,127.020662454546,https://ic.zigbang.com/ic/items/46962430/1.jpg
서초구,서초동,46968573,신논현 지상층 최저가,서초구 반포동,서울시,서초구,반포동,1000,60,29.75,1,원룸,50000,37.5053111380808,127.019507531929,https://ic.zigbang.com/ic/items/46968573/1.jpg
서초구,서초동,46972775,"전망 최고, 컨디션 좋습니다 개별 창고 있는 오피스텔입니다",서초구 서초동,서울특별시,서초구,서초동,1000,90,49.28,11,오피스텔,120000,37.49851608276367,127.02471160888672,https://ic.zigbang.com/ic/items/46972775/1.jpg
서초구,서초동,46972982,"전입신고 가능, 전망 나오는라인 오피스텔입니다",서초구 서초동,서울특별시,서초구,서초동,1000,85,39.08,저,오피스텔,120000,37.49556350708008,127.02068328857422,https://ic.zigbang.com/ic/items/46972982/1.jpg
서초구,서초동,46975181,전입가능 희귀매물,서초구 서초동,서울특별시,서초구,서초동,1000,90,39.67,15,오피스텔,210000,37.49628448486328,127.02040100097656,https://ic.zigbang.com/ic/items/46975181/1.jpg
서초구,서초동,46977504,"가격인하, 허그버팀목o, 신축 최상 퀄리티, 융자 무",서초구 서초동,서울시,서초구,서초동,25500,0,19.31,5,원룸,60000,37.4896831684753,127.020116102404,https://ic.zigbang.com/ic/items/46977504/1.jpg
서초구,서초동,46982015,신논현2분 리모델링,서초구 서초동,서울시,서초구,서초동,5000,85,33.06,3,원룸,150000,37.5031020466249,127.02257746735,https://ic.zigbang.com/ic/items/46982015/1.jpg
서초구,서초동,46989224,신논현역 도보 1분 초가성비 사이즈 넓은 분리형 원룸,서초구 서초동,서울시,서초구,서초동,300,66,26,2,원룸,100000,37.502924472923,127.022501414691,https://ic.zigbang.com/ic/items/46989224/1.jpg
서초구,서초동,46990624,꒰꒰벽지화이트 교체꒱꒱올리모델링 풀옵션 단기 입니다,서초구 반포동,서울시,서초구,반포동,70,70,22.21,2,원룸,100000,37.5067666642266,127.020325056914,https://ic.zigbang.com/ic/items/46990624/1.jpg
서초구,서초동,46992470,ㅇㅇ원룸빌트인전세..허그가능ㅇㅇ,서초구 반포동,서울시,서초구,반포동,18000,0,21.01,3,원룸,90000,37.5069929191159,127.020252168648,https://ic.zigbang.com/ic/items/46992470/1.jpg
서초구,서초동,46992713,신논현2분 올리모델링 첫입주,서초구 반포동,서울시,서초구,반포동,1000,100,28,1,원룸,50000,37.5057228553486,127.022764416308,https://ic.zigbang.com/ic/items/46992713/1.jpg
서초구,서초동,46999380,디오빌강남 가성비 전용 넓은 오피스텔,서초구 서초동,서울특별시,서초구,서초동,1000,95,56.2,8,오피스텔,160000,37.50204849243164,127.02400970458984,https://ic.zigbang.com/ic/items/46999380/1.jpg
서초구,서초동,46999497,"전입가능, 풀옵션 단기임대 오피스텔, 신논현 역세권",서초구 서초동,서울특별시,서초구,서초동,300,96,43.28,9,오피스텔,140000,37.503506916851656,127.02325683728688,https://ic.zigbang.com/ic/items/46999497/1.jpg
서초구,서초동,47002906,리모델링 파스텔톤 뷰티원룸,서초구 반포동,서울시,서초구,반포동,100,70,23.31,3,원룸,120000,37.5062330153061,127.019696307874,https://ic.zigbang.com/ic/items/47002906/1.jpg
서초구,서초동,47003644,w서초동 깔끔 가성비 풀옵션 오피스텔w,서초구 서초동,서울특별시,서초구,서초동,150,115,44.13,7,오피스텔,90000,37.50359335602519,127.02354638739844,https://ic.zigbang.com/ic/items/47003644/1.jpg
서초구,서초동,47003698,w사이즈BIG 가성비 위치갑w,서초구 서초동,서울특별시,서초구,서초동,150,130,44.4,4,오피스텔,130000,37.5028457641602,127.024543762207,https://ic.zigbang.com/ic/items/47003698/1.jpg
서초구,서초동,47003818,채광맛집 BIG 사이즈 오픈형,서초구 서초동,서울특별시,서초구,서초동,150,125,60.14,7,오피스텔,120000,37.50204849243164,127.02400970458984,https://ic.zigbang.com/ic/items/47003818/1.jpg
서초구,서초동,47003834,교대역 귀한 풀옵션 오피스텔,서초구 서초동,서울특별시,서초구,서초동,200,130,40.19,7,오피스텔,120000,37.49407196044922,127.01620483398438,https://ic.zigbang.com/ic/items/47003834/1.jpg
서초구,서초동,47003845,신논현역 풀옵션 깔끔한 오피스텔,서초구 서초동,서울특별시,서초구,서초동,200,135,59.41,11,오피스텔,100000,37.50275039672852,127.02391052246094,https://ic.zigbang.com/ic/items/47003845/1.jpg
서초구,서초동,47003861,초가성비 원룸원거실,서초구 서초동,서울특별시,서초구,서초동,150,140,63.19,12,오피스텔,120000,37.49851608276367,127.02471160888672,https://ic.zigbang.com/ic/items/47003861/1.jpg
서초구,서초동,47004230,대궐사이즈 침실 분리형 원룸,서초구 반포동,서울시,서초구,반포동,120,85,33.89,3,원룸,120000,37.5060429440945,127.019449589598,https://ic.zigbang.com/ic/items/47004230/1.jpg
서초구,서초동,47004278,"진짜 실가격, 올리모델링 풀옵션 원룸",서초구 반포동,서울시,서초구,반포동,200,65,23.3,3,원룸,100000,37.505949836699,127.019652351222,https://ic.zigbang.com/ic/items/47004278/1.jpg
서초구,서초동,47004354,채광맛집 넓은 가성비 오픈형 원룸,서초구 반포동,서울시,서초구,반포동,100,65,23.1,4,원룸,90000,37.5054401234728,127.019192927341,https://ic.zigbang.com/ic/items/47004354/1.jpg
서초구,서초동,47004485,초가성비 관리잘된 엘베있음 오픈형원룸,서초구 반포동,서울시,서초구,반포동,70,60,19.37,4,원룸,100000,37.5048971747671,127.020806569526,https://ic.zigbang.com/ic/items/47004485/1.jpg
서초구,서초동,47004708,"ㅁ이정도면 아파트급 오피스텔ㅁ채광,뷰,크기 모두 GOOD",서초구 서초동,서울특별시,서초구,서초동,200,140,55.73,9,오피스텔,150000,37.49851608276367,127.02471160888672,https://ic.zigbang.com/ic/items/47004708/1.jpg
서초구,서초동,47005074,"리모델링 완료, 풀옵션 오피스텔",서초구 서초동,서울특별시,서초구,서초동,200,120,55.62,6,오피스텔,100000,37.50112533569336,127.0243682861328,https://ic.zigbang.com/ic/items/47005074/1.jpg
서초구,서초동,47005144,화이트톤 신축급 가성비 오픈형 오피스텔,서초구 서초동,서울특별시,서초구,서초동,150,100,44.13,4,오피스텔,100000,37.50359335602519,127.02354638739844,https://ic.zigbang.com/ic/items/47005144/1.jpg
서초구,서초동,47005220,교대역 수리완료 풀옵션 오피스텔,서초구 서초동,서울특별시,서초구,서초동,200,135,40.19,6,오피스텔,120000,37.49407196044922,127.01620483398438,https://ic.zigbang.com/ic/items/47005220/1.jpg
서초구,서초동,47007840,강남대로 이면 럭셔리풀옵션 분리형원룸  초에이급,서초구 반포동,서울시,서초구,반포동,200,110,25,2,원룸,80000,37.506664397338405,127.02136226627977,https://ic.zigbang.com/ic/items/47007840/1.jpg
서초구,서초동,47008334,신논현역 도보 6분거리 인테리어 완료한 풀옵션,서초구 반포동,서울시,서초구,반포동,1000,65,20,3,원룸,100000,37.505809725216,127.019683416549,https://ic.zigbang.com/ic/items/47008334/1.jpg
서초구,서초동,47009051,신논현역 도보 5분거리 큰 도로와 가까이 위치한 원룸,서초구 반포동,서울시,서초구,반포동,100,100,20,3,원룸,50000,37.5042080021223,127.020251303266,https://ic.zigbang.com/ic/items/47009051/1.jpg
서초구,서초동,47011639,교대역. 전입가능. 리모델링 건물. 주차O. 풀옵션.,서초구 서초동,서울특별시,서초구,서초동,1000,100,49.59,중,오피스텔,200000,37.4945158083681,127.017894219161,https://ic.zigbang.com/ic/items/47011639/1.jpg
서초구,서초동,47011825,ㅁ리모델링형.풀옵션.깔끔한 화이트 원룸.,서초구 반포동,서울시,서초구,반포동,1000,65,23.16,2,원룸,100000,37.505809725216,127.019683416549,https://ic.zigbang.com/ic/items/47011825/1.jpg
서초구,서초동,47011945,ㅁ리모델링.첫입주.풀옵션.통베란다.인기 최고.,서초구 반포동,서울시,서초구,반포동,1000,63,26.5,2,원룸,70000,37.5071263432337,127.018702164134,https://ic.zigbang.com/ic/items/47011945/1.jpg
서초구,서초동,47012239,강남역 도보 3분 내외 깔끔한 오피스텔,서초구 서초동,서울특별시,서초구,서초동,1000,90,44.68,중,오피스텔,150000,37.49851608276367,127.02471160888672,https://ic.zigbang.com/ic/items/47012239/1.jpg
서초구,서초동,47012248,ㅁ11월 Best 매물ㅁ 1등 컨디션 신축 느낌나는 빌라,서초구 반포동,서울시,서초구,반포동,100,80,27.07,2,원룸,80000,37.5072810630069,127.021263478976,https://ic.zigbang.com/ic/items/47012248/1.jpg
서초구,서초동,47012375,"교대역 역세권, 주차 가능, 깨끗함, 풀옵션",서초구 서초동,서울시,서초구,서초동,1000,60,36.36,반지하,원룸,100000,37.49159240722657,127.01764678955078,https://ic.zigbang.com/ic/items/47012375/1.jpg
서초구,서초동,47013524,내부수리후 첫입주 조용한주택가 옵션많은 지상층 분리형원룸,서초구 반포동,서울시,서초구,반포동,1000,68,20.73,3,원룸,90000,37.5071263432337,127.018702164134,https://ic.zigbang.com/ic/items/47013524/1.jpg
서초구,서초동,47013559,반포동 조용한주택 깨끗하고 넓은구조 분리형원룸,서초구 반포동,서울시,서초구,반포동,1000,97,33.34,1,원룸,30000,37.5072651197906,127.020210960472,https://ic.zigbang.com/ic/items/47013559/1.jpg
서초구,서초동,47014810,"Eng,뷰맛집o최다호실보유,즉시입주가능,엘루크반포.하이엔드",서초구 서초동,서울특별시,서초구,서초동,1000,130,24.17,중,오피스텔,120000,37.4965771611161,127.013620796969,https://ic.zigbang.com/ic/items/47014810/1.jpg
서초구,서초동,47015167,조용한주택가 부분내부수리완료 저렴한월세 반지층 분리형원룸,서초구 반포동,서울시,서초구,반포동,1000,46,20.73,반지하,원룸,100000,37.5071263432337,127.018702164134,https://ic.zigbang.com/ic/items/47015167/1.jpg
서초구,서초동,47016275,oO친절안내Oo가격도 사이즈도 모두 최고 원룸,서초구 반포동,서울시,서초구,반포동,100,85,37.12,2,원룸,100000,37.5046039126062,127.01911773025,https://ic.zigbang.com/ic/items/47016275/1.jpg
서초구,서초동,47017363,"서초동 원룸원거실, 대출가능, 주차가능",서초구 서초동,서울시,서초구,서초동,20000,0,30.51,1,원룸,120000,37.4912606880727,127.019364114807,https://ic.zigbang.com/ic/items/47017363/1.jpg
서초구,서초동,47018211,큰원룸  중문 채광굿 조용한동네,서초구 반포동,서울시,서초구,반포동,1000,70,50,3,원룸,100000,37.5065940591021,127.017929787506,https://ic.zigbang.com/ic/items/47018211/1.jpg
서초구,서초동,47020238,신논현5분 주차가능,서초구 반포동,서울시,서초구,반포동,1000,69,27,3,원룸,110000,37.5047683975614,127.020425171338,https://ic.zigbang.com/ic/items/47020238/1.jpg
서초구,서초동,47021740,전입o 강남 최신 신축 채광 교대역3분거리 깔끔왕 오피스텔,서초구 서초동,서울특별시,서초구,서초동,1000,100,49.59,중,오피스텔,180000,37.4945158083681,127.017894219161,https://ic.zigbang.com/ic/items/47021740/1.jpg
서초구,서초동,47024231,전입신고 가능. 넓은원룸. 초역세권. 깔끔. 보안시설 완비,서초구 서초동,서울특별시,서초구,서초동,1500,126,35.6,중,오피스텔,140000,37.49194312696667,127.01340194205778,https://ic.zigbang.com/ic/items/47024231/1.jpg
서초구,서초동,47024340,oO친절안내Oo교대역 귀한위치 깨끗한 오피스텔,서초구 서초동,서울특별시,서초구,서초동,200,130,46.28,중,오피스텔,100000,37.49407196044922,127.01620483398438,https://ic.zigbang.com/ic/items/47024340/1.jpg
서초구,서초동,47025205,오픈형원룸 좋아요,서초구 반포동,서울시,서초구,반포동,500,45,33.05,반지하,원룸,50000,37.50751877081131,127.0201048270546,https://ic.zigbang.com/ic/items/47025205/1.jpg
서초구,서초동,47025322,vV풀옵션 최다매물보유Vv 올화이트톤 깔끔한 신축오피스텔,서초구 서초동,서울특별시,서초구,서초동,150,100,42.98,6,오피스텔,100000,37.50359335602519,127.02354638739844,https://ic.zigbang.com/ic/items/47025322/1.jpg
서초구,서초동,47027829,귀한 투룸. 빠른 입주. 보증보험ok. 세대창고. 주차편리,서초구 서초동,서울특별시,서초구,서초동,49600,0,96.87,고,오피스텔,160000,37.49127503214168,127.02232581725,https://ic.zigbang.com/ic/items/47027829/1.jpg
서초구,서초동,47027889,o0월세할인ㅡ최고0o     너무 좋은 방,서초구 서초동,서울특별시,서초구,서초동,125,125,42,9,오피스텔,90000,37.49407196044922,127.01620483398438,https://ic.zigbang.com/ic/items/47027889/1.jpg
서초구,서초동,47028158,전입가능. 뻥뷰. 교대역 더블역세권. 신축.주차가능.,서초구 서초동,서울특별시,서초구,서초동,1500,126,54.71,10,오피스텔,140000,37.49194312696667,127.01340194205778,https://ic.zigbang.com/ic/items/47028158/1.jpg
서초구,서초동,47029272,원룸원거실 엘베O 베란다O 주차O 반려동물O,강남구 논현동,서울시,강남구,논현동,1000,125,33.87,5,원룸,50000,37.5057173659044,127.02580008457,https://ic.zigbang.com/ic/items/47029272/1.jpg
서초구,서초동,47029889,깨끗 컨디션 최상 리모델링 원룸 붙박이장O 옵션O 샤워부스,서초구 반포동,서울시,서초구,반포동,1000,65,20,2,원룸,100000,37.505809725216,127.019683416549,https://ic.zigbang.com/ic/items/47029889/1.jpg
서초구,서초동,47030971,"Eng,최다호실보유,고층,원룸원거실,스타벅스입점,하이엔드",서초구 서초동,서울특별시,서초구,서초동,3000,300,126.19,고,오피스텔,300000,37.4956746205474,127.025161328523,https://ic.zigbang.com/ic/items/47030971/1.jpg
서초구,서초동,47033462,리모델링 후 첫입주 베란다O 풀옵션 주차 O,서초구 반포동,서울시,서초구,반포동,1000,100,30,3,원룸,100000,37.5062354568456,127.018527995586,https://ic.zigbang.com/ic/items/47033462/1.jpg
서초구,서초동,47033968,신논현역5분 분리형원룸 보험가입 LH전세대출 가능 베란다,서초구 반포동,서울시,서초구,반포동,13000,0,23.95,3,원룸,75000,37.5064918973191,127.019004433687,https://ic.zigbang.com/ic/items/47033968/1.jpg
서초구,서초동,47034053,신논현 올리모델링 단기. 디오빌강남.,서초구 서초동,서울특별시,서초구,서초동,200,140,56.2,5,오피스텔,150000,37.50204849243164,127.02400970458984,https://ic.zigbang.com/ic/items/47034053/1.jpg
서초구,서초동,47034130,신논현역5분 넓은 분리형 내부올수리 풀옵션 주차 베란다,서초구 반포동,서울시,서초구,반포동,2000,71,29.7,2,원룸,100000,37.5055823844524,127.020316818982,https://ic.zigbang.com/ic/items/47034130/1.jpg
서초구,서초동,47034132,논현역5분 내부올수리 화이트톤 강남최저월세 풀옵션 주차,서초구 반포동,서울시,서초구,반포동,300,48,23.1,반지하,원룸,50000,37.5071369778043,127.018106467057,https://ic.zigbang.com/ic/items/47034132/1.jpg
서초구,서초동,47034365,초대형 분리형 원룸ㅣ올 수리ㅣ잘 빠진 넓은 방 ㅣ넓은 거실,서초구 서초동,서울시,서초구,서초동,6000,85,27.79,3,원룸,100000,37.5031020466249,127.02257746735,https://ic.zigbang.com/ic/items/47034365/1.jpg
서초구,서초동,47035697,"ㅁ전속.풀옵션.넓고, 깔끔한 분리형 가성비 원룸",서초구 반포동,서울시,서초구,반포동,500,48,30,반지하,원룸,40000,37.507260046547,127.018738955175,https://ic.zigbang.com/ic/items/47035697/1.jpg
서초구,서초동,47035706,ㅁ전속.풀옵션.주차 가능.가성비 방.,서초구 반포동,서울시,서초구,반포동,500,70,23.3,2,원룸,50000,37.5055153243634,127.020463375737,https://ic.zigbang.com/ic/items/47035706/1.jpg
서초구,서초동,47035749,"ㅁ풀옵션.채광 좋고, 깔끔한 정남향 화이트 원룸",서초구 반포동,서울시,서초구,반포동,1000,57,24,2,원룸,80000,37.5073914449871,127.020706375897,https://ic.zigbang.com/ic/items/47035749/1.jpg
서초구,서초동,47035764,ㅁ올수리.풀옵션.분리형 구조.주차가.남향 집,서초구 반포동,서울시,서초구,반포동,2000,70,26.45,2,원룸,100000,37.5055823844524,127.020316818982,https://ic.zigbang.com/ic/items/47035764/1.jpg
서초구,서초동,47036450,o0오늘의 방0o 너무 깔끔한 방,서초구 반포동,서울시,서초구,반포동,55,55,22,3,원룸,50000,37.5037390844989,127.019381926446,https://ic.zigbang.com/ic/items/47036450/1.jpg
서초구,서초동,47036465,양창구조 채광만점 사이즈까지 겸비한 퍼펙트 원룸.,서초구 반포동,서울시,서초구,반포동,70,70,27,2,원룸,70000,37.5072663360516,127.019405571568,https://ic.zigbang.com/ic/items/47036465/1.jpg
서초구,서초동,47037960,ㅁ11월 Best 매물ㅁ 학생들 1번 PICK 올리모델링,서초구 반포동,서울시,서초구,반포동,100,58,20.42,2,원룸,70000,37.5068315125049,127.019937707256,https://ic.zigbang.com/ic/items/47037960/1.jpg
서초구,서초동,47038390,ㅡNEWㅡ 신분당 논현역 역세권 최고 분리형 원룸,서초구 반포동,서울시,서초구,반포동,50,50,22,반지하,원룸,100000,37.5055823844524,127.020316818982,https://ic.zigbang.com/ic/items/47038390/1.jpg
서초구,서초동,47038403,ㅡ ALL리모델링 ㅡ 세미 분리형,서초구 반포동,서울시,서초구,반포동,100,75,23,3,원룸,100000,37.5048713165927,127.019206579556,https://ic.zigbang.com/ic/items/47038403/1.jpg
서초구,서초동,47038638,ㅡ초가성비 원룸 ㅡ,서초구 반포동,서울시,서초구,반포동,60,60,22,3,원룸,100000,37.5069057304649,127.021117699671,https://ic.zigbang.com/ic/items/47038638/1.jpg
서초구,서초동,47039790,o0월세할인ㅡ최고0o   주방분리형 리모델링,서초구 반포동,서울시,서초구,반포동,65,65,26.45,1,원룸,70000,37.5058265123425,127.018388783477,https://ic.zigbang.com/ic/items/47039790/1.jpg
서초구,서초동,47040879,뻥뷰 대로변 위치최상 안전하고 깔끔한 풀옵션 단기 오피스텔,서초구 서초동,서울특별시,서초구,서초동,200,140,49.34,13,오피스텔,120000,37.49407196044922,127.01620483398438,https://ic.zigbang.com/ic/items/47040879/1.jpg
서초구,서초동,47041753,올리모데링 l 퍼펙트사이즈 l 가성비 l 베란다有,서초구 반포동,서울시,서초구,반포동,70,70,29.91,2,원룸,100000,37.5058402315631,127.02145251018,https://ic.zigbang.com/ic/items/47041753/1.jpg
서초구,서초동,47043149,••••• 뷰좋은 깨끗하고 밝은 아이파크1차 •••••,서초구 서초동,서울특별시,서초구,서초동,200,120,59.41,고,오피스텔,100000,37.50275039672852,127.02391052246094,https://ic.zigbang.com/ic/items/47043149/1.jpg
서초구,서초동,47043503,리모델링가성비갑수납짱오픈형원룸,서초구 반포동,서울시,서초구,반포동,100,70,21.23,2,원룸,130000,37.5068315125049,127.019937707256,https://ic.zigbang.com/ic/items/47043503/1.jpg
서초구,서초동,47045171,찐 가성비 잘나온 사이즈 정말 잘나온 오픈형 원룸.,서초구 반포동,서울시,서초구,반포동,55,55,26.68,반지하,원룸,70000,37.506999414877,127.017971957721,https://ic.zigbang.com/ic/items/47045171/1.jpg
서초구,서초동,47048655,잘 안나오는 인기A타입실9평가성비甲,서초구 서초동,서울특별시,서초구,서초동,20000,45,59.41,12,오피스텔,140000,37.50275039672852,127.02391052246094,https://ic.zigbang.com/ic/items/47048655/1.jpg
서초구,서초동,47050917,ㅁNew업데이트ㅁ초특가 신축보다 더 신축 풀리모델링 원룸,서초구 반포동,서울시,서초구,반포동,80,80,24,2,원룸,100000,37.5048713165927,127.019206579556,https://ic.zigbang.com/ic/items/47050917/1.jpg
서초구,서초동,47051084,oO친절안내Oo 포근한 분위기의 예쁜 원룸원거실,강남구 논현동,서울시,강남구,논현동,120,100,33.06,2,원룸,100000,37.5070548998867,127.025421998308,https://ic.zigbang.com/ic/items/47051084/1.jpg
서초구,서초동,47052663,강남역 아이파크 1차 전입가능 귀한 전세.,서초구 서초동,서울특별시,서초구,서초동,27000,0,59.45,5,오피스텔,150000,37.50275039672852,127.02391052246094,https://ic.zigbang.com/ic/items/47052663/1.jpg
서초구,서초동,47052885,신논현 도보 3분. 약 10평.,서초구 서초동,서울특별시,서초구,서초동,1000,95,56.24,6,오피스텔,160000,37.50204849243164,127.02400970458984,https://ic.zigbang.com/ic/items/47052885/1.jpg
서초구,서초동,47053801,급매 실매물 반포동 전세원룸,서초구 반포동,서울시,서초구,반포동,18000,0,27.42,3,원룸,90000,37.5069929191159,127.020252168648,https://ic.zigbang.com/ic/items/47053801/1.jpg
서초구,서초동,47054978,말도 안되는 금액으로 투룸 입주가능 보안철저,서초구 서초동,서울특별시,서초구,서초동,3000,200,82.64,12,오피스텔,150000,37.4965771611161,127.013620796969,https://ic.zigbang.com/ic/items/47054978/1.jpg
서초구,서초동,47056954,반포동 초저렴 가성비갑 풀옵션 단기임대,서초구 반포동,서울시,서초구,반포동,100,50,13.11,1,원룸,100000,37.5068315125049,127.019937707256,https://ic.zigbang.com/ic/items/47056954/1.jpg
서초구,서초동,47058176,신논현 강남 준신축급 가성비 깔끔 원룸,서초구 서초동,서울특별시,서초구,서초동,170,115,44.13,중,오피스텔,150000,37.50359335602519,127.02354638739844,https://ic.zigbang.com/ic/items/47058176/1.jpg
서초구,서초동,47058931,"d따봉b 카드OK, 월세 특가할인이벤트중",서초구 반포동,서울시,서초구,반포동,100,60,26.45,반지하,원룸,100000,37.506999414877,127.017971957721,https://ic.zigbang.com/ic/items/47058931/1.jpg
서초구,서초동,47059009,"전용 약 10평대,자주식주차 넓은 오피스텔입니다",서초구 서초동,서울특별시,서초구,서초동,1000,95,56.39,저,오피스텔,120000,37.50204849243164,127.02400970458984,https://ic.zigbang.com/ic/items/47059009/1.jpg
서초구,서초동,47059081,ㅁ리모델링형.풀옵션.분리형.넒음.가성비 좋은 방.,서초구 반포동,서울시,서초구,반포동,500,50,26.45,반지하,원룸,50000,37.5070101291704,127.019714494977,https://ic.zigbang.com/ic/items/47059081/1.jpg
서초구,서초동,47059735,"강남라이프 시작, 강남 신축 하이엔드 오피스텔",서초구 서초동,서울특별시,서초구,서초동,3000,320,126.19,중,오피스텔,440000,37.4956746205474,127.025161328523,https://ic.zigbang.com/ic/items/47059735/1.jpg
서초구,서초동,47060782,ㅁ융자무.보증보험.초저렴 분리형 구조.,서초구 반포동,서울시,서초구,반포동,13000,0,27,3,원룸,75000,37.5064918973191,127.019004433687,https://ic.zigbang.com/ic/items/47060782/1.jpg
서초구,서초동,47061918,o0오늘의 방0o 복층 너무 깔끔한 방,서초구 반포동,서울시,서초구,반포동,75,75,21,4,원룸,70000,37.5052297188701,127.021897374178,https://ic.zigbang.com/ic/items/47061918/1.jpg
서초구,서초동,47061923,oㅡ할인ㅡo  실속형 S급 채광,서초구 반포동,서울시,서초구,반포동,65,65,24.79,4,원룸,50000,37.507436831208,127.020845276262,https://ic.zigbang.com/ic/items/47061923/1.jpg
서초구,서초동,47062421,vV풀옵션 최다매물보유Vv올리모델링 반포동 인기매물,서초구 반포동,서울시,서초구,반포동,100,70,24.14,2,원룸,70000,37.5068315125049,127.019937707256,https://ic.zigbang.com/ic/items/47062421/1.jpg
서초구,서초동,47062540,A 리모델링 벌레없는 풀옵션 원룸 A,서초구 반포동,서울시,서초구,반포동,80,80,33.3,2,원룸,100000,37.5048713165927,127.019206579556,https://ic.zigbang.com/ic/items/47062540/1.jpg
서초구,서초동,47062946,vV풀옵션 최다매물보유Vv논현동 초특급 리모델링,강남구 논현동,서울시,강남구,논현동,150,100,33.06,3,원룸,100000,37.5061504129524,127.025690188373,https://ic.zigbang.com/ic/items/47062946/1.jpg
서초구,서초동,47063307,oO친절안내Oo 인테리어 굿 반포동 원룸,서초구 반포동,서울시,서초구,반포동,80,80,29.75,4,원룸,70000,37.5066661990551,127.021363850189,https://ic.zigbang.com/ic/items/47063307/1.jpg
서초구,서초동,47063448,..초특가..탑층 막힘없는 뷰 분리형 오피스텔,서초구 서초동,서울특별시,서초구,서초동,200,100,39.67,19,오피스텔,320000,37.49628448486328,127.02040100097656,https://ic.zigbang.com/ic/items/47063448/1.jpg
서초구,서초동,47063491,oO친절안내Oo 반포동 지상층 가성비 최고 매물,서초구 반포동,서울시,서초구,반포동,60,60,23.14,2,원룸,60000,37.50648024904,127.021267210315,https://ic.zigbang.com/ic/items/47063491/1.jpg
서초구,서초동,47064376,"VIEW 최고 엘루크반포 복층투룸, 단기임대, 교대역5분",서초구 서초동,서울특별시,서초구,서초동,240,240,50.29,중,오피스텔,200000,37.4965771611161,127.013620796969,https://ic.zigbang.com/ic/items/47064376/1.jpg
서초구,서초동,47064969,전입가능 신축급 신논혁역 초역세권,서초구 서초동,서울특별시,서초구,서초동,5000,70,44.13,5,오피스텔,150000,37.50359335602519,127.02354638739844,https://ic.zigbang.com/ic/items/47064969/1.jpg
서초구,서초동,47065167,•••••귀한 원룸원거실 사이즈 좋아요•••••,서초구 서초동,서울특별시,서초구,서초동,190,190,87.65,중,오피스텔,120000,37.49566268920898,127.02559661865234,https://ic.zigbang.com/ic/items/47065167/1.jpg
서초구,서초동,47067214,ㅁ11월 Best 매물ㅁ 1인거주 안성맞춤 리모델링원룸,서초구 반포동,서울시,서초구,반포동,100,70,22.14,2,원룸,80000,37.5062330153061,127.019696307874,https://ic.zigbang.com/ic/items/47067214/1.jpg
서초구,양재동,46770831,"전입,대출, 보증보험 가능신축급 오피스텔 굿",강남구 역삼동,서울특별시,강남구,역삼동,34700,0,35.54,고,오피스텔,120000,37.4901767311479,127.032817517447,https://ic.zigbang.com/ic/items/46770831/1.jpg
서초구,양재동,46776621,꒰꒰양재최저가원룸꒱꒱전입도 가능한 풀옵션,서초구 양재동,서울시,서초구,양재동,100,55,19.21,3,원룸,70000,37.4759354494301,127.04214572272,https://ic.zigbang.com/ic/items/46776621/1.jpg
서초구,양재동,46803975,"양재역 도보 5분, 초 가성비 원룸",서초구 서초동,서울시,서초구,서초동,1000,75,22.8,2,원룸,50000,37.4878196522328,127.031491927726,https://ic.zigbang.com/ic/items/46803975/1.jpg
서초구,양재동,46809364,실 120만. 105일 렌트프리. 전입 가능. 단기 가능.,서초구 서초동,서울특별시,서초구,서초동,1000,170,64.96,중,오피스텔,134000,37.4897243342818,127.030993731212,https://ic.zigbang.com/ic/items/46809364/1.jpg
서초구,양재동,46815479,"위치최적 ,퀄리티갑,최고의보안,전용테라스",강남구 도곡동,서울시,강남구,도곡동,2000,75,26.52,2,원룸,80000,37.4880132556502,127.034786800721,https://ic.zigbang.com/ic/items/46815479/1.jpg
서초구,양재동,46871824,"LH, SH, 버팀목, 보증보험, 2018년식, 양재역 앞",서초구 서초동,서울시,서초구,서초동,12000,20,20,4,원룸,70000,37.486594749906,127.031760857941,https://ic.zigbang.com/ic/items/46871824/1.jpg
서초구,양재동,46907283,인기매물 3중 보안 풀옵션 원룸,강남구 개포동,서울시,강남구,개포동,500,62,16.53,2,원룸,50000,37.473527522551706,127.04994988809658,https://ic.zigbang.com/ic/items/46907283/1.jpg
서초구,양재동,46909891,"전입가능, 양재역 도보 3분, 최고의 도시형생활주택",서초구 서초동,서울특별시,서초구,서초동,1000,135,59.77,11,오피스텔,150000,37.48573,127.0321,https://ic.zigbang.com/ic/items/46909891/1.jpg
서초구,양재동,46922252,"전세자금대출, 보증보험 가능한 뱅뱅사거리 복층형 A급 매물",강남구 역삼동,서울특별시,강남구,역삼동,34700,0,35.54,15,오피스텔,150000,37.4901767311479,127.032817517447,https://ic.zigbang.com/ic/items/46922252/1.jpg
서초구,양재동,46928894,"렌트프리, 전입가능, 도시형생활주택, 커뮤니티, 지하주차장",서초구 서초동,서울특별시,서초구,서초동,1000,161,61.08,고,오피스텔,152190,37.4897243342818,127.030993731212,https://ic.zigbang.com/ic/items/46928894/1.jpg
서초구,양재동,46933564,저렴한 지상층 풀옵션 가성비 최고,강남구 도곡동,서울시,강남구,도곡동,1000,55,23.14,1,원룸,100000,37.4897634426068,127.033928361626,https://ic.zigbang.com/ic/items/46933564/1.jpg
서초구,양재동,46946129,실131만원. 60일무료. 고층. 막힘없는뷰. 채광좋음.,서초구 서초동,서울특별시,서초구,서초동,1000,158,56.49,18,오피스텔,150000,37.4897243342818,127.030993731212,https://ic.zigbang.com/ic/items/46946129/1.jpg
서초구,양재동,46949202,"뱅뱅사거리 인근, 더블 복층형, 신축급",강남구 역삼동,서울특별시,강남구,역삼동,1000,120,33.29,중,오피스텔,150000,37.4901767311479,127.032817517447,https://ic.zigbang.com/ic/items/46949202/1.jpg
서초구,양재동,46954510,양재천인근 넓은 풀옵션 원룸,서초구 양재동,서울시,서초구,양재동,1000,80,20.37,2,원룸,100000,37.4748300828516,127.042167373191,https://ic.zigbang.com/ic/items/46954510/1.jpg
서초구,양재동,46962177,실 174만. 5개월 렌트프리. 전입신고 가능. 드레스룸,서초구 서초동,서울특별시,서초구,서초동,3000,298,90.75,고,오피스텔,216000,37.4897243342818,127.030993731212,https://ic.zigbang.com/ic/items/46962177/1.jpg
서초구,양재동,46970216,풀옵션 원룸 원거실 주차가능,서초구 양재동,서울시,서초구,양재동,1000,80,30,6,원룸,80000,37.4743109412532,127.04666741153304,https://ic.zigbang.com/ic/items/46970216/1.jpg
서초구,양재동,46979222,"렌트프리, 전입가능, 1.5룸, 커뮤니티, 지하주차장",서초구 서초동,서울특별시,서초구,서초동,1000,354,103.6,중,오피스텔,213370,37.4897243342818,127.030993731212,https://ic.zigbang.com/ic/items/46979222/1.jpg
서초구,양재동,46993783,"무보정 실매물, 전입가능, 렌트프리제공, 공용시설다수",서초구 서초동,서울특별시,서초구,서초동,1000,145,64.96,중,오피스텔,134000,37.4897243342818,127.030993731212,https://ic.zigbang.com/ic/items/46993783/1.jpg
서초구,양재동,47001734,양창. 실 125만. 60일 월세 무료. 전입 가능. 남향,서초구 서초동,서울특별시,서초구,서초동,1000,150,54.01,고,오피스텔,126000,37.4897243342818,127.030993731212,https://ic.zigbang.com/ic/items/47001734/1.jpg
서초구,양재동,47004376,양재천코앞 나무가보이는 가성비 오픈형,서초구 양재동,서울시,서초구,양재동,100,60,13.25,3,원룸,100000,37.4759354494301,127.04214572272,https://ic.zigbang.com/ic/items/47004376/1.jpg
서초구,양재동,47007438,주차 편함 풀옵션 오픈형 원룸,서초구 양재동,서울시,서초구,양재동,4000,70,19.11,3,원룸,0,37.4744044721846,127.04234541556,https://ic.zigbang.com/ic/items/47007438/1.jpg
서초구,양재동,47015362,양재역 신축급 전입가능 분리형원룸 보증금조정가능,서초구 서초동,서울특별시,서초구,서초동,3000,122,40.05,7,오피스텔,230000,37.4851865142851,127.03194569213,https://ic.zigbang.com/ic/items/47015362/1.jpg
서초구,양재동,47020856,실121만원. 60일월세무료. 막힘없는남향. 전입신고가능.,서초구 서초동,서울특별시,서초구,서초동,1000,145,64.96,8,오피스텔,160000,37.4897243342818,127.030993731212,https://ic.zigbang.com/ic/items/47020856/1.jpg
서초구,양재동,47021086,"렌트프리, 전입가능, 도시형생활주택, 커뮤니티, 지하주차장",서초구 서초동,서울특별시,서초구,서초동,1000,151,54.01,고,오피스텔,106970,37.4897243342818,127.030993731212,https://ic.zigbang.com/ic/items/47021086/1.jpg
서초구,양재동,47034144,"신축,로얄층,파노라마시티뷰,테라스,자주식주차",서초구 서초동,서울특별시,서초구,서초동,3000,320,135.66,16,오피스텔,0,37.4853755405286,127.03294924729,https://ic.zigbang.com/ic/items/47034144/1.jpg
서초구,양재동,47040349,원룸형. 105일무료. 실122만원. 막힘없어채광좋은방.,서초구 서초동,서울특별시,서초구,서초동,1000,173,56.49,12,오피스텔,160000,37.4897243342818,127.030993731212,https://ic.zigbang.com/ic/items/47040349/1.jpg
서초구,양재동,47040795,3.5개월 공짜 렌트프리 전입OK 실 월 121만 커뮤니티,서초구 서초동,서울특별시,서초구,서초동,1000,170,64.96,중,오피스텔,130000,37.4897243342818,127.030993731212,https://ic.zigbang.com/ic/items/47040795/1.jpg
서초구,양재동,47041843,"전입,다용도 사용가능한 복층",강남구 역삼동,서울특별시,강남구,역삼동,3000,130,45.07,8,오피스텔,150000,37.4901767311479,127.032817517447,https://ic.zigbang.com/ic/items/47041843/1.jpg
서초구,양재동,47043410,뱅뱅사거리 신분당선 풀옵션 원룸,강남구 도곡동,서울시,강남구,도곡동,1000,55,21,1,원룸,100000,37.4897634426068,127.033928361626,https://ic.zigbang.com/ic/items/47043410/1.jpg
서초구,양재동,47045844,역세권 신축 풀옵션원룸 일렬주차,서초구 양재동,서울시,서초구,양재동,2000,66,19.99,3,원룸,120000,37.47440639402169,127.04200976810908,https://ic.zigbang.com/ic/items/47045844/1.jpg
서초구,양재동,47048269,역세권 풀옵션 원룸,서초구 양재동,서울시,서초구,양재동,500,65,16.14,3,원룸,120000,37.4742055846802,127.041426313912,https://ic.zigbang.com/ic/items/47048269/1.jpg
서초구,양재동,47048314,ㅇㅇ내부올수리 첫입주ㅇㅇ건조기ㅇㅇ전입가능ㅇㅇ전용7.6평ㅇㅇ,강남구 역삼동,서울특별시,강남구,역삼동,1000,80,46,8,오피스텔,200000,37.49105072021485,127.03268432617188,https://ic.zigbang.com/ic/items/47048314/1.jpg
서초구,양재동,47052518,"렌트프리, 전입가능, 도시형생활주택, 커뮤니티, 지하주차장",서초구 서초동,서울특별시,서초구,서초동,3000,294,88.57,중,오피스텔,177000,37.4897243342818,127.030993731212,https://ic.zigbang.com/ic/items/47052518/1.jpg
서초구,양재동,47054058,실200만원. 60일무료. 유일한복층형. 청소후입주.,서초구 서초동,서울특별시,서초구,서초동,1000,240,79.96,7,오피스텔,160000,37.4897243342818,127.030993731212,https://ic.zigbang.com/ic/items/47054058/1.jpg
서초구,양재동,47060852,역세권 공원뷰 풀옵션 원룸,서초구 양재동,서울시,서초구,양재동,1000,68,16.17,4,원룸,120000,37.4742055846802,127.041426313912,https://ic.zigbang.com/ic/items/47060852/1.jpg
서초구,양재동,47065000,양재시민의숲역 도보9분 풀풀옵션 원룸 전입가능,서초구 양재동,서울시,서초구,양재동,500,53,20,3,원룸,100000,37.47357356052999,127.042845870375,https://ic.zigbang.com/ic/items/47065000/1.jpg
서초구,양재동,47066851,리모델링 두번째 입주 풀옵션 원룸,강남구 개포동,서울시,강남구,개포동,500,75,22,3,원룸,50000,37.473527522551706,127.04994988809658,https://ic.zigbang.com/ic/items/47066851/1.jpg
서초구,우면동,47049450,분리형원룸 주차가능 임대사업자  월세7.1만원 보증보험가능,서초구 우면동,서울시,서초구,우면동,16800,7,23.24,2,원룸,99000,37.4688579987675,127.025518709033,https://ic.zigbang.com/ic/items/47049450/1.jpg
서초구,우면동,47049456,건조기포함 풀옵션 보증보험 전세대출 보증금조절가능,서초구 우면동,서울시,서초구,우면동,13000,25,27.42,2,원룸,90000,37.4695008767888,127.025065961639,https://ic.zigbang.com/ic/items/47049456/1.jpg
서초구,우면동,47049471,신축급 풀옵션 전망좋고 주차편리 임대사업자물건,서초구 우면동,서울시,서초구,우면동,3000,50,18.44,5,원룸,120000,37.4689324879746,127.026043479033,https://ic.zigbang.com/ic/items/47049471/1.jpg
서초구,우면동,47049482,풀옵션  주차가능 보증금조절가능 연구소 도보 단기가능,서초구 우면동,서울시,서초구,우면동,1000,75,19,2,원룸,90000,37.4697943949686,127.02563105405,https://ic.zigbang.com/ic/items/47049482/1.jpg
서초구,우면동,47049489,올수리 풀옵션 넒은 분리형 원룸 밝음 LH 신혼추천,서초구 우면동,서울시,서초구,우면동,10000,80,45.9,1,원룸,50000,37.472362549541,127.02476598355,https://ic.zigbang.com/ic/items/47049489/1.jpg
서초구,잠원동,46544010,논현역 대로변 실사용면적 약13평 원룸원거실 넓은평수,서초구 반포동,서울시,서초구,반포동,1000,130,29.94,4,원룸,150000,37.509458157344,127.01681391097,https://ic.zigbang.com/ic/items/46544010/1.jpg
서초구,잠원동,46690083,신사역1분.단기1개월부터.즉입,서초구 잠원동,서울특별시,서초구,잠원동,200,130,54.75,9,오피스텔,130000,37.51808547973633,127.01850128173828,https://ic.zigbang.com/ic/items/46690083/1.jpg
서초구,잠원동,46827478,신사역 도보 7분 깔끔한 원룸입니다,서초구 잠원동,서울시,서초구,잠원동,80,70,22,4,원룸,110000,37.5137892923305,127.017386995087,https://ic.zigbang.com/ic/items/46827478/1.jpg
서초구,잠원동,46828708,최저가 가성비 분리형 원룸 엘베있음 실평9평 에어컨 냉장고,서초구 잠원동,서울시,서초구,잠원동,1000,55,31.1,4,원룸,100000,37.510653644123,127.017204167555,https://ic.zigbang.com/ic/items/46828708/1.jpg
서초구,잠원동,46864040,ㅡ 럭셔리 대리석바닥 ㅡ 신축 엘베있는 원룸,강남구 논현동,서울시,강남구,논현동,80,80,17.07,4,원룸,100000,37.516307956116,127.023172693299,https://ic.zigbang.com/ic/items/46864040/1.jpg
서초구,잠원동,46881031,신사역5분거리 오피스텔. 자주식 주차로 주차 편리,서초구 잠원동,서울특별시,서초구,잠원동,1000,80,38.02,8,오피스텔,120000,37.515750885009766,127.0173568725586,https://ic.zigbang.com/ic/items/46881031/1.jpg
서초구,잠원동,46885598,대형테라스 원룸원거실 풀옵션 즉시입주가능 주차가능 엘베있음,강남구 논현동,서울시,강남구,논현동,23000,50,35.2,4,원룸,100000,37.512256673818,127.023214761136,https://ic.zigbang.com/ic/items/46885598/1.jpg
서초구,잠원동,46904765,꒰꒰주차o올리모델링 원룸원거실꒱꒱구조 최상,서초구 잠원동,서울시,서초구,잠원동,100,100,21.73,1,원룸,100000,37.5164579394855,127.01762990537,https://ic.zigbang.com/ic/items/46904765/1.jpg
서초구,잠원동,46911676,ㅇㅇ원룸옵션유..주차가능한방ㅇㅇ,서초구 반포동,서울시,서초구,반포동,1000,70,22,2,원룸,100000,37.5086633454136,127.01826755465,https://ic.zigbang.com/ic/items/46911676/1.jpg
서초구,잠원동,46912028,ㅁ365일 오픈ㅁNo.1 초대형 신축 깔끄미 원룸원거실,강남구 논현동,서울시,강남구,논현동,200,150,52.96,6,원룸,150000,37.516307956116,127.023172693299,https://ic.zigbang.com/ic/items/46912028/1.jpg
서초구,잠원동,46912159,ㅁNew업데이트ㅁNo.1 신사역 초역세권 말이 안나오는가격,서초구 잠원동,서울시,서초구,잠원동,150,60,25,5,원룸,120000,37.5168388293879,127.017990718793,https://ic.zigbang.com/ic/items/46912159/1.jpg
서초구,잠원동,46948548,"가격인하, 원룸 저렴, 사이즈 좋은 채광굿",서초구 잠원동,서울시,서초구,잠원동,2000,70,18.42,4,원룸,90000,37.51304057915912,127.01724238083172,https://ic.zigbang.com/ic/items/46948548/1.jpg
서초구,잠원동,46959472,올리모델링 화이트톤 첫입주 샤르망 신사역1분,서초구 잠원동,서울특별시,서초구,잠원동,115,115,29,고,오피스텔,100000,37.515750885009766,127.0173568725586,https://ic.zigbang.com/ic/items/46959472/1.jpg
서초구,잠원동,46959500,크레신타워 신사역1분 한강 근처 오피스텔,서초구 잠원동,서울특별시,서초구,잠원동,125,125,66.12,5,오피스텔,150000,37.51808547973633,127.01850128173828,https://ic.zigbang.com/ic/items/46959500/1.jpg
서초구,잠원동,46959562,크레신타워 풀옵션 입니다,서초구 잠원동,서울특별시,서초구,잠원동,135,135,51,중,오피스텔,160000,37.51808547973633,127.01850128173828,https://ic.zigbang.com/ic/items/46959562/1.jpg
서초구,잠원동,46972886,주방분리 논현역 도보 3분거리 가성비 만점 주방분리형 원룸,서초구 반포동,서울시,서초구,반포동,70,70,28.42,3,원룸,80000,37.5100027176482,127.020299015415,https://ic.zigbang.com/ic/items/46972886/1.jpg
서초구,잠원동,46974726,화이트톤의 새미분리형 원룸 바로계약되는집,서초구 반포동,서울시,서초구,반포동,1000,85,22.63,3,원룸,100000,37.5088778062651,127.018704523847,https://ic.zigbang.com/ic/items/46974726/1.jpg
서초구,잠원동,46978540,"ㅁ주차.풀옵션.반듯하고,깔끔한 방.교통 편리한 위치.",서초구 반포동,서울시,서초구,반포동,1000,65,26.45,2,원룸,100000,37.5086633454136,127.01826755465,https://ic.zigbang.com/ic/items/46978540/1.jpg
서초구,잠원동,46981978,논현역5분 주차가능,서초구 반포동,서울시,서초구,반포동,1000,65,26.45,2,원룸,100000,37.5086633454136,127.01826755465,https://ic.zigbang.com/ic/items/46981978/1.jpg
서초구,잠원동,46984363,ꕥꕤ 신사역 ꕤꕥ 풀리모델링한 사이즈 좋은 화이트톤 원룸,서초구 잠원동,서울시,서초구,잠원동,150,120,38.35,2,원룸,110000,37.5137892923305,127.017386995087,https://ic.zigbang.com/ic/items/46984363/1.jpg
서초구,잠원동,47002149,ㅁ초저렴.풀옵션.역세권.가성비 알뜰 원룸,서초구 반포동,서울시,서초구,반포동,500,35,23.2,반지하,원룸,40000,37.508767565628,127.02009260756,https://ic.zigbang.com/ic/items/47002149/1.jpg
서초구,잠원동,47002805,d남산타워뷰b최고탑층.컨디션.채광.no.1.귀한오피스텔,서초구 잠원동,서울특별시,서초구,잠원동,200,200,41.83,12,오피스텔,90000,37.515750885009766,127.0173568725586,https://ic.zigbang.com/ic/items/47002805/1.jpg
서초구,잠원동,47002870,신축 풀옵션 깔끔한 원룸,서초구 잠원동,서울시,서초구,잠원동,200,95,19.08,3,원룸,150000,37.5134856898249,127.017141702251,https://ic.zigbang.com/ic/items/47002870/1.jpg
서초구,잠원동,47003252,신사역 귀한 깔끔한 풀옵션 원룸w,서초구 잠원동,서울시,서초구,잠원동,150,90,24.5,3,원룸,100000,37.5176502810139,127.018522559978,https://ic.zigbang.com/ic/items/47003252/1.jpg
서초구,잠원동,47003294,신축급 럭셔리 오픈형원룸,강남구 논현동,서울시,강남구,논현동,100,80,17.02,5,원룸,120000,37.516307956116,127.023172693299,https://ic.zigbang.com/ic/items/47003294/1.jpg
서초구,잠원동,47003364,"올리모델링,전망 채광 최고,신사역 풀옵션",서초구 잠원동,서울특별시,서초구,잠원동,200,115,38.52,8,오피스텔,120000,37.515750885009766,127.0173568725586,https://ic.zigbang.com/ic/items/47003364/1.jpg
서초구,잠원동,47004364,리모델링 BIG사이즈 깔끔 오픈형원룸,서초구 잠원동,서울시,서초구,잠원동,120,95,33.23,3,원룸,150000,37.5137892923305,127.017386995087,https://ic.zigbang.com/ic/items/47004364/1.jpg
서초구,잠원동,47004371,테라스 맛집 거실BIG사이즈 단독사용,강남구 논현동,서울시,강남구,논현동,200,150,52.96,6,원룸,150000,37.516307956116,127.023172693299,https://ic.zigbang.com/ic/items/47004371/1.jpg
서초구,잠원동,47004377,신축 깔끔한 풀옵션 원룸,서초구 잠원동,서울시,서초구,잠원동,200,100,19.08,4,원룸,150000,37.5134856898249,127.017141702251,https://ic.zigbang.com/ic/items/47004377/1.jpg
서초구,잠원동,47005229,oO친절안내Oo 올 리모델링 호실 최상급 컨디션,서초구 잠원동,서울특별시,서초구,잠원동,190,190,59.5,12,오피스텔,150000,37.515750885009766,127.0173568725586,https://ic.zigbang.com/ic/items/47005229/1.jpg
서초구,잠원동,47005240,BIG사이즈 리모델 뷰맛집 오픈형,서초구 잠원동,서울특별시,서초구,잠원동,150,140,52.55,13,오피스텔,120000,37.51808547973633,127.01850128173828,https://ic.zigbang.com/ic/items/47005240/1.jpg
서초구,잠원동,47005296,남향고층 뷰맛집 깔끔한 오픈형,서초구 잠원동,서울특별시,서초구,잠원동,150,105,38.91,11,오피스텔,110000,37.515750885009766,127.0173568725586,https://ic.zigbang.com/ic/items/47005296/1.jpg
서초구,잠원동,47007851,vV풀옵션 최다매물보유Vv잠원동 신축 아주 깔끔한 단기임대,서초구 잠원동,서울시,서초구,잠원동,100,100,20.87,2,원룸,100000,37.51697312826,127.017050650368,https://ic.zigbang.com/ic/items/47007851/1.jpg
서초구,잠원동,47008245,vV풀옵션 최다매물보유Vv 신축 인기매물 완전 깨끗해요,서초구 잠원동,서울시,서초구,잠원동,150,100,19.08,3,원룸,100000,37.5134856898249,127.017141702251,https://ic.zigbang.com/ic/items/47008245/1.jpg
서초구,잠원동,47011939,ㅁ전속.풀리모델링 첫입주.풀옵션.넓은 분리형.베란다유.,서초구 잠원동,서울시,서초구,잠원동,1000,80,33.2,2,원룸,100000,37.516730927667,127.017125590416,https://ic.zigbang.com/ic/items/47011939/1.jpg
서초구,잠원동,47012001,ㅁ11월 Best 매물ㅁ 신사역 2분거리 올리모델링 원룸,서초구 잠원동,서울시,서초구,잠원동,150,85,29.11,2,원룸,70000,37.5176502810139,127.018522559978,https://ic.zigbang.com/ic/items/47012001/1.jpg
서초구,잠원동,47012320,ㅁ11월 Best 매물ㅁ 3호선 초역세권 최저가 원룸원거실,서초구 잠원동,서울시,서초구,잠원동,90,90,21.73,2,원룸,80000,37.5164579394855,127.01762990537,https://ic.zigbang.com/ic/items/47012320/1.jpg
서초구,잠원동,47012790,ㅁ11월 Bestㅁ 환상적인 탑층 뷰 확보 올리모델링 호실,서초구 잠원동,서울특별시,서초구,잠원동,180,180,69.57,12,오피스텔,100000,37.515750885009766,127.0173568725586,https://ic.zigbang.com/ic/items/47012790/1.jpg
서초구,잠원동,47013282,ㅁ전속.풀옵션.깔끔한 리모델링형 여성 인기 원룸,서초구 잠원동,서울시,서초구,잠원동,3000,46,20,2,원룸,100000,37.5101632246063,127.016593627571,https://ic.zigbang.com/ic/items/47013282/1.jpg
서초구,잠원동,47022418,o0월세할인ㅡ최고0o   강남대로 바로 인접 오픈형 원룸,서초구 반포동,서울시,서초구,반포동,65,65,23,3,원룸,50000,37.5091547079104,127.02172943105276,https://ic.zigbang.com/ic/items/47022418/1.jpg
서초구,잠원동,47024319,oO친절안내Oo 잠원동 조용한 위치 깔끔한 매물,서초구 잠원동,서울시,서초구,잠원동,150,100,21.93,5,원룸,100000,37.5123835698992,127.018416406971,https://ic.zigbang.com/ic/items/47024319/1.jpg
서초구,잠원동,47025233,LH.SH 전세대출가능,서초구 반포동,서울시,서초구,반포동,8000,0,23.7,반지하,원룸,50000,37.5089801094345,127.021640933765,https://ic.zigbang.com/ic/items/47025233/1.jpg
서초구,잠원동,47025769,논현역 대로변 실14평 원룸원거실 넓은평수,서초구 반포동,서울시,서초구,반포동,1000,130,46.28,5,원룸,100000,37.509458157344,127.01681391097,https://ic.zigbang.com/ic/items/47025769/1.jpg
서초구,잠원동,47037706,실매물ㅣ대로변ㅣ원룸ㅣ샤워부스ㅣ엘베ㅣ오피스텔구조,서초구 잠원동,서울시,서초구,잠원동,1000,80,40.28,4,원룸,100000,37.5149495354482,127.016619571926,https://ic.zigbang.com/ic/items/47037706/1.jpg
서초구,잠원동,47038666,oO친절안내Oo 신축급의 분리형 드레스룸 공간 있어요,서초구 잠원동,서울시,서초구,잠원동,100,100,26.77,3,원룸,100000,37.5164579394855,127.01762990537,https://ic.zigbang.com/ic/items/47038666/1.jpg
서초구,잠원동,47043617,ㅁ11월 Best 매물ㅁ 잠원동 저렴한 지상층 단기임대,서초구 잠원동,서울시,서초구,잠원동,120,50,14.22,1,원룸,50000,37.5168388293879,127.017990718793,https://ic.zigbang.com/ic/items/47043617/1.jpg
서초구,잠원동,47044395,"ㅁ전속.풀옵션.베란다,깔끔한 분리형 넓은 방.",서초구 잠원동,서울시,서초구,잠원동,1000,70,33.2,2,원룸,100000,37.516730927667,127.017125590416,https://ic.zigbang.com/ic/items/47044395/1.jpg
서초구,잠원동,47050873,ㅁ365일 오픈ㅁ초특가 신축급 화이트 깔끔 분리형 원룸,서초구 반포동,서울시,서초구,반포동,150,100,23.64,4,원룸,150000,37.5093062437646,127.019205227543,https://ic.zigbang.com/ic/items/47050873/1.jpg
서초구,잠원동,47052216,방있습니다. 가격허위아님,강남구 논현동,서울시,강남구,논현동,165,155,52.96,6,원룸,100000,37.516307956116,127.023172693299,https://ic.zigbang.com/ic/items/47052216/1.jpg
서초구,잠원동,47052263,이게 실가격입니다. 허위매물에 속지마세요.,강남구 논현동,서울시,강남구,논현동,100,90,15.63,5,원룸,100000,37.516308406202974,127.02317484260904,https://ic.zigbang.com/ic/items/47052263/1.jpg
서초구,잠원동,47054044,"엘리베이터, 1.5룸 주방, 안방 분리형, 옵션O, 논현역",서초구 잠원동,서울시,서초구,잠원동,14000,0,33.1,2,원룸,100000,37.511358189937,127.019760881236,https://ic.zigbang.com/ic/items/47054044/1.jpg
서초구,잠원동,47054758,이 집을 관심 있게 보는 분들이 급격하게 증가했어요,서초구 잠원동,서울시,서초구,잠원동,100,55,15,3,원룸,70000,37.5168388293879,127.017990718793,https://ic.zigbang.com/ic/items/47054758/1.jpg
서초구,잠원동,47054815,"이 집을 관심있게 보는 분들이 급격하게 증가했어요
넓은복층",강남구 논현동,서울시,강남구,논현동,150,95,22.59,3,원룸,100000,37.516307956116,127.023172693299,https://ic.zigbang.com/ic/items/47054815/1.jpg
서초구,잠원동,47054871,드레스룸 있는 프리미엄 원룸   신축급 컨디션,서초구 잠원동,서울시,서초구,잠원동,1000,95,18.9,4,원룸,120000,37.5165220848665,127.017057673962,https://ic.zigbang.com/ic/items/47054871/1.jpg
서초구,잠원동,47060813,"잠원동, 원룸, 고층, 전망, 크레신타워",서초구 잠원동,서울특별시,서초구,잠원동,200,150,54.75,12,오피스텔,170000,37.51808547973633,127.01850128173828,https://ic.zigbang.com/ic/items/47060813/1.jpg
서초구,잠원동,47063256,vV풀옵션 최다매물보유Vv신사역 바로뒤 깔끔한 단기임대,서초구 잠원동,서울특별시,서초구,잠원동,100,100,39.67,중,오피스텔,100000,37.5177121206525,127.018325074126,https://ic.zigbang.com/ic/items/47063256/1.jpg
서초구,잠원동,47063419,ㅁ11월 Best 매물ㅁ 신사역 가성비 1등 오피스텔,서초구 잠원동,서울특별시,서초구,잠원동,100,100,38.17,11,오피스텔,100000,37.515750885009766,127.0173568725586,https://ic.zigbang.com/ic/items/47063419/1.jpg
