﻿search_gu,search_dong,item_id,title,address,local1,local2,local3,deposit,rent,size_m2,floor,service_type,manage_cost,lat,lng,thumbnail
종로구,견지동,46732225,"남향청계천뷰,사업자등록및세금계산서발행가능,,층고가높음",종로구 관수동,서울특별시,종로구,관수동,1000,97,34,중,오피스텔,120000,37.5686622,126.991487,https://ic.zigbang.com/ic/items/46732225/1.jpg
종로구,견지동,46780244,업무용 종로3가역5분거리 안국역5분거리,종로구 낙원동,서울특별시,종로구,낙원동,1000,65,57,6,오피스텔,250000,37.5741844,126.988586,https://ic.zigbang.com/ic/items/46780244/1.jpg
종로구,견지동,46814046,업무용사무실 종로3가역4번출구옆,종로구 돈의동,서울특별시,종로구,돈의동,1000,70,76,5,오피스텔,250000,37.5723051921316,126.98986858852,https://ic.zigbang.com/ic/items/46814046/1.jpg
종로구,견지동,46814151,초역세권 업무용사무실 종로3가역 옆,종로구 돈의동,서울특별시,종로구,돈의동,1000,50,42.05,4,오피스텔,200000,37.5723051921316,126.98986858852,https://ic.zigbang.com/ic/items/46814151/1.jpg
종로구,견지동,46866119,"초역세권, 북한산뷰 탁 트인 전망, 방3화2, 커뮤개장중",중구 입정동,서울특별시,중구,입정동,95000,0,89,25,오피스텔,240000,37.5679611,126.993004,https://ic.zigbang.com/ic/items/46866119/1.jpg
종로구,견지동,46883627,"동타입최저가,대형사이즈원룸큰거실,구조좋음",중구 입정동,서울특별시,중구,입정동,5000,220,65,저,오피스텔,180000,37.5679611,126.993004,https://ic.zigbang.com/ic/items/46883627/1.jpg
종로구,견지동,46895606,"전입신고및확정일자가능,큰방,내부깔끔",중구 저동2가,서울특별시,중구,저동2가,1000,97,50,중,오피스텔,150000,37.56515884399414,126.99057006835938,https://ic.zigbang.com/ic/items/46895606/1.jpg
종로구,견지동,46905515,"전입확정가능,전망굿,수납굿",중구 저동2가,서울특별시,중구,저동2가,1000,100,55.42,11,오피스텔,180000,37.56515884399414,126.99057006835938,https://ic.zigbang.com/ic/items/46905515/1.jpg
종로구,견지동,46907280,전입O 준신축 안국역3분거리 종로3가역5분거리,종로구 경운동,서울시,종로구,경운동,1000,70,19.83,4,원룸,80000,37.5751926278688,126.988123848717,https://ic.zigbang.com/ic/items/46907280/1.jpg
종로구,견지동,46917894,"초역세권, 투룸 선호하는 전망 청계천뷰, 자주식주차",중구 입정동,서울특별시,중구,입정동,72000,0,73,24,오피스텔,240000,37.5679611,126.993004,https://ic.zigbang.com/ic/items/46917894/1.jpg
종로구,견지동,46929218,남산타워 보이는 하이뷰디아트 전세. 전입및전세권설정가능.,종로구 관수동,서울특별시,종로구,관수동,23500,0,24,고,오피스텔,120000,37.5686622,126.991487,https://ic.zigbang.com/ic/items/46929218/1.jpg
종로구,견지동,46934951,"양 창형 투룸,  신축 초역세권, 즉시입주, 가전 맞춰줌",중구 입정동,서울특별시,중구,입정동,5000,270,76,5,오피스텔,190000,37.5679611,126.993004,https://ic.zigbang.com/ic/items/46934951/1.jpg
종로구,견지동,46936954,"전입확정가능,고층남향,반전세",중구 저동2가,서울특별시,중구,저동2가,6000,65,43.15,고,오피스텔,130000,37.56515884399414,126.99057006835938,https://ic.zigbang.com/ic/items/46936954/1.jpg
종로구,견지동,46940045,"텐49. 단기 투룸, 가전제품, 방2 거실1. 장기가능",중구 입정동,서울특별시,중구,입정동,2000,290,66.71,저,오피스텔,170000,37.5679611,126.993004,https://ic.zigbang.com/ic/items/46940045/1.jpg
종로구,견지동,46944564,"신축 초역세권 투룸,  월세 조정,도보로 출근, 풀옵션",중구 입정동,서울특별시,중구,입정동,2000,290,78,4,오피스텔,210000,37.5679611,126.993004,https://ic.zigbang.com/ic/items/46944564/1.jpg
종로구,견지동,46962532,전입신고 가능.종로 최중심가 .ybm학원가 바로옆,종로구 관수동,서울특별시,종로구,관수동,8000,75,34.81,고,오피스텔,95000,37.5693754,126.988799,https://ic.zigbang.com/ic/items/46962532/1.jpg
종로구,견지동,46965111,단기.최중심 종로.ybm.파고다 학원 바로옆.,종로구 관수동,서울특별시,종로구,관수동,170,120,34.81,저,오피스텔,95000,37.5693754,126.988799,https://ic.zigbang.com/ic/items/46965111/1.jpg
종로구,견지동,46967665,"텐49A. 실사,양창형 방2 거실,청계천 산책로, 초역세권",중구 입정동,서울특별시,중구,입정동,5000,270,71.74,저,오피스텔,200000,37.5679611,126.993004,https://ic.zigbang.com/ic/items/46967665/1.jpg
종로구,견지동,46994713,전입O 종로3가역5분거리 안국역5분거리,종로구 익선동,서울시,종로구,익선동,500,50,14.88,6,원룸,80000,37.5747371466521,126.988753666804,https://ic.zigbang.com/ic/items/46994713/1.jpg
종로구,견지동,46994764,전입O 컨디션좋은방 종로3가역5분거리 안국역5분거리,종로구 운니동,서울시,종로구,운니동,1000,88,20.99,2,원룸,130000,37.5762488179517,126.989544628037,https://ic.zigbang.com/ic/items/46994764/1.jpg
종로구,견지동,47002279,"텐46A.선착순, 실사 저가단기, 남향, 침대, 방1거실1",중구 입정동,서울특별시,중구,입정동,1000,280,69.39,11,오피스텔,200000,37.5679611,126.993004,https://ic.zigbang.com/ic/items/47002279/1.jpg
종로구,견지동,47007544,전입x 종로3가역4분거리 안국역5분거리,종로구 익선동,서울특별시,종로구,익선동,1000,70,38.18,5,오피스텔,110000,37.574520111083984,126.9887466430664,https://ic.zigbang.com/ic/items/47007544/1.jpg
종로구,견지동,47008446,전입O 개방감좋은신축 안국역3분거리 종로3가역5분거리,종로구 경운동,서울시,종로구,경운동,2000,65,21,3,원룸,,37.5753037385963,126.988305069718,https://ic.zigbang.com/ic/items/47008446/1.jpg
종로구,견지동,47008599,신축 컨디션최고의 방 안국역4분거리 종로3가역5분거리,종로구 경운동,서울시,종로구,경운동,1000,70,21,3,원룸,50000,37.5753037385963,126.988305069718,https://ic.zigbang.com/ic/items/47008599/1.jpg
종로구,견지동,47009657,"단기임대가능,빠른입주가능",중구 저동2가,서울특별시,중구,저동2가,200,105,43.15,중,오피스텔,130000,37.56515884399414,126.99057006835938,https://ic.zigbang.com/ic/items/47009657/1.jpg
종로구,견지동,47012641,"빠른 입주 가능, 귀한 전세, 초역세권, 풀옵션",중구 입정동,서울특별시,중구,입정동,57000,0,69,5,오피스텔,170000,37.5679611,126.993004,https://ic.zigbang.com/ic/items/47012641/1.jpg
종로구,견지동,47014610,"종로 최중심 ybm학원가 바로옆, 풀옵션.조용,깨끗.쾌적함",종로구 관수동,서울특별시,종로구,관수동,1000,105,34.81,고,오피스텔,95000,37.5693754,126.988799,https://ic.zigbang.com/ic/items/47014610/1.jpg
종로구,견지동,47015720,교통편리한 풀옵션 신축원룸,종로구 경운동,서울시,종로구,경운동,1000,70,18.18,3,원룸,50000,37.5753037385963,126.988305069718,https://ic.zigbang.com/ic/items/47015720/1.jpg
종로구,견지동,47024493,전입O 종로3가역5분거리 안국역5분거리,종로구 익선동,서울시,종로구,익선동,500,55,17.2,2,원룸,80000,37.5747371466521,126.988753666804,https://ic.zigbang.com/ic/items/47024493/1.jpg
종로구,견지동,47024514,전입O 풀옵션좋은방 안국역4분거리 종로3가역5분거리,종로구 운니동,서울시,종로구,운니동,1000,88,26.45,2,원룸,130000,37.5762488179517,126.989544628037,https://ic.zigbang.com/ic/items/47024514/1.jpg
종로구,견지동,47032583,"텐46B 저가전세,  방1 거실1 , 청계천산책, 초역세권",중구 입정동,서울특별시,중구,입정동,5000,240,66.71,5,오피스텔,150000,37.5679611,126.993004,https://ic.zigbang.com/ic/items/47032583/1.jpg
종로구,견지동,47041076,"단기.종로 최중심지 조용하고,깨끗함",종로구 관수동,서울특별시,종로구,관수동,170,120,34.81,중,오피스텔,95000,37.5693754,126.988799,https://ic.zigbang.com/ic/items/47041076/1.jpg
종로구,견지동,47051664,전입X 초역세권 종로3가역5번출구옆,종로구 낙원동,서울특별시,종로구,낙원동,1000,70,42.98,8,오피스텔,200000,37.57176208496094,126.9889144897461,https://ic.zigbang.com/ic/items/47051664/1.jpg
종로구,견지동,47067592,즉시입단기.최중심 종로 탑골공원 맞은편 ybm학원가 바로옆,종로구 관수동,서울특별시,종로구,관수동,170,120,34.81,고,오피스텔,,37.5693754,126.988799,https://ic.zigbang.com/ic/items/47067592/1.jpg
종로구,구기동,46595059,"상명대 정문 인근에 위치한  주변경관이 아름다운 집입니다,",종로구 홍지동,서울시,종로구,홍지동,500,50,23.08,1,원룸,50000,37.5999337805132,126.956291804883,https://ic.zigbang.com/ic/items/46595059/1.jpg
종로구,구기동,46753040,"상명대인근 풀옵션 원룸,  전용 넓고 상태 양호함",종로구 홍지동,서울시,종로구,홍지동,500,50,20.56,1,원룸,50000,37.5999337805132,126.956291804883,https://ic.zigbang.com/ic/items/46753040/1.jpg
종로구,구기동,46793017,보증금과 월세가 저렴한 풀옵션 원룸,종로구 신영동,서울시,종로구,신영동,500,40,15,1,원룸,50000,37.6005237674636,126.960429534149,https://ic.zigbang.com/ic/items/46793017/1.jpg
종로구,구기동,46933139,"내부상태 깨끗하며 ,상명대인접",서대문구 홍은동,서울시,서대문구,홍은동,1000,40,18.18,3,원룸,70000,37.5971992142903,126.955892094135,https://ic.zigbang.com/ic/items/46933139/1.jpg
종로구,구기동,46956826,백사실 유원지 입구의 올리모델링이 완료된 깨끗한 집,종로구 부암동,서울시,종로구,부암동,2000,60,27,4,원룸,50000,37.5955770447834,126.964055305288,https://ic.zigbang.com/ic/items/46956826/1.jpg
종로구,구기동,47026395,북한산 인근에 위치한 주변경관이 아름답고 넓은 원룸입니다,종로구 평창동,서울시,종로구,평창동,1000,55,37.53,반지하,원룸,80000,37.60580317324768,126.9645664635546,https://ic.zigbang.com/ic/items/47026395/1.jpg
종로구,구기동,47040856,상명대부근에 있는 있는 깨끗한 원룸,서대문구 홍은동,서울시,서대문구,홍은동,2000,45,16,4,원룸,50000,37.598040940318185,126.95594595142164,https://ic.zigbang.com/ic/items/47040856/1.jpg
종로구,구기동,47041701,깨끗하고 넓은 풀옵션 원룸,서대문구 홍은동,서울시,서대문구,홍은동,1000,45,20,5,원룸,,37.597449918999416,126.95602330099231,https://ic.zigbang.com/ic/items/47041701/1.jpg
종로구,구기동,47043809,"상명대학 인근 대도로에 위치한 깨끗한 원룸입니다,",종로구 부암동,서울시,종로구,부암동,4000,10,23,3,원룸,50000,37.59715702154063,126.96375526120796,https://ic.zigbang.com/ic/items/47043809/1.jpg
종로구,구기동,47055257,내부상태깔끔한 매물,서대문구 홍은동,서울시,서대문구,홍은동,1000,45,19.83,2,원룸,50000,37.5967734508187,126.955771522739,https://ic.zigbang.com/ic/items/47055257/1.jpg
종로구,구기동,47055330,내부상태깔끔 보러오셔요,서대문구 홍은동,서울시,서대문구,홍은동,3000,45,14.82,3,원룸,50000,37.5980363461889,126.955948445363,https://ic.zigbang.com/ic/items/47055330/1.jpg
종로구,구기동,47061210,"전용 5.3평의 큰  원룸, 풀옵션.",서대문구 홍은동,서울시,서대문구,홍은동,3000,45,17.37,3,원룸,50000,37.5978978632579,126.955946828441,https://ic.zigbang.com/ic/items/47061210/1.jpg
종로구,낙원동,46757573,개인거주가능 l 즉시입주 l 대로변,종로구 원남동,서울특별시,종로구,원남동,1000,85,34.6,저,오피스텔,80000,37.57550811767578,126.99769592285156,https://ic.zigbang.com/ic/items/46757573/1.jpg
종로구,낙원동,46773664,"큰창,전입확정가능,아름다운시티뷰,큰방",중구 인현동2가,서울특별시,중구,인현동2가,5000,140,72.73,고,오피스텔,150000,37.564497,126.996615,https://ic.zigbang.com/ic/items/46773664/1.jpg
종로구,낙원동,46866152,"무근저당, 신축 아파트,전입가능, 풀옵션",중구 인현동2가,서울특별시,중구,인현동2가,5000,130,42,저,오피스텔,160000,37.564497,126.996615,https://ic.zigbang.com/ic/items/46866152/1.jpg
종로구,낙원동,46935123,"투룸 남향, 보증금 조정가능, 좋은 구조, 확장형",중구 인현동2가,서울특별시,중구,인현동2가,40000,150,64,중,오피스텔,210000,37.564497,126.996615,https://ic.zigbang.com/ic/items/46935123/1.jpg
종로구,낙원동,46937966,전입가능  모든전세대출가능 전세금반환보증가입가능,종로구 연지동,서울특별시,종로구,연지동,24800,0,29.42,고,오피스텔,110000,37.5742111,126.998182,https://ic.zigbang.com/ic/items/46937966/1.jpg
종로구,낙원동,46940025,"텐29C. 저가월세, 넓은양창형, 전용13평,신축풀옵션",중구 인현동2가,서울특별시,중구,인현동2가,3000,150,50,4,오피스텔,150000,37.564497,126.996615,https://ic.zigbang.com/ic/items/46940025/1.jpg
종로구,낙원동,46955977,풀옵션 전입가능 전세자금대출가능 전세금반환보증가능,종로구 연지동,서울특별시,종로구,연지동,16000,33,29.42,10,오피스텔,110000,37.5742111,126.998182,https://ic.zigbang.com/ic/items/46955977/1.jpg
종로구,낙원동,46957036,실시용10.6평  전입가능 역세권,중구 인현동2가,서울특별시,중구,인현동2가,5000,135,49.59,중,오피스텔,160000,37.564497,126.996615,https://ic.zigbang.com/ic/items/46957036/1.jpg
종로구,낙원동,46957055,실11평  전입가능  대로변 보안,중구 인현동2가,서울특별시,중구,인현동2가,5000,125,49.59,중,오피스텔,150000,37.564497,126.996615,https://ic.zigbang.com/ic/items/46957055/1.jpg
종로구,낙원동,46994056,대로변  전입불가,종로구 원남동,서울특별시,종로구,원남동,1000,85,34.6,3,오피스텔,75000,37.57550811767578,126.99769592285156,https://ic.zigbang.com/ic/items/46994056/1.jpg
종로구,낙원동,47014239,"저렴한가격,전입확정가능,큰방굿,막힘없는전망",중구 인현동2가,서울특별시,중구,인현동2가,5000,120,59.5,고,오피스텔,150000,37.564497,126.996615,https://ic.zigbang.com/ic/items/47014239/1.jpg
종로구,낙원동,47014252,"전입확정가능,옵션굿,큰방,편리한교통",중구 인현동2가,서울특별시,중구,인현동2가,5000,120,37.36,고,오피스텔,150000,37.564497,126.996615,https://ic.zigbang.com/ic/items/47014252/1.jpg
종로구,낙원동,47020505,보증금조정.전망최고.동향.전입가능.,중구 인현동2가,서울특별시,중구,인현동2가,5000,120,37.26,고,오피스텔,130000,37.564497,126.996615,https://ic.zigbang.com/ic/items/47020505/1.jpg
종로구,낙원동,47030485,분리형1.5룸.풀옵션.서울대 위너스학원 광화문.사업자됨,종로구 연지동,서울특별시,종로구,연지동,1000,100,29.38,중,오피스텔,110000,37.5742111,126.998182,https://ic.zigbang.com/ic/items/47030485/1.jpg
종로구,낙원동,47036570,방 크고 깔끔한 원룸 월세,종로구 원남동,서울시,종로구,원남동,1000,65,21.45,2,원룸,50000,37.5766239042411,126.998448293569,https://ic.zigbang.com/ic/items/47036570/1.jpg
종로구,동숭동,46688237,혜화 성균관대 인근 복층원룸,종로구 명륜4가,서울시,종로구,명륜4가,1000,65,24,2,원룸,50000,37.5825925259582,126.997675141514,https://ic.zigbang.com/ic/items/46688237/1.jpg
종로구,동숭동,46701960,혜화역.성대정문. 채광좋은 깔끔한원룸.,종로구 명륜3가,서울시,종로구,명륜3가,2000,70,19,2,원룸,100000,37.5836781147152,126.99688519915,https://ic.zigbang.com/ic/items/46701960/1.jpg
종로구,동숭동,46738841,혜화역 서울대병원 근처 원룸입니다.,종로구 연건동,서울시,종로구,연건동,5500,30,15,2,원룸,,37.5791870567694,127.001189829549,https://ic.zigbang.com/ic/items/46738841/1.jpg
종로구,동숭동,46777146,성대 정문 앞 여성전용 원룸,종로구 명륜2가,서울시,종로구,명륜2가,2000,75,16.54,2,원룸,100000,37.5851333214554,126.997406282287,https://ic.zigbang.com/ic/items/46777146/1.jpg
종로구,동숭동,46863429,성대정문 신축원룸,종로구 명륜2가,서울시,종로구,명륜2가,3000,70,18.8,3,원룸,70000,37.5858226813952,126.997919255153,https://ic.zigbang.com/ic/items/46863429/1.jpg
종로구,동숭동,46893035,혜화 성대정문근처 신축급 깔끔 원룸입니다,종로구 명륜2가,서울시,종로구,명륜2가,3000,70,19.83,3,원룸,70000,37.5858226813952,126.997919255153,https://ic.zigbang.com/ic/items/46893035/1.jpg
종로구,동숭동,46912331,"신축급, 넓은 원룸  성대 정문, 혜화역 근처",종로구 명륜3가,서울시,종로구,명륜3가,3000,70,21.1,2,원룸,100000,37.58367649290919,126.99688429348902,https://ic.zigbang.com/ic/items/46912331/1.jpg
종로구,동숭동,46914271,서울대병원.혜화역3분. 1.5층,종로구 연건동,서울시,종로구,연건동,4000,40,16.01,1,원룸,50000,37.5789021609138,127.00133405309,https://ic.zigbang.com/ic/items/46914271/1.jpg
종로구,동숭동,46919810,동숭동 최고의 가성비 넓은원룸,종로구 동숭동,서울시,종로구,동숭동,1000,45,21,반지하,원룸,50000,37.5788870510731,127.006162975346,https://ic.zigbang.com/ic/items/46919810/1.jpg
종로구,동숭동,46931216,서울대병원.혜화역.동대문.대출가능.,종로구 이화동,서울시,종로구,이화동,6500,0,14.88,4,원룸,55000,37.5764012727804,127.004761744602,https://ic.zigbang.com/ic/items/46931216/1.jpg
종로구,동숭동,46946470,성균관대 정문 인근 깔끔한 원룸,종로구 명륜3가,서울시,종로구,명륜3가,500,58,17,2,원룸,50000,37.5830634589034,126.996956776735,https://ic.zigbang.com/ic/items/46946470/1.jpg
종로구,동숭동,46954132,컨디션 좋은 탑층 분리형원룸,종로구 혜화동,서울시,종로구,혜화동,3000,85,30,4,원룸,50000,37.5895603773157,126.999628735253,https://ic.zigbang.com/ic/items/46954132/1.jpg
종로구,동숭동,46971100,"신축급 원룸,   깔끔함  혜화역,  성대",종로구 명륜2가,서울시,종로구,명륜2가,3000,68,21.49,3,원룸,100000,37.5858226813952,126.997919255153,https://ic.zigbang.com/ic/items/46971100/1.jpg
종로구,동숭동,46973720,대학로 인근 전용 넓고 빌트인 좋은 오피스텔,종로구 연건동,서울특별시,종로구,연건동,1000,75,49.59,2,오피스텔,95000,37.57618713378906,127.00041961669922,https://ic.zigbang.com/ic/items/46973720/1.jpg
종로구,동숭동,46987947,관리비없는 연건동 풀옵션 원룸,종로구 연건동,서울시,종로구,연건동,500,40,13.22,2,원룸,,37.57851409912109,127.0009765625,https://ic.zigbang.com/ic/items/46987947/1.jpg
종로구,동숭동,46987971,동숭동 리모델링된 초대형원룸,종로구 동숭동,서울시,종로구,동숭동,1000,90,33,3,원룸,50000,37.5788870510731,127.006162975346,https://ic.zigbang.com/ic/items/46987971/1.jpg
종로구,동숭동,46990863,서울대치대.혜화역.보령빌딩.엘베있음.즉시입주.,종로구 연지동,서울시,종로구,연지동,1000,50,16.6,2,원룸,100000,37.5746448751331,126.998939633072,https://ic.zigbang.com/ic/items/46990863/1.jpg
종로구,동숭동,46991879,성대정문.킹고.혜화역. 깔끔한원룸,종로구 명륜2가,서울시,종로구,명륜2가,3000,68,13.41,3,원룸,100000,37.5858226813952,126.997919255153,https://ic.zigbang.com/ic/items/46991879/1.jpg
종로구,동숭동,46992045,성대정문.혜화역.서울대병원.보증금조정가능.대출불가,종로구 명륜2가,서울시,종로구,명륜2가,8000,10,24,옥탑방,원룸,30000,37.5839801424036,126.997505273553,https://ic.zigbang.com/ic/items/46992045/1.jpg
종로구,동숭동,47000676,성대정문3분. 신축급. 채광굿굿.,종로구 명륜2가,서울시,종로구,명륜2가,3000,68,18.18,3,원룸,100000,37.5858226813952,126.997919255153,https://ic.zigbang.com/ic/items/47000676/1.jpg
종로구,동숭동,47001011,성균관대 정문 인근 넓은 원룸,종로구 명륜3가,서울시,종로구,명륜3가,3000,70,23,3,원룸,100000,37.5836781147152,126.99688519915,https://ic.zigbang.com/ic/items/47001011/1.jpg
종로구,동숭동,47026298,"서울대 병원, 혜화역, 이화사거리.",종로구 이화동,서울시,종로구,이화동,5000,25,16.53,3,원룸,100000,37.5762862222659,127.004598382621,https://ic.zigbang.com/ic/items/47026298/1.jpg
종로구,동숭동,47030333,전입됨. 신축.광화문.서울대병원.성대.안국동.종로5가역,종로구 원남동,서울특별시,종로구,원남동,1000,90,31.2,고,오피스텔,100000,37.5749643,126.998814,https://ic.zigbang.com/ic/items/47030333/1.jpg
종로구,동숭동,47030354,전입됨.외국인됨.서울대병원 .성대.보령제약 광화문 안국동,종로구 원남동,서울특별시,종로구,원남동,1000,90,33,중,오피스텔,100000,37.5749643,126.998814,https://ic.zigbang.com/ic/items/47030354/1.jpg
종로구,동숭동,47030541,분리형1.5룸.신축풀옵션 서울대병원  성대 광화문.사업자됨,종로구 원남동,서울특별시,종로구,원남동,1000,100,38,고,오피스텔,110000,37.5749643,126.998814,https://ic.zigbang.com/ic/items/47030541/1.jpg
종로구,동숭동,47032499,혜화동 로터리 신축급 분리형원룸,종로구 명륜2가,서울시,종로구,명륜2가,7000,130,26.81,5,원룸,100000,37.5854669788475,126.998555328223,https://ic.zigbang.com/ic/items/47032499/1.jpg
종로구,동숭동,47036891,위치 좋고 깔끔한 반전세 원룸 HUG 대출 가능,종로구 연건동,서울시,종로구,연건동,5500,40,19.8,2,원룸,50000,37.5791870567694,127.001189829549,https://ic.zigbang.com/ic/items/47036891/1.jpg
종로구,동숭동,47040739,8평. 혜화역. 서울대병원.넓은 분리형원룸. 여성분만가능.,종로구 동숭동,서울시,종로구,동숭동,1000,85,23,3,원룸,50000,37.5812004878752,127.005232447474,https://ic.zigbang.com/ic/items/47040739/1.jpg
종로구,동숭동,47041190,전입불가   부가가치세별도 개인계약가능,종로구 원남동,서울특별시,종로구,원남동,2000,120,47.16,중,오피스텔,130000,37.5749643,126.998814,https://ic.zigbang.com/ic/items/47041190/1.jpg
종로구,동숭동,47044963,성대근처 풀옵션 원룸,종로구 명륜3가,서울시,종로구,명륜3가,500,58,19.41,2,원룸,50000,37.5830634589034,126.996956776735,https://ic.zigbang.com/ic/items/47044963/1.jpg
종로구,동숭동,47049501,방 크고 깔끔한 원룸 월세 보증금 월세 조정가능,종로구 명륜3가,서울시,종로구,명륜3가,2000,70,23.1,2,원룸,100000,37.5836781147152,126.99688519915,https://ic.zigbang.com/ic/items/47049501/1.jpg
종로구,동숭동,47052289,혜화역.  신축급. 서울대병원.  1.5룸. 엘리베이터.,종로구 연건동,서울시,종로구,연건동,1000,90,20.2,5,원룸,70000,37.5754111674277,127.001409723996,https://ic.zigbang.com/ic/items/47052289/1.jpg
종로구,동숭동,47053819,혜화역.성대정문.채광좋음.깔끔한원룸.,종로구 명륜3가,서울시,종로구,명륜3가,2000,70,17.5,2,원룸,100000,37.5836781147152,126.99688519915,https://ic.zigbang.com/ic/items/47053819/1.jpg
종로구,동숭동,47054126,분리형 원룸 같이 방 넓은 원룸 월세,종로구 이화동,서울시,종로구,이화동,2000,60,23.1,1,원룸,50000,37.5763867916647,127.004098362135,https://ic.zigbang.com/ic/items/47054126/1.jpg
종로구,동숭동,47054486,"보증보험 전액가입가능, AAA급 컨디션 오피스텔.전망 굿.",종로구 충신동,서울특별시,종로구,충신동,33000,0,22.31,8,오피스텔,120000,37.5754129350215,127.0031793222,https://ic.zigbang.com/ic/items/47054486/1.jpg
종로구,동숭동,47054641,성대정문 바로앞. 여성전용신축원룸.,종로구 명륜2가,서울시,종로구,명륜2가,1000,75,16.53,3,원룸,100000,37.5851333214554,126.997406282287,https://ic.zigbang.com/ic/items/47054641/1.jpg
종로구,동숭동,47059753,동숭동 대학로 최고의원룸,종로구 동숭동,서울시,종로구,동숭동,3000,55,23.14,5,원룸,50000,37.57832451597586,127.0052166235137,https://ic.zigbang.com/ic/items/47059753/1.jpg
종로구,동숭동,47059814,이화동 벽화마을입구 예쁜원룸,종로구 이화동,서울시,종로구,이화동,1000,55,16.52,1,원룸,50000,37.57747392945683,127.00620825475733,https://ic.zigbang.com/ic/items/47059814/1.jpg
종로구,동숭동,47060378,위치 좋고 가격 착한 원룸 월세,종로구 명륜4가,서울시,종로구,명륜4가,500,40,19.8,옥탑방,원룸,50000,37.582675619712,127.000417874956,https://ic.zigbang.com/ic/items/47060378/1.jpg
종로구,동숭동,47060571,위치 좋고 깔끔한 원룸 월세 보증금 조정 가능,종로구 명륜2가,서울시,종로구,명륜2가,2000,70,23.1,2,원룸,,37.5839833173401,126.998924216396,https://ic.zigbang.com/ic/items/47060571/1.jpg
종로구,동숭동,47061587,"신축급,  여성전용  원룸.  성대정문,  혜화역 인접",종로구 명륜2가,서울시,종로구,명륜2가,2000,85,21.8,3,원룸,100000,37.5851333214554,126.997406282287,https://ic.zigbang.com/ic/items/47061587/1.jpg
종로구,동숭동,47062317,방 크고 깔끔하고 가격 착한 원룸 월세,종로구 명륜2가,서울시,종로구,명륜2가,1000,65,23.14,1,원룸,,37.5839833173401,126.998924216396,https://ic.zigbang.com/ic/items/47062317/1.jpg
종로구,동숭동,47067759,깔끔 보안 철저 관리비 저렴 주차비 저렴,종로구 충신동,서울특별시,종로구,충신동,2000,70,49.59,고,오피스텔,90000,37.575138092041,127.004043579102,https://ic.zigbang.com/ic/items/47067759/1.jpg
종로구,익선동,46717155,국토부전자계약가능 전입가능 모든전세자금대출가능,종로구 인의동,서울특별시,종로구,인의동,18100,15,30.41,3,오피스텔,85000,37.57262313165878,126.99882272681351,https://ic.zigbang.com/ic/items/46717155/1.jpg
종로구,익선동,46872139,전세대출안됨  전세금반환보증가입가능  전입가능,종로구 인의동,서울특별시,종로구,인의동,18000,20,30.41,9,오피스텔,85000,37.57262313165878,126.99882272681351,https://ic.zigbang.com/ic/items/46872139/1.jpg
종로구,익선동,46931967,"신축급 깔끔한 오피스텔.  서울대 병원,  혜화동",종로구 연지동,서울특별시,종로구,연지동,1000,60,20.88,고,오피스텔,80000,37.57324,126.9987,https://ic.zigbang.com/ic/items/46931967/1.jpg
종로구,익선동,46946441,전세대출안됨  전입가능 주택임대사업자,종로구 인의동,서울특별시,종로구,인의동,20500,0,30.41,6,오피스텔,85000,37.57262313165878,126.99882272681351,https://ic.zigbang.com/ic/items/46946441/1.jpg
종로구,익선동,46947185,전세자금대출안됨  전세반환보증가능 주택임대사업자,종로구 인의동,서울특별시,종로구,인의동,20500,0,30.41,고,오피스텔,85000,37.57262313165878,126.99882272681351,https://ic.zigbang.com/ic/items/46947185/1.jpg
종로구,익선동,47022785,전입불가 부가세별도 입주협의,종로구 인의동,서울특별시,종로구,인의동,1000,90,30.41,중,오피스텔,85000,37.57262313165878,126.99882272681351,https://ic.zigbang.com/ic/items/47022785/1.jpg
종로구,익선동,47030613,풀옵션 광화문.종각. 서울대병원.안국동.성대.전입불가,종로구 인의동,서울특별시,종로구,인의동,1000,83,30.41,고,오피스텔,100000,37.57262313165878,126.99882272681351,https://ic.zigbang.com/ic/items/47030613/1.jpg
종로구,익선동,47035217,종로5가역. 광화문.종각.서울대병원.시청.성대.안국동,종로구 인의동,서울특별시,종로구,인의동,1000,83,32,중,오피스텔,110000,37.57262313165878,126.99882272681351,https://ic.zigbang.com/ic/items/47035217/1.jpg
종로구,익선동,47043259,12월12일입주가능 전입불가 부가세별도 세금계산서발급가능,종로구 인의동,서울특별시,종로구,인의동,1000,90,30.41,고,오피스텔,85000,37.57262313165878,126.99882272681351,https://ic.zigbang.com/ic/items/47043259/1.jpg
종로구,인의동,46528233,전용7평  전입불가  역세권   주차무료,중구 충무로5가,서울특별시,중구,충무로5가,14000,30,49.58,중,오피스텔,150000,37.5633010864258,127.000267028809,https://ic.zigbang.com/ic/items/46528233/1.jpg
종로구,인의동,46536205,"귀한고층전세매물,탁트인조망,여성안심귀가지역,지하철직통연결",종로구 종로5가,서울특별시,종로구,종로5가,25000,0,32.17,13,오피스텔,90000,37.570635175706,127.001197617236,https://ic.zigbang.com/ic/items/46536205/1.jpg
종로구,인의동,46611436,"귀한최고층저렴한월세매물,탁트인최고조망권,여성안심귀가지역",종로구 종로5가,서울특별시,종로구,종로5가,1000,110,32.17,16,오피스텔,90000,37.570635175706,127.001197617236,https://ic.zigbang.com/ic/items/46611436/1.jpg
종로구,인의동,46631933,전입가능.외국인거소신고가능.분리형구조.신축첫입주,중구 을지로6가,서울특별시,중구,을지로6가,2000,130,50.63,8,오피스텔,130000,37.5667989,127.006525,https://ic.zigbang.com/ic/items/46631933/1.jpg
종로구,인의동,46711355,햇살좋은 남향,중구 충무로2가,서울특별시,중구,충무로2가,1000,100,34.21,7,오피스텔,140000,37.5630144,126.989677,https://ic.zigbang.com/ic/items/46711355/1.jpg
종로구,인의동,46745834,전입불가 부가세별도 세금계산서발급가능,종로구 효제동,서울특별시,종로구,효제동,2000,150,52.97,중,오피스텔,132000,37.5737248111274,127.003856758491,https://ic.zigbang.com/ic/items/46745834/1.jpg
종로구,인의동,46746726,전입가능.분리형.신축첫입주,중구 을지로6가,서울특별시,중구,을지로6가,2000,130,50.63,고,오피스텔,130000,37.5667989,127.006525,https://ic.zigbang.com/ic/items/46746726/1.jpg
종로구,인의동,46746758,사업자용 분리형투룸 풀옵션,중구 을지로5가,서울특별시,중구,을지로5가,3000,145,63.05,중,오피스텔,200000,37.5661636232077,127.001303264702,https://ic.zigbang.com/ic/items/46746758/1.jpg
종로구,인의동,46756907,사무실과 주거 겸용에 좋은 대로변 오피스텔 월세입니다.,중구 장충동2가,서울특별시,중구,장충동2가,2000,120,68.81,9,오피스텔,187300,37.562787849015855,127.00210070361398,https://ic.zigbang.com/ic/items/46756907/1.jpg
종로구,인의동,46764456,"복층.분리형,전입가능.첫입주",중구 을지로6가,서울특별시,중구,을지로6가,2000,135,50.63,6,오피스텔,130000,37.5667989,127.006525,https://ic.zigbang.com/ic/items/46764456/1.jpg
종로구,인의동,46771741,"전세권설정가능, 오피스텔로 전입신고 불가 풀옾션",중구 충무로5가,서울특별시,중구,충무로5가,14000,30,52.14,중,오피스텔,90000,37.5633010864258,127.000267028809,https://ic.zigbang.com/ic/items/46771741/1.jpg
종로구,인의동,46782819,"전입신고와 확정일자로 전세대출이 가능,내년 1월말 입주가능",중구 오장동,서울특별시,중구,오장동,21000,0,29.26,11,오피스텔,110000,37.5647259069512,127.000965488472,https://ic.zigbang.com/ic/items/46782819/1.jpg
종로구,인의동,46786344,대로변건물.풀옵션.즉시입주가능,종로구 효제동,서울특별시,종로구,효제동,2000,120,20,8,오피스텔,110000,37.5737248111274,127.003856758491,https://ic.zigbang.com/ic/items/46786344/1.jpg
종로구,인의동,46797420,"기존 임차인과 협의하여 입주가능하며,전세권 설정하여 입주.",중구 오장동,서울특별시,중구,오장동,13500,0,35.44,10,오피스텔,90000,37.5640983581543,126.9999008178711,https://ic.zigbang.com/ic/items/46797420/1.jpg
종로구,인의동,46829983,전입불가 부가세별도 북한산뷰,종로구 종로5가,서울특별시,종로구,종로5가,1000,110,32.11,고,오피스텔,100000,37.570635175706,127.001197617236,https://ic.zigbang.com/ic/items/46829983/1.jpg
종로구,인의동,46847309,큰길가 전입가능 분리형구조,중구 오장동,서울특별시,중구,오장동,10000,145,39.99,고,오피스텔,170000,37.5648145517864,127.002011795126,https://ic.zigbang.com/ic/items/46847309/1.jpg
종로구,인의동,46847330,남향.분리형구조.전입신고.전세권설정가능,중구 오장동,서울특별시,중구,오장동,40000,0,39.99,중,오피스텔,170000,37.5648145517864,127.002011795126,https://ic.zigbang.com/ic/items/46847330/1.jpg
종로구,인의동,46853169,역세권 주차가능 전입불가   tv 인터넷옵션,중구 오장동,서울특별시,중구,오장동,13000,0,33.05,고,오피스텔,150000,37.5640983581543,126.9999008178711,https://ic.zigbang.com/ic/items/46853169/1.jpg
종로구,인의동,46861626,가구 가전 및 식기가 모두 갖추어진 풀옵션 단기임대,중구 을지로5가,서울특별시,중구,을지로5가,390,390,76.35,11,오피스텔,180000,37.5661636232077,127.001303264702,https://ic.zigbang.com/ic/items/46861626/1.jpg
종로구,인의동,46867979,"사업자등록및세금계산서발행가능,옵션굿,내부깔끔",중구 충무로2가,서울특별시,중구,충무로2가,1000,95,34,중,오피스텔,120000,37.5630144,126.989677,https://ic.zigbang.com/ic/items/46867979/1.jpg
종로구,인의동,46877298,"전입가능하고 깨끗한,방1, 거실약간  즉시입주",종로구 효제동,서울특별시,종로구,효제동,2000,120,27.67,8,오피스텔,110000,37.5737248111274,127.003856758491,https://ic.zigbang.com/ic/items/46877298/1.jpg
종로구,인의동,46883064,"전입확정가능,채광굿,옵션깔끔",중구 충무로2가,서울특별시,중구,충무로2가,1000,98,49.59,고,오피스텔,140000,37.5630144,126.989677,https://ic.zigbang.com/ic/items/46883064/1.jpg
종로구,인의동,46892758,"고층최고마운틴뷰월세매물,신축급풀옵션,여성안심귀가지역",종로구 종로5가,서울특별시,종로구,종로5가,1000,120,32.17,15,오피스텔,95000,37.570635175706,127.001197617236,https://ic.zigbang.com/ic/items/46892758/1.jpg
종로구,인의동,46892928,"남향채광최고월세매물,여성안심귀가지역,대중교통중심지",종로구 종로5가,서울특별시,종로구,종로5가,1000,110,32.17,4,오피스텔,95000,37.570635175706,127.001197617236,https://ic.zigbang.com/ic/items/46892928/1.jpg
종로구,인의동,46897368,"탁트인조망로양층월세매물,지하철직통연결,여성안심귀가지역",종로구 종로5가,서울특별시,종로구,종로5가,1000,110,32.17,중,오피스텔,95000,37.570635175706,127.001197617236,https://ic.zigbang.com/ic/items/46897368/1.jpg
종로구,인의동,46898321,탁트인뷰 대로변 여성안심귀가 5가역 ev 직통연결,종로구 종로5가,서울특별시,종로구,종로5가,1000,110,32.12,고,오피스텔,110000,37.570635175706,127.001197617236,https://ic.zigbang.com/ic/items/46898321/1.jpg
종로구,인의동,46900572,"신축급 오피스텔 ,폴옵션 .  서울대 병원, 종로5가",종로구 효제동,서울특별시,종로구,효제동,19000,0,26.12,중,오피스텔,80000,37.57252574426988,127.00450080008956,https://ic.zigbang.com/ic/items/46900572/1.jpg
종로구,인의동,46906197,풀옵션   초역세권  부가세 별도,종로구 종로5가,서울특별시,종로구,종로5가,1000,120,32.1,15,오피스텔,100000,37.570635175706,127.001197617236,https://ic.zigbang.com/ic/items/46906197/1.jpg
종로구,인의동,46921081,남향 l 깔끔풀옵 l 개인거주O,종로구 종로5가,서울특별시,종로구,종로5가,1000,100,32.1,중,오피스텔,100000,37.570635175706,127.001197617236,https://ic.zigbang.com/ic/items/46921081/1.jpg
종로구,인의동,46923658,1.5룸 복층.보증보험.전세대출가능,중구 오장동,서울특별시,중구,오장동,34000,0,53.45,중,오피스텔,190000,37.5648145517864,127.002011795126,https://ic.zigbang.com/ic/items/46923658/1.jpg
종로구,인의동,46928625,만기 1월14일 전후로 입주날짜협의,중구 오장동,서울특별시,중구,오장동,18600,0,32.77,2,오피스텔,100000,37.5648145517864,127.002011795126,https://ic.zigbang.com/ic/items/46928625/1.jpg
종로구,인의동,46942072,ꕤ 11.28 ꕤ 보증금대출OK ꕤ 안전반전세 ꕤ,중구 오장동,서울특별시,중구,오장동,10000,67,29.24,중,오피스텔,120000,37.5647259069512,127.000965488472,https://ic.zigbang.com/ic/items/46942072/1.jpg
종로구,인의동,46951343,탁트인 뷰 대로변 여성안심귀가 5가역 ev 직통연결,종로구 종로5가,서울특별시,종로구,종로5가,1000,110,32.12,중,오피스텔,110000,37.570635175706,127.001197617236,https://ic.zigbang.com/ic/items/46951343/1.jpg
종로구,인의동,46955284,역세권 단기임대,중구 충무로2가,서울특별시,중구,충무로2가,200,140,37,7,오피스텔,250000,37.5630144,126.989677,https://ic.zigbang.com/ic/items/46955284/1.jpg
종로구,인의동,46966642,사업자용.전망좋은남향.투룸,중구 오장동,서울특별시,중구,오장동,2500,150,47.11,고,오피스텔,200000,37.5647259069512,127.000965488472,https://ic.zigbang.com/ic/items/46966642/1.jpg
종로구,인의동,46978142,개인거주O l 끝장뷰 l 집주인대출X,종로구 종로5가,서울특별시,종로구,종로5가,1000,100,32.11,고,오피스텔,100000,37.570635175706,127.001197617236,https://ic.zigbang.com/ic/items/46978142/1.jpg
종로구,인의동,46983304,테라스O 분리형구조 사업자용,중구 광희동1가,서울특별시,중구,광희동1가,1000,135,37.27,중,오피스텔,130000,37.5654788821574,127.006362440645,https://ic.zigbang.com/ic/items/46983304/1.jpg
종로구,인의동,46983336,사업자용.건물내피트니스.복층.분리형,중구 을지로5가,서울특별시,중구,을지로5가,1000,230,71.17,고,오피스텔,200000,37.566482912003,127.002721768003,https://ic.zigbang.com/ic/items/46983336/1.jpg
종로구,인의동,46983913,풀옵션  초역세권  상태최상  즉시입주 부가세별도,종로구 종로5가,서울특별시,종로구,종로5가,1000,110,32.11,4,오피스텔,100000,37.570635175706,127.001197617236,https://ic.zigbang.com/ic/items/46983913/1.jpg
종로구,인의동,46984666,신축4년차.풀옵션.2월 입주가능,종로구 효제동,서울특별시,종로구,효제동,27000,10,32.46,중,오피스텔,120000,37.5737248111274,127.003856758491,https://ic.zigbang.com/ic/items/46984666/1.jpg
종로구,인의동,46999661,"저렴한월세매물,여성안심귀가지역,지하철직통연결",종로구 종로5가,서울특별시,종로구,종로5가,1000,100,32.12,7,오피스텔,95000,37.570635175706,127.001197617236,https://ic.zigbang.com/ic/items/46999661/1.jpg
종로구,인의동,46999816,"탁트인조망로얄층월세매물,지하철직통연결,여성안심귀가지역",종로구 종로5가,서울특별시,종로구,종로5가,1000,110,32.12,9,오피스텔,95000,37.570635175706,127.001197617236,https://ic.zigbang.com/ic/items/46999816/1.jpg
종로구,인의동,47002160,"텐39 복층 침대, 저가 월세, 방1 거실1, 신축풀옵션",중구 을지로5가,서울특별시,중구,을지로5가,2000,250,69.39,12,오피스텔,200000,37.566482912003,127.002721768003,https://ic.zigbang.com/ic/items/47002160/1.jpg
종로구,인의동,47002420,버팀목대출가능대로변.풀옵션2룸,종로구 효제동,서울특별시,종로구,효제동,10000,100,36.62,8,오피스텔,120000,37.5737248111274,127.003856758491,https://ic.zigbang.com/ic/items/47002420/1.jpg
종로구,인의동,47004534,대로변의 냉난방시설 다갖춘 사무실과 주거 겸용 오피스텔,중구 장충동2가,서울특별시,중구,장충동2가,1000,100,68.81,9,오피스텔,200000,37.562787849015855,127.00210070361398,https://ic.zigbang.com/ic/items/47004534/1.jpg
종로구,인의동,47004576,방2개 큰 거실과 주방 등 사무실과 주거 겸용 오피스텔,중구 장충동2가,서울특별시,중구,장충동2가,1000,160,146.7,8,오피스텔,390000,37.562787849015855,127.00210070361398,https://ic.zigbang.com/ic/items/47004576/1.jpg
종로구,인의동,47011139,오렌지카운티남산  전입신고 보증보험 가능한 전세,중구 쌍림동,서울특별시,중구,쌍림동,23500,0,32.65,12,오피스텔,130000,37.5627535,127.003095,https://ic.zigbang.com/ic/items/47011139/1.jpg
종로구,인의동,47012860,"보증보험 가능, 1.5룸 분리형, 풀옵션, 컨디션 굿",중구 오장동,서울특별시,중구,오장동,32000,40,39.99,8,오피스텔,180000,37.5648145517864,127.002011795126,https://ic.zigbang.com/ic/items/47012860/1.jpg
종로구,인의동,47013312,"역세권, 전입가능, 보증보험가능, 조망권좋음",중구 오장동,서울특별시,중구,오장동,14200,0,36.36,고,오피스텔,110000,37.5640983581543,126.9999008178711,https://ic.zigbang.com/ic/items/47013312/1.jpg
종로구,인의동,47019996,12월 25일부터 입주가능한 대로변의 깨끗한 오피스텔 월세,중구 오장동,서울특별시,중구,오장동,1000,85,29.25,14,오피스텔,110000,37.5647259069512,127.000965488472,https://ic.zigbang.com/ic/items/47019996/1.jpg
종로구,인의동,47024065,탑층 남향 대출무 전입불가,중구 오장동,서울특별시,중구,오장동,1000,90,29.35,18,오피스텔,120000,37.5647259069512,127.000965488472,https://ic.zigbang.com/ic/items/47024065/1.jpg
종로구,인의동,47026153,대출됨.보증보험됨.투룸.거실.종로5가역3분거리 광화문종각,종로구 연지동,서울특별시,종로구,연지동,27000,20,50,고,오피스텔,85000,37.572500601577815,127.00038487714195,https://ic.zigbang.com/ic/items/47026153/1.jpg
종로구,인의동,47027278,동대문역사문화공원역인근 1.5룸복층 신축 전입가능 풀옵션,중구 을지로6가,서울특별시,중구,을지로6가,1500,140,51.3,중,오피스텔,130000,37.5667989,127.006525,https://ic.zigbang.com/ic/items/47027278/1.jpg
종로구,인의동,47029024,신축 투룸구조 사업자용,중구 을지로5가,서울특별시,중구,을지로5가,3000,145,66.29,중,오피스텔,200000,37.5661636232077,127.001303264702,https://ic.zigbang.com/ic/items/47029024/1.jpg
종로구,인의동,47029104,"신축급 오피스텔, 대로변 보안 안심, 전입불가, 부가세별도",중구 오장동,서울특별시,중구,오장동,1000,80,33.06,중,오피스텔,150000,37.5647259069512,127.000965488472,https://ic.zigbang.com/ic/items/47029104/1.jpg
종로구,인의동,47030314,투룸.거실.전입됨.외국인됨.종로5가역7분광화문서울대,종로구 효제동,서울특별시,종로구,효제동,2000,150,51.69,중,오피스텔,110000,37.5737248111274,127.003856758491,https://ic.zigbang.com/ic/items/47030314/1.jpg
종로구,인의동,47030393,전입됨.외국인됨.거실1.방1개.신축. 종로5가역5분 대로변,종로구 효제동,서울특별시,종로구,효제동,2000,120,29.38,고,오피스텔,110000,37.5737248111274,127.003856758491,https://ic.zigbang.com/ic/items/47030393/1.jpg
종로구,인의동,47030413,전입됨.종로5가역4분 .종각 .광화문.시청.서울대병원,종로구 효제동,서울특별시,종로구,효제동,1000,90,34.25,중,오피스텔,85000,37.5717927,127.00412,https://ic.zigbang.com/ic/items/47030413/1.jpg
종로구,인의동,47030423,종로5가역4분 광화문 .서울대병원.성대.을지로,종로구 효제동,서울특별시,종로구,효제동,1000,85,38.45,중,오피스텔,85000,37.5717927,127.00412,https://ic.zigbang.com/ic/items/47030423/1.jpg
종로구,인의동,47030499,풀옵션.종로5가역.서울대학교병원. 광화문.동대문.사업자가능,종로구 효제동,서울특별시,종로구,효제동,1000,90,29.38,고,오피스텔,100000,37.57252574426988,127.00450080008956,https://ic.zigbang.com/ic/items/47030499/1.jpg
종로구,인의동,47030513,부가세없음.종로5가역직통연결 대로변 시청 .광화문.전입불가,종로구 종로5가,서울특별시,종로구,종로5가,1000,100,33.36,중,오피스텔,110000,37.570635175706,127.001197617236,https://ic.zigbang.com/ic/items/47030513/1.jpg
종로구,인의동,47030550,남향.종로5가역직통연결 대로변 풀옵션.광화문.성대.서울대병,종로구 종로5가,서울특별시,종로구,종로5가,1000,110,33.36,고,오피스텔,90000,37.570635175706,127.001197617236,https://ic.zigbang.com/ic/items/47030550/1.jpg
종로구,인의동,47030563,종로5가역직통연결됨 광화문 종각 을지로 서울대,종로구 종로5가,서울특별시,종로구,종로5가,1000,110,33.34,저,오피스텔,90000,37.570635175706,127.001197617236,https://ic.zigbang.com/ic/items/47030563/1.jpg
종로구,인의동,47032120,업무용 오피스텔로 전입신고는 안되십니다.,중구 오장동,서울특별시,중구,오장동,1000,65,36.65,저,오피스텔,150000,37.56404876708984,127.00189971923828,https://ic.zigbang.com/ic/items/47032120/1.jpg
종로구,인의동,47034584,최저가 l 부가세X l 개인거주O,종로구 종로5가,서울특별시,종로구,종로5가,1000,100,32.11,중,오피스텔,100000,37.570635175706,127.001197617236,https://ic.zigbang.com/ic/items/47034584/1.jpg
종로구,인의동,47042465,전입신고O l 고층 탁트인 끝장뷰,종로구 종로5가,서울특별시,종로구,종로5가,5000,82,32.11,중,오피스텔,100000,37.570635175706,127.001197617236,https://ic.zigbang.com/ic/items/47042465/1.jpg
종로구,인의동,47045153,동대문역사문화공원역인근 뻥뷰  가능한 풀옵션 복층,중구 광희동1가,서울특별시,중구,광희동1가,1000,120,32.25,10,오피스텔,110000,37.5645532,127.004807,https://ic.zigbang.com/ic/items/47045153/1.jpg
종로구,인의동,47048703,깔끔한 풀옵션 원룸,중구 광희동2가,서울시,중구,광희동2가,500,60,16.5289,1,원룸,50000,37.56373540028031,127.0086338201001,https://ic.zigbang.com/ic/items/47048703/1.jpg
종로구,인의동,47048786,월세 최저가 전입신고 가능,중구 충무로2가,서울특별시,중구,충무로2가,4000,77,37,4,오피스텔,85000,37.5630144,126.989677,https://ic.zigbang.com/ic/items/47048786/1.jpg
종로구,인의동,47048788,펜트리공간 최저가 월세 매물,중구 충무로2가,서울특별시,중구,충무로2가,6000,55,33.06,4,오피스텔,90000,37.5630144,126.989677,https://ic.zigbang.com/ic/items/47048788/1.jpg
종로구,인의동,47048790,전입신고 가능ㅣ펜트리공간,중구 충무로2가,서울특별시,중구,충무로2가,5000,68,34.21,6,오피스텔,90000,37.5630144,126.989677,https://ic.zigbang.com/ic/items/47048790/1.jpg
종로구,인의동,47048792,노을이 예쁜 호실입니다,중구 충무로2가,서울특별시,중구,충무로2가,1000,95,30,7,오피스텔,90000,37.5630144,126.989677,https://ic.zigbang.com/ic/items/47048792/1.jpg
종로구,인의동,47048793,복층 빠른입주 가능,중구 충무로2가,서울특별시,중구,충무로2가,1000,110,21,2,오피스텔,90000,37.5630144,126.989677,https://ic.zigbang.com/ic/items/47048793/1.jpg
종로구,인의동,47048798,영락교회 조망 전입신고 가능,중구 충무로2가,서울특별시,중구,충무로2가,1000,100,33.06,6,오피스텔,90000,37.5630144,126.989677,https://ic.zigbang.com/ic/items/47048798/1.jpg
종로구,인의동,47051391,복층.분리형.전입가능.신축첫입주,중구 을지로6가,서울특별시,중구,을지로6가,2000,135,50.63,중,오피스텔,130000,37.5667989,127.006525,https://ic.zigbang.com/ic/items/47051391/1.jpg
종로구,인의동,47051436,큰길가안전 전세대출 보증보험가능,종로구 종로5가,서울특별시,종로구,종로5가,23000,0,32.11,중,오피스텔,110000,37.570635175706,127.001197617236,https://ic.zigbang.com/ic/items/47051436/1.jpg
종로구,인의동,47051626,탁트인 남산뷰 대로변 여성안심귀가 5가역 ev 직통연결,종로구 종로5가,서울특별시,종로구,종로5가,2000,100,32.12,고,오피스텔,110000,37.570635175706,127.001197617236,https://ic.zigbang.com/ic/items/47051626/1.jpg
종로구,인의동,47051748,탁트인 뷰 대로변 여성안심귀가 5가역 ev 직통연결,종로구 종로5가,서울특별시,종로구,종로5가,1000,110,32.12,고,오피스텔,110000,37.570635175706,127.001197617236,https://ic.zigbang.com/ic/items/47051748/1.jpg
종로구,인의동,47051841,제일큰방.지하주차가능.동향.사업자용,중구 오장동,서울특별시,중구,오장동,1000,90,45.03,저,오피스텔,,37.5652397406613,127.001405231149,https://ic.zigbang.com/ic/items/47051841/1.jpg
종로구,인의동,47051853,남산뷰 대로변 여성안심귀가 5가역 ev 직통연결,종로구 종로5가,서울특별시,종로구,종로5가,1000,110,32.12,저,오피스텔,110000,37.570635175706,127.001197617236,https://ic.zigbang.com/ic/items/47051853/1.jpg
종로구,인의동,47052753,종로5가역 하이뷰더 광장 오피스텔 신축3년차,종로구 종로5가,서울특별시,종로구,종로5가,1000,110,32.11,중,오피스텔,100000,37.570635175706,127.001197617236,https://ic.zigbang.com/ic/items/47052753/1.jpg
종로구,인의동,47054006,"1.12부터 입주, 전입불가",중구 오장동,서울특별시,중구,오장동,1000,85,29.35,6,오피스텔,130000,37.5647259069512,127.000965488472,https://ic.zigbang.com/ic/items/47054006/1.jpg
종로구,인의동,47054534,풀옵션.종로5가역4분.종각.광화문.서울대병원.성대,종로구 효제동,서울특별시,종로구,효제동,1000,90,29.38,고,오피스텔,110000,37.57252574426988,127.00450080008956,https://ic.zigbang.com/ic/items/47054534/1.jpg
종로구,인의동,47055539,대로변 복층 버팀목 보증보험O 수납풍부 동역사역4분,중구 쌍림동,서울특별시,중구,쌍림동,20000,16,32.65,저,오피스텔,130000,37.5627535,127.003095,https://ic.zigbang.com/ic/items/47055539/1.jpg
종로구,인의동,47057380,전입됨.서울대병원.광화문.종로5가역.성균관대.을지로.종각,종로구 효제동,서울특별시,종로구,효제동,2500,80,28.94,고,오피스텔,100000,37.57252574426988,127.00450080008956,https://ic.zigbang.com/ic/items/47057380/1.jpg
종로구,인의동,47058092,광희동  풀옵션 원룸,중구 광희동2가,서울시,중구,광희동2가,500,55,15,1,원룸,50000,37.56303978547514,127.00923588318732,https://ic.zigbang.com/ic/items/47058092/1.jpg
종로구,인의동,47059259,"단기가능 , 즉시입주, 전입불가",중구 오장동,서울특별시,중구,오장동,200,100,29.26,중,오피스텔,90000,37.5647259069512,127.000965488472,https://ic.zigbang.com/ic/items/47059259/1.jpg
종로구,인의동,47063443,종로5가역직통지하철연결.대로변.종각.광화문 성대.,종로구 종로5가,서울특별시,종로구,종로5가,800,95,36,중,오피스텔,110000,37.570635175706,127.001197617236,https://ic.zigbang.com/ic/items/47063443/1.jpg
종로구,인의동,47067565,"전입신고 가능, 방보기는 미리 연락 부탁드립니다.",중구 오장동,서울특별시,중구,오장동,14200,0,36.65,고,오피스텔,100000,37.5640983581543,126.9999008178711,https://ic.zigbang.com/ic/items/47067565/1.jpg
종로구,종로,46966441,전입가능 복층 풀옵션 신당역역세권,중구 신당동,서울특별시,중구,신당동,1000,110,40.04,4,오피스텔,120000,37.5662255546017,127.013615584544,https://ic.zigbang.com/ic/items/46966441/1.jpg
종로구,평창동,46999978,평창동 서울예고 인근 평지에 위치한 주변경관이 아름다운 집,종로구 평창동,서울시,종로구,평창동,6500,0,27.08,2,원룸,55000,37.6068867193682,126.972000893812,https://ic.zigbang.com/ic/items/46999978/1.jpg
