﻿search_gu,search_dong,item_id,title,address,local1,local2,local3,deposit,rent,size_m2,floor,service_type,manage_cost,lat,lng,thumbnail
양천구,목동,46903139,"등촌역 버스3분,  풀옵션 주방분리형 원룸, 단기가능",양천구 목동,서울시,양천구,목동,300,45,23.2,2,원룸,10000,37.5413774895225,126.865467290659,https://ic.zigbang.com/ic/items/46903139/1.jpg
양천구,목동,46993038,K살기좋은 목동 약 11.5평 대출 및 보증보험 가능,양천구 목동,서울시,양천구,목동,16500,10,38.22,2,원룸,10000,37.5421181669064,126.864963899364,https://ic.zigbang.com/ic/items/46993038/1.jpg
양천구,목동,46998887,LH전세대출 허그 보증 가능등촌동 신축 첫입주 풀옵션 투룸,강서구 등촌동,서울특별시,강서구,등촌동,12000,75,40.36,9,오피스텔,100000,37.53705,126.863269,https://ic.zigbang.com/ic/items/46998887/1.jpg
양천구,목동,47046320,"LH,모든대출,보증보험 넓은거실 원룸 등촌역15분 주차1대",양천구 목동,서울시,양천구,목동,16500,10,38.22,2,원룸,10000,37.5421181669064,126.864963899364,https://ic.zigbang.com/ic/items/47046320/1.jpg
양천구,목동,47057280,등촌동 신축급 풀옵션 투룸 오피스 반전세,강서구 등촌동,서울특별시,강서구,등촌동,12000,75,40.36,5,오피스텔,98000,37.53705,126.863269,https://ic.zigbang.com/ic/items/47057280/1.jpg
양천구,신월동,46618109,io단기가능o 대로변o 역세권o  대형 원룸,강서구 화곡동,서울시,강서구,화곡동,100,85,36.36,3,원룸,80000,37.538167159403,126.840580913944,https://ic.zigbang.com/ic/items/46618109/1.jpg
양천구,신월동,46618116,io화곡역 도보 7분거리  편백나무 인테리어,강서구 화곡동,서울시,강서구,화곡동,200,55,19.83,3,원룸,100000,37.538167159403,126.840580913944,https://ic.zigbang.com/ic/items/46618116/1.jpg
양천구,신월동,46618126,io방1o거실1o탑층,강서구 화곡동,서울시,강서구,화곡동,18500,0,30.76,6,원룸,80000,37.538167159403,126.840580913944,https://ic.zigbang.com/ic/items/46618126/1.jpg
양천구,신월동,46618130,ioLHo청년버팀목o11평o 보증보험 ok,강서구 화곡동,서울시,강서구,화곡동,13500,20,53.66,3,원룸,80000,37.538167159403,126.840580913944,https://ic.zigbang.com/ic/items/46618130/1.jpg
양천구,신월동,46792548,화곡역인근 치안좋고 사이즈좋은 초 가성비원룸,양천구 신월동,서울시,양천구,신월동,500,38,19.83,2,원룸,70000,37.5391977429668,126.833991430231,https://ic.zigbang.com/ic/items/46792548/1.jpg
양천구,신월동,46792768,신월동 대로변 가성비 큰방 일단클릭,양천구 신월동,서울시,양천구,신월동,500,50,21.65,2,원룸,70000,37.5354272107133,126.830231222684,https://ic.zigbang.com/ic/items/46792768/1.jpg
양천구,신월동,46855794,화곡역 올리모델링 큰창ㅣ가성비 좋고 깔끔한 원룸,강서구 화곡동,서울시,강서구,화곡동,500,40,20.42,2,원룸,30000,37.5387518925527,126.83492984984,https://ic.zigbang.com/ic/items/46855794/1.jpg
양천구,신월동,46941850,"대로변,초저렴한집",양천구 신월동,서울시,양천구,신월동,300,30,13.5,3,원룸,70000,37.5305277365804,126.831541350645,https://ic.zigbang.com/ic/items/46941850/1.jpg
양천구,신월동,47013974,화곡역 2015년식 풀옵션 넓은 1.5룸 서두르세요,강서구 화곡동,서울시,강서구,화곡동,1000,77,29.86,3,원룸,60000,37.5392410132056,126.837178394827,https://ic.zigbang.com/ic/items/47013974/1.jpg
양천구,신월동,47013982,화곡역 풀옵션 넓은 원룸 빌라1층 사업자가능 전입가능,강서구 화곡동,서울시,강서구,화곡동,1000,50,26.76,1,원룸,20000,37.5378408693154,126.839091241186,https://ic.zigbang.com/ic/items/47013982/1.jpg
양천구,신월동,47020073,방2개거실1개화장실1개보증금150만원에월세90만원단기가능,양천구 신월동,서울시,양천구,신월동,150,90,28.89,3,원룸,50000,37.533449513882,126.833265255066,https://ic.zigbang.com/ic/items/47020073/1.jpg
양천구,신월동,47021700,"초저렴월세,복층구조,주차가능",양천구 신월동,서울시,양천구,신월동,500,45,18.18,3,원룸,70000,37.5342858403405,126.828993442559,https://ic.zigbang.com/ic/items/47021700/1.jpg
양천구,신월동,47026559,신월동 신축급 풀옵션 투룸 단기방,양천구 신월동,서울시,양천구,신월동,150,90,28.89,3,원룸,50000,37.533449513882,126.833265255066,https://ic.zigbang.com/ic/items/47026559/1.jpg
양천구,신월동,47030280,까치산역 이용가능 깔끔한 단기가능 투룸,양천구 신월동,서울시,양천구,신월동,150,90,28.89,3,원룸,60000,37.533449513882,126.833265255066,https://ic.zigbang.com/ic/items/47030280/1.jpg
양천구,신월동,47031896,주차무료 화곡역 채광좋은 넓은 원룸,강서구 화곡동,서울시,강서구,화곡동,500,51,21.8,4,원룸,90000,37.5378044606197,126.84262862082,https://ic.zigbang.com/ic/items/47031896/1.jpg
양천구,신월동,47032170,화곡역 최저가 원룸 월세 지층이지만 깔끔한,강서구 화곡동,서울시,강서구,화곡동,300,27,18.3,반지하,원룸,60000,37.5387588667981,126.841064493477,https://ic.zigbang.com/ic/items/47032170/1.jpg
양천구,신월동,47040735,신월동 경성빌 관리잘된 풀옵션 2룸 단기 월세,양천구 신월동,서울시,양천구,신월동,150,90,29.08,3,원룸,50000,37.533449513882,126.833265255066,https://ic.zigbang.com/ic/items/47040735/1.jpg
양천구,신월동,47041232,화곡역이용가능 투룸 단기월세,강서구 화곡동,서울특별시,강서구,화곡동,100,100,46,7,오피스텔,70000,37.5374309229406,126.840225505649,https://ic.zigbang.com/ic/items/47041232/1.jpg
양천구,신월동,47043967,한달한달 월세내는 풀옵션 투룸 저보증금 단기매물,강서구 화곡동,서울특별시,강서구,화곡동,100,100,46.83,8,오피스텔,80000,37.5374309229406,126.840225505649,https://ic.zigbang.com/ic/items/47043967/1.jpg
양천구,신월동,47045337,신월동 신축급 풀옵션 투룸 단기월세,양천구 신월동,서울시,양천구,신월동,150,90,28.89,3,원룸,60000,37.533449513882,126.833265255066,https://ic.zigbang.com/ic/items/47045337/1.jpg
양천구,신월동,47047167,4 화곡역 대로변 넓고 컨디션 좋은 풀옵션 원룸오피스텔,강서구 화곡동,서울시,강서구,화곡동,5000,50,24.27,7,원룸,50000,37.5387521998283,126.842679695461,https://ic.zigbang.com/ic/items/47047167/1.jpg
양천구,신월동,47047867,화곡역 가까운 예쁜 단기 투룸,강서구 화곡동,서울특별시,강서구,화곡동,100,100,46.83,8,오피스텔,80000,37.5374309229406,126.840225505649,https://ic.zigbang.com/ic/items/47047867/1.jpg
양천구,신월동,47049084,화곡역 도보10분 2룸 풀옵션 파크아리온 단기 월세,강서구 화곡동,서울특별시,강서구,화곡동,100,100,46.68,8,오피스텔,85000,37.5374309229406,126.840225505649,https://ic.zigbang.com/ic/items/47049084/1.jpg
양천구,신월동,47051182,화곡동 위치 좋은 신축급 투룸 단기방,강서구 화곡동,서울특별시,강서구,화곡동,100,100,46.83,8,오피스텔,,37.5374309229406,126.840225505649,https://ic.zigbang.com/ic/items/47051182/1.jpg
양천구,신월동,47054317,AA 전입신고o최우선변제OK 채광좋고 방 넓은1.5룸,강서구 화곡동,서울시,강서구,화곡동,2000,75,28.4,3,원룸,50000,37.5383021068744,126.838706680636,https://ic.zigbang.com/ic/items/47054317/1.jpg
양천구,신월동,47055551,"화곡역세권,깔끔한 풀옵션",강서구 화곡동,서울시,강서구,화곡동,3000,35,19.83,3,원룸,80000,37.5392983504348,126.844421379547,https://ic.zigbang.com/ic/items/47055551/1.jpg
양천구,신월동,47055592,"화곡역3분,준신축,깔끔한원룸,전세도가능,풀옵션,엘베있음,",강서구 화곡동,서울시,강서구,화곡동,500,50,19.83,3,원룸,70000,37.538507333486,126.841217550375,https://ic.zigbang.com/ic/items/47055592/1.jpg
양천구,신월동,47057904,저렴한월세 주방분리구조 1.5룸느낌 즉시입주 빠른입주가능,양천구 신월동,서울시,양천구,신월동,500,35,28.2,2,원룸,0,37.538023591844,126.833949453386,https://ic.zigbang.com/ic/items/47057904/1.jpg
양천구,신월동,47061318,화곡역 신축급 화이트톤 대로변 안심귀가,강서구 화곡동,서울시,강서구,화곡동,500,39,18.2,3,원룸,90000,37.5389204022677,126.841792372834,https://ic.zigbang.com/ic/items/47061318/1.jpg
양천구,신정동,46818050,신정역 분리형신축급컨디션 일단클릭,양천구 신정동,서울시,양천구,신정동,1000,50,21.49,4,원룸,70000,37.5237502141039,126.856057053267,https://ic.zigbang.com/ic/items/46818050/1.jpg
양천구,신정동,46826763,"5호선,역세권,깔끔한 신축급",양천구 신정동,서울시,양천구,신정동,4000,45,19.83,4,원룸,,37.5267229565849,126.857898978299,https://ic.zigbang.com/ic/items/46826763/1.jpg
양천구,신정동,46877412,목동역 초역세권 여성전용 원룸,양천구 신정동,서울시,양천구,신정동,1000,50,19.75,3,원룸,50000,37.5270462273933,126.862767947907,https://ic.zigbang.com/ic/items/46877412/1.jpg
양천구,신정동,46900499,"JS,넓은집,대로변,초역세권 복층",양천구 신정동,서울특별시,양천구,신정동,2000,86,36.36,고,오피스텔,80000,37.52114163487604,126.85539453512996,https://ic.zigbang.com/ic/items/46900499/1.jpg
양천구,신정동,46916108,"신정역 2분내, 신정네거리 도보8분내 풀옵션, 신축급원룸",양천구 신정동,서울시,양천구,신정동,5000,50,19.96,2,원룸,40000,37.5236990297839,126.855977058899,https://ic.zigbang.com/ic/items/46916108/1.jpg
양천구,신정동,46942074,"목동 귀한 월세 , 일반사업자용,부가세별도,전입신고불가",양천구 목동,서울특별시,양천구,목동,1000,120,40.07,10,오피스텔,150000,37.531636,126.86415,https://ic.zigbang.com/ic/items/46942074/1.jpg
양천구,신정동,46948250,목동역인근 가성비 좋은 원룸 일단 클릭,양천구 신정동,서울시,양천구,신정동,500,42,19.83,4,원룸,80000,37.5270437780612,126.862057606928,https://ic.zigbang.com/ic/items/46948250/1.jpg
양천구,신정동,46958767,최고학군. 펜트하우스 느낌의 복층형구조. 풀옵션. 역세권.,양천구 신정동,서울특별시,양천구,신정동,10000,220,68,14,오피스텔,0,37.5208523704272,126.869434880163,https://ic.zigbang.com/ic/items/46958767/1.jpg
양천구,신정동,46968415,"목동역역세권,저렴한원룸",양천구 신정동,서울시,양천구,신정동,2000,45,19.83,2,원룸,70000,37.5271387829022,126.86278746306,https://ic.zigbang.com/ic/items/46968415/1.jpg
양천구,신정동,46968605,"JS초역세권,평지,저렴한월세",양천구 신정동,서울시,양천구,신정동,300,47,18.18,반지하,원룸,70000,37.5267229565849,126.857898978299,https://ic.zigbang.com/ic/items/46968605/1.jpg
양천구,신정동,46983275,목동역 깔끔한 분리형원룸,양천구 신정동,서울시,양천구,신정동,500,45,19.84,1,원룸,50000,37.527358088725,126.860558384147,https://ic.zigbang.com/ic/items/46983275/1.jpg
양천구,신정동,46992523,허그버팀목 신축급 투룸 입주날짜고정,양천구 목동,서울특별시,양천구,목동,25000,0,44.31,중,오피스텔,120000,37.531636,126.86415,https://ic.zigbang.com/ic/items/46992523/1.jpg
양천구,신정동,46996535,신정역 초 역세권 인프라 완벽 가성비 좋은방,양천구 신정동,서울시,양천구,신정동,500,39,20.2,5,원룸,80000,37.5251294940756,126.854900729494,https://ic.zigbang.com/ic/items/46996535/1.jpg
양천구,신정동,46997106,올리모델링 풀옵 보증금저렴 공과금 전기만별도 인기매물,양천구 목동,서울시,양천구,목동,200,41,17.35,4,원룸,90000,37.5303749590911,126.864784370732,https://ic.zigbang.com/ic/items/46997106/1.jpg
양천구,신정동,47007168,AA 전입신고OK 신정네거리역 초역세권 넓은 복층,양천구 신정동,서울특별시,양천구,신정동,3000,82,33.73,고,오피스텔,80000,37.52114163487604,126.85539453512996,https://ic.zigbang.com/ic/items/47007168/1.jpg
양천구,신정동,47014309,깔끔한 1.5룸 월세. 역세권. 넓은집. 대로변. 신축.,양천구 신정동,서울시,양천구,신정동,5000,60,30,3,원룸,90000,37.5213728142226,126.86077879888,https://ic.zigbang.com/ic/items/47014309/1.jpg
양천구,신정동,47031972,주차가능 신정역1분 통베란다 넓은 대형원룸,양천구 신정동,서울시,양천구,신정동,500,57,20.46,2,원룸,80000,37.524180782348,126.857451635473,https://ic.zigbang.com/ic/items/47031972/1.jpg
양천구,신정동,47032106,주차가능한 초저렴 깔끔한 지상층,강서구 화곡동,서울시,강서구,화곡동,500,37,12.3,3,원룸,80000,37.5309414523895,126.854795455157,https://ic.zigbang.com/ic/items/47032106/1.jpg
양천구,신정동,47043674,5호선 신정역 초역세권. 깔끔한 신축급 풀옵션원룸 융자없음,양천구 신정동,서울시,양천구,신정동,3000,35,20,2,원룸,70000,37.5236010985428,126.856649889255,https://ic.zigbang.com/ic/items/47043674/1.jpg
양천구,신정동,47055567,"여성분들이 찾으시던 화이트톤, 치안최고  역세권 원룸",양천구 신정동,서울시,양천구,신정동,9000,15,23.42,4,원룸,70000,37.5267229565849,126.857898978299,https://ic.zigbang.com/ic/items/47055567/1.jpg
양천구,신정동,47057229,신정역 초역세권 신축급컨디션  일단클릭,양천구 신정동,서울시,양천구,신정동,1000,50,21.5,2,원룸,100000,37.5248290262995,126.85765357815,https://ic.zigbang.com/ic/items/47057229/1.jpg
양천구,신정동,47061274,5호선 목동역 초역세권 주택단지라 치안좋고 조용한동네,양천구 신정동,서울시,양천구,신정동,500,50,23.42,2,원룸,80000,37.5274663762316,126.862545780884,https://ic.zigbang.com/ic/items/47061274/1.jpg
양천구,신정동,47061634,신정역 신축급 분리형 최고 인기원룸,양천구 신정동,서울시,양천구,신정동,500,35,19.83,반지하,원룸,80000,37.5237502141039,126.856057053267,https://ic.zigbang.com/ic/items/47061634/1.jpg
양천구,신정동,47061708,버팀목 가능 융자 무 보증보험 가능2룸3베이,양천구 신정동,서울특별시,양천구,신정동,27800,0,37.79,고,오피스텔,120000,37.5194801503977,126.869277999727,https://ic.zigbang.com/ic/items/47061708/1.jpg
양천구,신정동,47062327,신정역2분거리 신축급원룸,양천구 신정동,서울시,양천구,신정동,9000,15,19,3,원룸,70000,37.5267229565849,126.857898978299,https://ic.zigbang.com/ic/items/47062327/1.jpg
