﻿search_gu,search_dong,item_id,title,address,local1,local2,local3,deposit,rent,size_m2,floor,service_type,manage_cost,lat,lng,thumbnail
도봉구,도봉동,46901167,풀옵션 방큰원룸 주차가 역세권 도봉역5분 버스전용선20개,도봉구 도봉동,서울시,도봉구,도봉동,500,40,29.75,5,원룸,50000,37.67507002838964,127.04799895568856,https://ic.zigbang.com/ic/items/46901167/1.jpg
도봉구,도봉동,47004817,"신축급 풀옵션 역세권1,7호선 도봉산역 주차가능 버스전용",도봉구 도봉동,서울시,도봉구,도봉동,300,27,19.83,반지하,원룸,30000,37.6886887591973,127.044089700406,https://ic.zigbang.com/ic/items/47004817/1.jpg
도봉구,도봉동,47051779,l 도봉역 5분 l 가성비 풀옵션 l,도봉구 도봉동,서울시,도봉구,도봉동,100,40,19.8,5,원룸,60000,37.6750190159757,127.043878819019,https://ic.zigbang.com/ic/items/47051779/1.jpg
도봉구,도봉동,47060862,SW도봉역4분 엘베있는 풀옵션원룸 다용도실 주차안됨,도봉구 도봉동,서울시,도봉구,도봉동,100,41,19.83,5,원룸,50000,37.6750190159757,127.043878819019,https://ic.zigbang.com/ic/items/47060862/1.jpg
도봉구,방학동,46724532,SW 엘베유 버스정거장 4분 풀옵션 원룸 주차X,도봉구 쌍문동,서울시,도봉구,쌍문동,1000,40,18,3,원룸,80000,37.6559302519764,127.0371942867,https://ic.zigbang.com/ic/items/46724532/1.jpg
도봉구,방학동,46935663,단기 가능 l 신축깔끔 풀옵션 l 빠른 입주 가능,도봉구 방학동,서울시,도봉구,방학동,300,47,19,2,원룸,70000,37.6647631809939,127.037269417369,https://ic.zigbang.com/ic/items/46935663/1.jpg
도봉구,방학동,46949155,신축급 채광 좋은 깨끗한 원룸,도봉구 쌍문동,서울시,도봉구,쌍문동,1000,40,16.53,4,원룸,80000,37.6559302519764,127.0371942867,https://ic.zigbang.com/ic/items/46949155/1.jpg
도봉구,방학동,47013692,ㅇ주변상권 대박 깔끔한 원룸ㅇ,도봉구 방학동,서울시,도봉구,방학동,300,53,16.5,3,원룸,70000,37.6647631809939,127.037269417369,https://ic.zigbang.com/ic/items/47013692/1.jpg
도봉구,방학동,47032911,도봉구 방학동  살기좋은 원룸,도봉구 방학동,서울시,도봉구,방학동,200,39,19.53,1,원룸,30000,37.6661258349006,127.033319591456,https://ic.zigbang.com/ic/items/47032911/1.jpg
도봉구,쌍문동,46630960,㉧모든 공과금 관리비에 포함㉧엘베있음㉧풀옵션㉧,도봉구 쌍문동,서울시,도봉구,쌍문동,100,50,22,4,원룸,100000,37.6566782158959,127.038417002983,https://ic.zigbang.com/ic/items/46630960/1.jpg
도봉구,쌍문동,46667951,"역세권 복층 오피스텔,  빠른입주가능, 전입불가",도봉구 방학동,서울특별시,도봉구,방학동,1000,60,32.36,4,오피스텔,95000,37.66242177927848,127.04412380134582,https://ic.zigbang.com/ic/items/46667951/1.jpg
도봉구,쌍문동,46733716,SW 쌍문동 보건소 근처 넓은 사이즈 뽀송뽀송 지상같은,도봉구 쌍문동,서울시,도봉구,쌍문동,300,25,18,반지하,원룸,70000,37.66089297735,127.038236028308,https://ic.zigbang.com/ic/items/46733716/1.jpg
도봉구,쌍문동,46734360,SW 깔끔한 쌍문 분리형 풀옵션 원룸 주차X,도봉구 쌍문동,서울시,도봉구,쌍문동,2000,20,16.53,3,원룸,60000,37.6515339022843,127.026541013311,https://ic.zigbang.com/ic/items/46734360/1.jpg
도봉구,쌍문동,46756174,방학 신화하니엘시티 월세,도봉구 방학동,서울특별시,도봉구,방학동,1000,60,32.07,3,오피스텔,120000,37.66242177927848,127.04412380134582,https://ic.zigbang.com/ic/items/46756174/1.jpg
도봉구,쌍문동,46773157,쌍문역 도보6분l20년신축화이트톤l고층분리형l엘베o미친채광,도봉구 쌍문동,서울시,도봉구,쌍문동,3700,30,19.8,4,원룸,100000,37.6520047297226,127.033701061275,https://ic.zigbang.com/ic/items/46773157/1.jpg
도봉구,쌍문동,46814933,신축급 계단없는1층 내외부깨끗 즉시입주가능,도봉구 쌍문동,서울시,도봉구,쌍문동,500,40,19.85,1,원룸,50000,37.6593505850213,127.037399081951,https://ic.zigbang.com/ic/items/46814933/1.jpg
도봉구,쌍문동,46856950,㉧모든 공과금 관리비에 포함㉧엘베있음㉧풀옵션㉧,도봉구 쌍문동,서울시,도봉구,쌍문동,5000,0,17,5,원룸,120000,37.6566782158959,127.038417002983,https://ic.zigbang.com/ic/items/46856950/1.jpg
도봉구,쌍문동,46887168,떳다.. 하니엘시티 저렴한 월세 매물,도봉구 방학동,서울특별시,도봉구,방학동,500,65,19.83,17,오피스텔,,37.66242177927848,127.04412380134582,https://ic.zigbang.com/ic/items/46887168/1.jpg
도봉구,쌍문동,46901008,SW 깔끔한 쌍문 분리형 풀옵션 원룸  월세가,도봉구 쌍문동,서울시,도봉구,쌍문동,3000,10,16.53,3,원룸,60000,37.6515339022843,127.026541013311,https://ic.zigbang.com/ic/items/46901008/1.jpg
도봉구,쌍문동,46909840,ll단기가능ll 쌍문 창동 깔끔집 고층 엘베O 원룸,도봉구 쌍문동,서울시,도봉구,쌍문동,500,40,16.53,4,원룸,60000,37.6555230865254,127.037515360179,https://ic.zigbang.com/ic/items/46909840/1.jpg
도봉구,쌍문동,46914364,"I 쌍문역 도보10분, 옷장2개 빌트인냉장고 장착 I",도봉구 쌍문동,서울시,도봉구,쌍문동,300,50,19.83,3,원룸,80000,37.6517672705279,127.030923949558,https://ic.zigbang.com/ic/items/46914364/1.jpg
도봉구,쌍문동,46918032,현대적이고 실용적인 실축 복층 오피스텔  전입가능,도봉구 방학동,서울특별시,도봉구,방학동,2000,60,31.67,고,오피스텔,80000,37.66242177927848,127.04412380134582,https://ic.zigbang.com/ic/items/46918032/1.jpg
도봉구,쌍문동,46920158,SW 창동역도보4분  리모델링원룸 풀옵션,도봉구 창동,서울시,도봉구,창동,500,30,18,반지하,원룸,50000,37.6544224668061,127.044696790181,https://ic.zigbang.com/ic/items/46920158/1.jpg
도봉구,쌍문동,46936689,"주차 가능하고 환기,크기 끝내주는 원룸",도봉구 쌍문동,서울시,도봉구,쌍문동,500,45,18.18,4,원룸,100000,37.6580031975879,127.03951538885,https://ic.zigbang.com/ic/items/46936689/1.jpg
도봉구,쌍문동,46945580,"공간 좋은 1.5룸 ,풀옵션,주차x,보증금조정가능",도봉구 쌍문동,서울시,도봉구,쌍문동,1000,84,29.75,2,원룸,60000,37.6598701779898,127.039347514183,https://ic.zigbang.com/ic/items/46945580/1.jpg
도봉구,쌍문동,46948078,창동 라르플레이스 월세,도봉구 창동,서울특별시,도봉구,창동,1000,80,44.3,고,오피스텔,120000,37.659914268846144,127.04186928214324,https://ic.zigbang.com/ic/items/46948078/1.jpg
도봉구,쌍문동,46957464,ㅇ쌍문역 역세권 넓은 원룸ㅇ반려동물 가능,도봉구 쌍문동,서울시,도봉구,쌍문동,2000,30,22.95,1,원룸,50000,37.6519787965362,127.031696197631,https://ic.zigbang.com/ic/items/46957464/1.jpg
도봉구,쌍문동,46968963,SW 깔끔한 쌍문 분리형 풀옵션 원룸  주차X,도봉구 쌍문동,서울시,도봉구,쌍문동,4000,0,19.83,3,원룸,60000,37.6515339022843,127.026541013311,https://ic.zigbang.com/ic/items/46968963/1.jpg
도봉구,쌍문동,46977066,신축급 넓은방 내외부깨끗 즉시입주,도봉구 쌍문동,서울시,도봉구,쌍문동,300,42,21.5,1,원룸,50000,37.6593505850213,127.037399081951,https://ic.zigbang.com/ic/items/46977066/1.jpg
도봉구,쌍문동,46977237,방학사거리 넓은방 보증금조정가능 풀옵션,도봉구 쌍문동,서울시,도봉구,쌍문동,1000,40,23.14,3,원룸,70000,37.6593505850213,127.037399081951,https://ic.zigbang.com/ic/items/46977237/1.jpg
도봉구,쌍문동,46981000,"방학역 9분, 저보증금, 갈끔한 풀옵션",도봉구 창동,서울시,도봉구,창동,100,37,19.8,5,원룸,80000,37.6616014697557,127.042809204487,https://ic.zigbang.com/ic/items/46981000/1.jpg
도봉구,쌍문동,46982541,창동역ㅣ풀풀풀옵션ㅣ넓은원룸,도봉구 창동,서울시,도봉구,창동,500,50,23.14,2,원룸,80000,37.6548303802909,127.04289359627,https://ic.zigbang.com/ic/items/46982541/1.jpg
도봉구,쌍문동,46989386,ㅣ주방분리형 화이트톤 ㅣ쌍문역 역세ㅣ,도봉구 쌍문동,서울시,도봉구,쌍문동,1000,43,23.14,2,원룸,80000,37.6507098843781,127.032895013499,https://ic.zigbang.com/ic/items/46989386/1.jpg
도봉구,쌍문동,47012030,"방학신화 오피스텔, 복층형 풀옵션, 주차 가능",도봉구 방학동,서울특별시,도봉구,방학동,500,75,17.14,9,오피스텔,80000,37.66242177927848,127.04412380134582,https://ic.zigbang.com/ic/items/47012030/1.jpg
도봉구,쌍문동,47019213,ll 분리형 l 즉시입주가능 l 쌍문역3분,도봉구 쌍문동,서울시,도봉구,쌍문동,300,42,19.83,1,원룸,50000,37.6507149345896,127.03445664788,https://ic.zigbang.com/ic/items/47019213/1.jpg
도봉구,쌍문동,47040776,l역세권l 창동역3분 특가매물 입주환영 깔끔 원룸 엘베,도봉구 창동,서울시,도봉구,창동,500,30,16.53,2,원룸,80000,37.6540897575358,127.044395831797,https://ic.zigbang.com/ic/items/47040776/1.jpg
도봉구,쌍문동,47043730,300.45 ㅁ남향3층ㅁ쌍문역3분 ㅁ주방분리. 전입신고가,도봉구 쌍문동,서울시,도봉구,쌍문동,200,48,21.49,3,원룸,50000,37.6505272891067,127.033095618221,https://ic.zigbang.com/ic/items/47043730/1.jpg
도봉구,쌍문동,47050635,500.43 ㅁ동남향3층 ㅁ주방분리 ㅁ쌍문역3분,도봉구 쌍문동,서울시,도봉구,쌍문동,300,45,21.49,3,원룸,50000,37.65052882017861,127.0330977719328,https://ic.zigbang.com/ic/items/47050635/1.jpg
도봉구,쌍문동,47052774,ㅁ바로입주가능ㅁ2명거주가능ㅁ엘베ㅁ,도봉구 창동,서울시,도봉구,창동,100,37,21,5,원룸,80000,37.6616014697557,127.042809204487,https://ic.zigbang.com/ic/items/47052774/1.jpg
도봉구,쌍문동,47061271,창동라르플레이스 전세,도봉구 창동,서울특별시,도봉구,창동,18200,0,42.98,3,오피스텔,120000,37.6597942828054,127.042272777363,https://ic.zigbang.com/ic/items/47061271/1.jpg
도봉구,쌍문동,47064226,엘베0 주차0 큰 대로변 인접 관리 잘되는 풀옵션 원룸,도봉구 쌍문동,서울시,도봉구,쌍문동,300,45,17.5,4,원룸,60000,37.6555230865254,127.037515360179,https://ic.zigbang.com/ic/items/47064226/1.jpg
도봉구,쌍문동,47064526,즉시입주가능 l 최저가 l 깔끔원룸,도봉구 쌍문동,서울시,도봉구,쌍문동,300,24,17,반지하,원룸,60000,37.6529848084118,127.03646257563,https://ic.zigbang.com/ic/items/47064526/1.jpg
도봉구,쌍문동,47066073,ll엘베Oll창동역ll풀옵션ll,도봉구 창동,서울시,도봉구,창동,500,45,18.84,3,원룸,70000,37.6554012657101,127.041570969949,https://ic.zigbang.com/ic/items/47066073/1.jpg
도봉구,창동,46426052,"II씨드큐브창동, 넓은투룸, 25평형,애완OK,무주택자가능",도봉구 창동,서울특별시,도봉구,창동,20000,70,144.09,20,오피스텔,220000,37.6546079,127.049907,https://ic.zigbang.com/ic/items/46426052/1.jpg
도봉구,창동,46703292,풀옵션 시설깨끗 즉시입주 역세권방학역 도보4분 버스전용,도봉구 방학동,서울시,도봉구,방학동,500,35,19.83,3,원룸,,37.66387939453124,127.04126739501952,https://ic.zigbang.com/ic/items/46703292/1.jpg
도봉구,창동,46735295,초역세권 대단지 오피스텔,도봉구 방학동,서울특별시,도봉구,방학동,500,70,56.2,12,오피스텔,75000,37.66903305053711,127.04473876953124,https://ic.zigbang.com/ic/items/46735295/1.jpg
도봉구,창동,46813231,투룸복층 신축 드레스룸  풀옵션 북한산전망 즉시입주가능,도봉구 창동,서울특별시,도봉구,창동,3000,130,60,16,오피스텔,70000,37.6534405404319,127.049951278287,https://ic.zigbang.com/ic/items/46813231/1.jpg
도봉구,창동,46825140,신축급풀옵션 시설깨끗 즉시입주 역세권방학역 버스전용,도봉구 방학동,서울시,도봉구,방학동,300,27,19.83,반지하,원룸,30000,37.6662745292652,127.039084655812,https://ic.zigbang.com/ic/items/46825140/1.jpg
도봉구,창동,46825202,풀옵션시설깨끗 즉시입주 역세권방학역 버스전용노선,도봉구 방학동,서울시,도봉구,방학동,500,35,19.9,3,원룸,30000,37.663858620178,127.041257320299,https://ic.zigbang.com/ic/items/46825202/1.jpg
도봉구,창동,46856701,"초역세권, 풀옵션, 즉시입주가능, 보증보험 불가",도봉구 방학동,서울특별시,도봉구,방학동,10500,0,23.88,고,오피스텔,90000,37.6674003601074,127.044784545898,https://ic.zigbang.com/ic/items/46856701/1.jpg
도봉구,창동,46870426,"LH가능, 융자없음, 이안오피스텔 풀옵션, 방학역1분",도봉구 방학동,서울특별시,도봉구,방학동,14000,0,38.52,13,오피스텔,80000,37.6656981,127.043677,https://ic.zigbang.com/ic/items/46870426/1.jpg
도봉구,창동,46883149,주차 가능한  방학역 역세권  오피스텔,도봉구 방학동,서울특별시,도봉구,방학동,500,65,46.28,9,오피스텔,65000,37.66903305053711,127.04473876953124,https://ic.zigbang.com/ic/items/46883149/1.jpg
도봉구,창동,46907832,"풀풀풀옵션, 넓은 원룸, 즉시입주, 방학역7분",도봉구 방학동,서울시,도봉구,방학동,300,45,21.21,2,원룸,50000,37.6653102561292,127.041069186076,https://ic.zigbang.com/ic/items/46907832/1.jpg
도봉구,창동,46918536,초역세권  대단지 오피스텔로 전용  넓어요,도봉구 방학동,서울특별시,도봉구,방학동,500,70,56.2,7,오피스텔,75000,37.66903305053711,127.04473876953124,https://ic.zigbang.com/ic/items/46918536/1.jpg
도봉구,창동,46951157,신축급풀옵션 단기가능 주차가능 시설깨끗 역세권방학역 1분,도봉구 방학동,서울특별시,도봉구,방학동,150,68,29.75,고,오피스텔,60000,37.6674728393555,127.043891906738,https://ic.zigbang.com/ic/items/46951157/1.jpg
도봉구,창동,46959415,30초역세권ㅣ풀옵션ㅣ가스만별도ㅣ가성비,도봉구 방학동,서울시,도봉구,방학동,500,28,12.9,2,원룸,70000,37.6683808723106,127.044586034719,https://ic.zigbang.com/ic/items/46959415/1.jpg
도봉구,창동,46970754,"방학역 이안오피스텔, 즉시입주, 전입신고, 확정일자 가능",도봉구 방학동,서울특별시,도봉구,방학동,700,71,38.52,5,오피스텔,80000,37.6656981,127.043677,https://ic.zigbang.com/ic/items/46970754/1.jpg
도봉구,창동,46973686,"낮은보증금, 주거형오피스텔, 전입신고가능, 초역세권",도봉구 방학동,서울특별시,도봉구,방학동,500,61,38.52,저,오피스텔,95000,37.6656981,127.043677,https://ic.zigbang.com/ic/items/46973686/1.jpg
도봉구,창동,46975002,신축급풀옵션 시설깨끗 주차가능 초역세권 방학역 1분,도봉구 방학동,서울특별시,도봉구,방학동,500,55,33.05,6,오피스텔,60000,37.6674728393555,127.043891906738,https://ic.zigbang.com/ic/items/46975002/1.jpg
도봉구,창동,46980757,"신축급풀옵션  시설깨끗 초역세권 방학역1분 월세저렴,주차가",도봉구 방학동,서울특별시,도봉구,방학동,1000,50,29.75,6,오피스텔,60000,37.6674728393555,127.043891906738,https://ic.zigbang.com/ic/items/46980757/1.jpg
도봉구,창동,46988853,전입OK 마지막하나 남향고층 투룸오피스텔 첫입주,도봉구 창동,서울특별시,도봉구,창동,5000,150,61.99,고,오피스텔,120000,37.6534405404319,127.049951278287,https://ic.zigbang.com/ic/items/46988853/1.jpg
도봉구,창동,46993498,"2룸주거용오피스텔,애완가능,융자무,풀옵션,2룸과거실별도",도봉구 창동,서울특별시,도봉구,창동,20000,78,144,30,오피스텔,200000,37.6546079,127.049907,https://ic.zigbang.com/ic/items/46993498/1.jpg
도봉구,창동,47000344,"전입신고가능, 초역세권, 주거형오피스텔 저렴한월세",도봉구 방학동,서울특별시,도봉구,방학동,1000,58,38.52,고,오피스텔,95000,37.6656981,127.043677,https://ic.zigbang.com/ic/items/47000344/1.jpg
도봉구,창동,47004702,"복층형,시설깨끗, 올수리,, 풀옵션, 초역세권방학역1분 ,",도봉구 방학동,서울특별시,도봉구,방학동,500,60,36,7,오피스텔,80000,37.66903305053711,127.04473876953124,https://ic.zigbang.com/ic/items/47004702/1.jpg
도봉구,창동,47016037,"LH가능, 융자없음, 이안오피스텔 풀옵션, 방학역1분",도봉구 방학동,서울특별시,도봉구,방학동,14500,0,38.52,8,오피스텔,80000,37.6656981,127.043677,https://ic.zigbang.com/ic/items/47016037/1.jpg
도봉구,창동,47027884,lllHUG버팀목ㅣ신축첫입주ㅣ창동역 20초ㅣ주차가능lll,도봉구 창동,서울특별시,도봉구,창동,30000,0,66.12,3,오피스텔,130000,37.6534405404319,127.049951278287,https://ic.zigbang.com/ic/items/47027884/1.jpg
도봉구,창동,47031468,통창 l 분리형 l 넓은사이즈,도봉구 방학동,서울시,도봉구,방학동,300,42,20,2,원룸,50000,37.6687449468858,127.037921329652,https://ic.zigbang.com/ic/items/47031468/1.jpg
도봉구,창동,47041066,방학역이안테라리움 전세,도봉구 방학동,서울특별시,도봉구,방학동,14500,0,29.75,8,오피스텔,120000,37.6656981,127.043677,https://ic.zigbang.com/ic/items/47041066/1.jpg
도봉구,창동,47041120,이안테라리움 방학역 월세,도봉구 방학동,서울특별시,도봉구,방학동,1000,62,36.36,3,오피스텔,120000,37.6656981,127.043677,https://ic.zigbang.com/ic/items/47041120/1.jpg
도봉구,창동,47047485,"주거형 오피스텔, 보증보험가입, 초역세권, LH대출가능",도봉구 방학동,서울특별시,도봉구,방학동,14000,0,38.52,중,오피스텔,95000,37.6656981,127.043677,https://ic.zigbang.com/ic/items/47047485/1.jpg
도봉구,창동,47054826,전입가능 고층 풀옵션 투룸복층 오피스,도봉구 창동,서울특별시,도봉구,창동,5000,150,66.57,15,오피스텔,0,37.6534405404319,127.049951278287,https://ic.zigbang.com/ic/items/47054826/1.jpg
도봉구,창동,47057486,"전입가능,풀옵션,창동역바로앞,주거용신축오피스텔,인프라완벽",도봉구 창동,서울특별시,도봉구,창동,2000,67,64,31,오피스텔,150000,37.6546079,127.049907,https://ic.zigbang.com/ic/items/47057486/1.jpg
