﻿search_gu,search_dong,item_id,title,address,local1,local2,local3,deposit,rent,size_m2,floor,service_type,manage_cost,lat,lng,thumbnail
은평구,갈현동,47026152,선일초중고옆 전용10 넓은분리형원룸 주차O,은평구 갈현동,서울시,은평구,갈현동,3000,45,33.1,2,원룸,60000,37.61914311576,126.911523126248,https://ic.zigbang.com/ic/items/47026152/1.jpg
은평구,갈현동,47026367,선일학교후문 연신내역10분 풀옵션오픈형원룸 즉시입주,은평구 갈현동,서울시,은평구,갈현동,1000,45,24,5,원룸,60000,37.61914311576,126.911523126248,https://ic.zigbang.com/ic/items/47026367/1.jpg
은평구,구산동,46744835,d법대b 버정3분 l 신축급 l 풀옵션 l 연신내지구대안전,은평구 갈현동,서울시,은평구,갈현동,5000,49,19.84,2,원룸,80000,37.6155124199984,126.912146417672,https://ic.zigbang.com/ic/items/46744835/1.jpg
은평구,구산동,46757100,O즉시입주가능O깔끔한풀옵션원룸O사이즈우수,은평구 갈현동,서울시,은평구,갈현동,500,43,17,반지하,원룸,70000,37.6159247746128,126.91198838102,https://ic.zigbang.com/ic/items/46757100/1.jpg
은평구,구산동,46790959,"전망굿,업무용,입주조율가능,남향,고층,1,5룸복층오피스텔",고양시 덕양구 향동동,경기도,고양시 덕양구,향동동,1000,90,83.06,고,오피스텔,180000,37.6056723,126.896809,https://ic.zigbang.com/ic/items/46790959/1.jpg
은평구,구산동,46828583,12월20일입주 전입신고가 남향 햇살가득한집,고양시 덕양구 향동동,경기도,고양시 덕양구,향동동,4000,90,69.42,9,오피스텔,130000,37.6056723,126.896809,https://ic.zigbang.com/ic/items/46828583/1.jpg
은평구,구산동,46828646,11월20일이후입주 전입신고가 전망굳 복층,고양시 덕양구 향동동,경기도,고양시 덕양구,향동동,2000,100,69.42,3,오피스텔,130000,37.6056723,126.896809,https://ic.zigbang.com/ic/items/46828646/1.jpg
은평구,구산동,46872218,"O구산역8분,준신축급,원룸반월세,빌트인풀옵션,즉시입주",은평구 구산동,서울시,은평구,구산동,3000,35,18.18,1,원룸,70000,37.6117052459742,126.912204014688,https://ic.zigbang.com/ic/items/46872218/1.jpg
은평구,구산동,46875900,신축급 깔끔한 풀옵션 원룸 반전세,은평구 역촌동,서울시,은평구,역촌동,5000,42,22,3,원룸,80000,37.6051648483458,126.912897875501,https://ic.zigbang.com/ic/items/46875900/1.jpg
은평구,구산동,46890859,구산역 복층 넓은 풀옵션 분리형원룸 반려동물가능,은평구 역촌동,서울시,은평구,역촌동,5000,50,22.28,5,원룸,50000,37.606622955106,126.911132293818,https://ic.zigbang.com/ic/items/46890859/1.jpg
은평구,구산동,46910314,d법대b 구산역7분 l 신축급 l 양창 l 반려묘가능,은평구 구산동,서울시,은평구,구산동,5000,30,19.84,2,원룸,50000,37.6106712626455,126.9117095045,https://ic.zigbang.com/ic/items/46910314/1.jpg
은평구,구산동,46949277,부가세별도  11월말이후입주가 남향 전망굳,고양시 덕양구 향동동,경기도,고양시 덕양구,향동동,1000,90,69.42,중,오피스텔,130000,37.6056723,126.896809,https://ic.zigbang.com/ic/items/46949277/1.jpg
은평구,구산동,46966567,1 꿀매물ㅣ주차가능ㅣ엘베Oㅣ구산역 도보5분 ㅣ초역세권 원룸,은평구 구산동,서울시,은평구,구산동,2000,39,12.9,4,원룸,70000,37.6115757833914,126.913682527813,https://ic.zigbang.com/ic/items/46966567/1.jpg
은평구,구산동,46976871,d법대b 구산역7분 l 빠른입주 l 분리형 l 통창 채광굿,은평구 갈현동,서울시,은평구,갈현동,5000,45,23.14,1,원룸,70000,37.6139327337291,126.913510477001,https://ic.zigbang.com/ic/items/46976871/1.jpg
은평구,구산동,46976916,d법대b 즉시입주 l 풀옵션 l 버정2분 l 신축,은평구 구산동,서울시,은평구,구산동,3000,40,19.84,2,원룸,80000,37.6128954179308,126.910005818218,https://ic.zigbang.com/ic/items/46976916/1.jpg
은평구,구산동,46978073,d법대b 가성비굿 l 즉시입주 l 신축급 l 풀옵션,은평구 갈현동,서울시,은평구,갈현동,5000,25,19.84,3,원룸,70000,37.6159247746128,126.91198838102,https://ic.zigbang.com/ic/items/46978073/1.jpg
은평구,구산동,46986498,d법대b 넓은방 l 저려미월세 l 신축급 l 풀옵션,은평구 구산동,서울시,은평구,구산동,500,38,21.49,반지하,원룸,70000,37.6122420464531,126.910632136866,https://ic.zigbang.com/ic/items/46986498/1.jpg
은평구,구산동,46987780,d법대b 버정1분 l 풀옵션 l 신축급 l 보증금조절가능,은평구 갈현동,서울시,은평구,갈현동,2000,45,19.84,3,원룸,70000,37.6145336995799,126.911815029507,https://ic.zigbang.com/ic/items/46987780/1.jpg
은평구,구산동,46990771,구산역 도보5분 신축급 분리형원룸 풀옵션,은평구 갈현동,서울시,은평구,갈현동,5000,45,22,3,원룸,70000,37.6139327337291,126.913510477001,https://ic.zigbang.com/ic/items/46990771/1.jpg
은평구,구산동,47030540,빠른입주 가능한 신축급 풀옵션원룸,은평구 역촌동,서울시,은평구,역촌동,2000,50,17,3,원룸,70000,37.6051648483458,126.912897875501,https://ic.zigbang.com/ic/items/47030540/1.jpg
은평구,구산동,47031971,신축급 풀옵션 원룸 내부깔끔 빠른입주가능,은평구 역촌동,서울시,은평구,역촌동,2000,50,17.44,3,원룸,70000,37.6051648483458,126.912897875501,https://ic.zigbang.com/ic/items/47031971/1.jpg
은평구,구산동,47037577,구산역 도보 3분거리 신축급 귀한 분리형 풀옵션 원룸,은평구 구산동,서울시,은평구,구산동,1000,49,20.56,3,원룸,60000,37.6116733412949,126.913410368202,https://ic.zigbang.com/ic/items/47037577/1.jpg
은평구,구산동,47042110,"d법대b 반려동물가능 l 신축급 l 풀옵션 l 카뱅,토스",은평구 갈현동,서울시,은평구,갈현동,8000,0,19.84,2,원룸,70000,37.6148079960483,126.912104319658,https://ic.zigbang.com/ic/items/47042110/1.jpg
은평구,구산동,47046129,d법대b 응암역7 l 주차가능 l 넓은방 l 즉시입주,은평구 역촌동,서울시,은평구,역촌동,2000,50,21.48,2,원룸,80000,37.6051648483458,126.912897875501,https://ic.zigbang.com/ic/items/47046129/1.jpg
은평구,구산동,47046152,d법대b  응암역7분 l 신축급 l 빠른입주가능 l 풀옵션,은평구 역촌동,서울시,은평구,역촌동,5000,30,19.84,2,원룸,70000,37.604537496927,126.912178918148,https://ic.zigbang.com/ic/items/47046152/1.jpg
은평구,구산동,47051152,쾌적한 나만의 공간l 상암동5분 1.5룸복층,고양시 덕양구 향동동,경기도,고양시 덕양구,향동동,1000,85,29.99,저,오피스텔,150000,37.6056723,126.896809,https://ic.zigbang.com/ic/items/47051152/1.jpg
은평구,구산동,47051184,대출가능I채광좋고 넓은 1.5룸 복층 I 무료주차가능,고양시 덕양구 향동동,경기도,고양시 덕양구,향동동,19000,0,76.61,저,오피스텔,150000,37.6056723,126.896809,https://ic.zigbang.com/ic/items/47051184/1.jpg
은평구,구산동,47057722,d법대b 응암역6분 l 신축급 l 풀옵션 l 빠른입주가능,은평구 역촌동,서울시,은평구,역촌동,2000,50,19.84,2,원룸,70000,37.604537496927,126.912178918148,https://ic.zigbang.com/ic/items/47057722/1.jpg
은평구,구산동,47057742,d법대b 즉시입주 l 신축급 l 풀옵션 l 건조기능세탁기,은평구 갈현동,서울시,은평구,갈현동,500,43,21.48,반지하,원룸,70000,37.6159247746128,126.91198838102,https://ic.zigbang.com/ic/items/47057742/1.jpg
은평구,구산동,47064953,"d법대b 흔지 않은 보증금, 컨디션까지 굿",은평구 역촌동,서울시,은평구,역촌동,1000,55,19.84,1,원룸,70000,37.604537496927,126.912178918148,https://ic.zigbang.com/ic/items/47064953/1.jpg
은평구,구산동,47067170,"신축급 깔끔한 풀옵션 원룸 반전세, 보증금 조정가능",은평구 역촌동,서울시,은평구,역촌동,5000,38,23,3,원룸,80000,37.6051648483458,126.912897875501,https://ic.zigbang.com/ic/items/47067170/1.jpg
은평구,녹번동,46518418,불광역3분 즉시입주가 실6평 채광 좋고 내부 깨끗한 풀옵션,은평구 녹번동,서울시,은평구,녹번동,2000,40,19.83,2,원룸,50000,37.6081693285476,126.929562180287,https://ic.zigbang.com/ic/items/46518418/1.jpg
은평구,녹번동,46722080,"신측급 분리형 원룸, 풀옵션,  북한산숲세권, 주차가능",서대문구 홍은동,서울시,서대문구,홍은동,2000,80,40.82,1,원룸,50000,37.6026013929931,126.947161585512,https://ic.zigbang.com/ic/items/46722080/1.jpg
은평구,녹번동,46816818,불광역 도보 1분 버팀목대출 HF보증보험  안심귀가 복층,은평구 대조동,서울특별시,은평구,대조동,17800,10,24.36,6,오피스텔,70000,37.6086376103285,126.930232201661,https://ic.zigbang.com/ic/items/46816818/1.jpg
은평구,녹번동,46852929,불광역5분 실7평 내부 상태 깨끗하고 채광 좋은 분리형원룸,은평구 녹번동,서울시,은평구,녹번동,500,30,24,반지하,원룸,,37.6074211733629,126.927964106797,https://ic.zigbang.com/ic/items/46852929/1.jpg
은평구,녹번동,46916721,"불광역3분. 실6평 위치,가성비 좋은 채광있는 풀옵션 원룸",은평구 녹번동,서울시,은평구,녹번동,300,30,19.83,반지하,원룸,50000,37.6076806726305,126.930696297943,https://ic.zigbang.com/ic/items/46916721/1.jpg
은평구,녹번동,46918383,복층형 3호선녹번역 도보3분 전용 넓 은복층 오피스텔,은평구 녹번동,서울특별시,은평구,녹번동,1000,58,46.28,8,오피스텔,90000,37.60352325439453,126.93465423583984,https://ic.zigbang.com/ic/items/46918383/1.jpg
은평구,녹번동,46918401,3호선 녹번역도보3분 전용 넓은 복층 오피스텔,은평구 녹번동,서울특별시,은평구,녹번동,1000,58,46.28,7,오피스텔,90000,37.60352325439453,126.93465423583984,https://ic.zigbang.com/ic/items/46918401/1.jpg
은평구,녹번동,46938820,"불광역 3분 주차가 실6평 위치, 가성비 좋은 풀옵션 원룸",은평구 녹번동,서울시,은평구,녹번동,1000,42,19.83,3,원룸,60000,37.60768022347168,126.93069856340806,https://ic.zigbang.com/ic/items/46938820/1.jpg
은평구,녹번동,47000656,"불광역5분, 실7평 내부 깨끗하고 채광 좋은 풀옵션 원룸",은평구 녹번동,서울시,은평구,녹번동,1000,45,23.14,2,원룸,60000,37.6073201379087,126.93122891631906,https://ic.zigbang.com/ic/items/47000656/1.jpg
은평구,녹번동,47002778,안심대출 21년식 풀옵션 방사이즈굿 융자무 가성비굿 강추,은평구 녹번동,서울시,은평구,녹번동,16000,0,26.94,1,원룸,57000,37.6051378845003,126.929756428923,https://ic.zigbang.com/ic/items/47002778/1.jpg
은평구,녹번동,47004369,신축4년차풀옵션예쁜복층V전입신고OV12월중협의,은평구 대조동,서울특별시,은평구,대조동,3000,65,25.94,2,오피스텔,70000,37.6085897389858,126.929275591444,https://ic.zigbang.com/ic/items/47004369/1.jpg
은평구,녹번동,47007034,"G공감G 불광,역촌역 G 융자無G 풀빌트인G 즉시입주",은평구 녹번동,서울시,은평구,녹번동,500,35,17,반지하,원룸,60000,37.6065530972171,126.926982267453,https://ic.zigbang.com/ic/items/47007034/1.jpg
은평구,녹번동,47028330,테라스 있는 저렴한 역세권 원룸의 등장ㅣ핫하다 핫해ㅣ,은평구 녹번동,서울시,은평구,녹번동,1000,40,16.53,4,원룸,60000,37.6073204969129,126.931226537699,https://ic.zigbang.com/ic/items/47028330/1.jpg
은평구,녹번동,47037880,ㅣ상명대통학좋은원룸ㅣ주방분리형 풀옵션 원룸월세,은평구 녹번동,서울시,은평구,녹번동,1000,45,16.53,1,원룸,70000,37.6071054371576,126.930315966663,https://ic.zigbang.com/ic/items/47037880/1.jpg
은평구,녹번동,47043377,저렴한 월세 가격대비 넓은 평수 불광역 2분,은평구 대조동,서울시,은평구,대조동,1000,45,16.52,4,원룸,60000,37.6087676081564,126.929298753361,https://ic.zigbang.com/ic/items/47043377/1.jpg
은평구,녹번동,47046999,불광역5분ㅣ분리형주방ㅣ공간활용좋은방ㅣ빌트인 풀옵션 원룸월세,은평구 녹번동,서울시,은평구,녹번동,1000,45,17,1,원룸,70000,37.6071054371576,126.930315966663,https://ic.zigbang.com/ic/items/47046999/1.jpg
은평구,녹번동,47051508,녹번역. 조용한주택가. 가성비甲. 빠른입주. 엘베유,은평구 녹번동,서울시,은평구,녹번동,500,50,18.18,4,원룸,70200,37.6028030467039,126.930496755469,https://ic.zigbang.com/ic/items/47051508/1.jpg
은평구,녹번동,47051572,H녹번역. 4층엘베. 가성비甲. 컨디션굿.,은평구 녹번동,서울시,은평구,녹번동,500,50,18.18,4,원룸,70200,37.6028030467039,126.930496755469,https://ic.zigbang.com/ic/items/47051572/1.jpg
은평구,녹번동,47061534,전입신고O불광역1분안전한출퇴근V풀옵션예쁜복층V저렴한보증금,은평구 대조동,서울특별시,은평구,대조동,500,80,25.94,13,오피스텔,70000,37.6085897389858,126.929275591444,https://ic.zigbang.com/ic/items/47061534/1.jpg
은평구,녹번동,47062878,"3,6호선 불광역 4분 풀옵션 넓은 오피스텔월세",은평구 녹번동,서울특별시,은평구,녹번동,5000,40,44.34,3,오피스텔,110000,37.6083390050602,126.928101617306,https://ic.zigbang.com/ic/items/47062878/1.jpg
은평구,대조동,46687453,d법대b 구산역5분 l 신축급 l 풀옵션 l 깔끔한방,은평구 대조동,서울시,은평구,대조동,3000,30,19.84,3,원룸,70000,37.610272588132,126.920739338491,https://ic.zigbang.com/ic/items/46687453/1.jpg
은평구,대조동,46693563,너무 저렴한 풀옵션 원룸,은평구 대조동,서울시,은평구,대조동,500,30,11.55,1,원룸,0,37.6111762013158,126.927923449817,https://ic.zigbang.com/ic/items/46693563/1.jpg
은평구,대조동,46739570,"신축급 넓은 원룸, 응암역, 역촌역 이용 가능",은평구 역촌동,서울시,은평구,역촌동,1000,50,33.05,반지하,원룸,70000,37.60240173339844,126.91992950439456,https://ic.zigbang.com/ic/items/46739570/1.jpg
은평구,대조동,46747548,"3,6호선 불광역초역세권 깔끔한반전세 원룸",은평구 대조동,서울특별시,은평구,대조동,2000,55,30,9,오피스텔,70000,37.61064147949219,126.92852020263672,https://ic.zigbang.com/ic/items/46747548/1.jpg
은평구,대조동,46753798,빠른입주  가능한 분리형 원룸,은평구 대조동,서울시,은평구,대조동,500,31,15.21,7,원룸,80000,37.6097264148964,126.927035679744,https://ic.zigbang.com/ic/items/46753798/1.jpg
은평구,대조동,46775541,지상층 초저가 전세 이사 빠른 입주가능,은평구 불광동,서울시,은평구,불광동,5000,0,13.22,7,원룸,50000,37.609962168526,126.931331245364,https://ic.zigbang.com/ic/items/46775541/1.jpg
은평구,대조동,46800280,"O 빠른입주, 단기방,  풀옵션",은평구 역촌동,서울시,은평구,역촌동,150,45,15,반지하,원룸,70000,37.6038290635127,126.920593519111,https://ic.zigbang.com/ic/items/46800280/1.jpg
은평구,대조동,46803728,준신축 깔끔한빌트인,은평구 응암동,서울특별시,은평구,응암동,11500,0,36.36,7,오피스텔,90000,37.60054,126.9215,https://ic.zigbang.com/ic/items/46803728/1.jpg
은평구,대조동,46807892,불광역 7번출구 분리형 원룸 구조 좋아요,은평구 대조동,서울특별시,은평구,대조동,1000,75,30,10,오피스텔,100000,37.61064147949219,126.92852020263672,https://ic.zigbang.com/ic/items/46807892/1.jpg
은평구,대조동,46810914,구산역4분 신축 1.5룸 넓은거실 HF청년버팀목 보증보험O,은평구 대조동,서울시,은평구,대조동,23000,0,29.62,1,원룸,50000,37.6112377058171,126.920573071089,https://ic.zigbang.com/ic/items/46810914/1.jpg
은평구,대조동,46819016,"3,6호선, GTX  연신내역7분 즉입가 원룸월세, 단기가",은평구 대조동,서울시,은평구,대조동,1000,47,16,1,원룸,50000,37.6143730175795,126.922001035579,https://ic.zigbang.com/ic/items/46819016/1.jpg
은평구,대조동,46831071,넓은거실 신축급 분리형 원룸   HUG대출  보증보험가능,은평구 대조동,서울시,은평구,대조동,23000,0,29.62,1,원룸,50000,37.6112377058171,126.920573071089,https://ic.zigbang.com/ic/items/46831071/1.jpg
은평구,대조동,46831115,연신내역2분  위치 좋은 원룸 입니다,은평구 대조동,서울시,은평구,대조동,500,45,16.53,2,원룸,50000,37.61672804676034,126.92217708305584,https://ic.zigbang.com/ic/items/46831115/1.jpg
은평구,대조동,46832867,즉시입주가능한,은평구 대조동,서울시,은평구,대조동,500,37,8.92,1,원룸,100000,37.60851554277,126.921644287991,https://ic.zigbang.com/ic/items/46832867/1.jpg
은평구,대조동,46837427,연신내역5분 깔끔한 풀옵션원룸 전입신고가능,은평구 대조동,서울시,은평구,대조동,500,30,16.53,반지하,원룸,40000,37.6154333301341,126.920827643759,https://ic.zigbang.com/ic/items/46837427/1.jpg
은평구,대조동,46839443,역촌역앞ㅣ대형복층ㅣ빠른입주가능,은평구 녹번동,서울특별시,은평구,녹번동,3000,32,33.37,6,오피스텔,330000,37.6069045,126.923595,https://ic.zigbang.com/ic/items/46839443/1.jpg
은평구,대조동,46840855,연신내역5분 깔끔한 풀옵션 원룸 즉시입주,은평구 대조동,서울시,은평구,대조동,3500,0,17,반지하,원룸,40000,37.6154333301341,126.920827643759,https://ic.zigbang.com/ic/items/46840855/1.jpg
은평구,대조동,46847655,d법대b 연신내5분 l 즉시입주 l 풀옵션 l 보증금조절가,은평구 불광동,서울시,은평구,불광동,1000,50,16.53,1,원룸,60000,37.6170343114421,126.923723872517,https://ic.zigbang.com/ic/items/46847655/1.jpg
은평구,대조동,46865812,구산역5분 신축급 분리형 풀옵션,은평구 대조동,서울시,은평구,대조동,23000,0,29.62,1,원룸,50000,37.6112377058171,126.920573071089,https://ic.zigbang.com/ic/items/46865812/1.jpg
은평구,대조동,46871578,불광 역세권 저렴한 원룸,은평구 대조동,서울시,은평구,대조동,1000,42,13,4,원룸,60000,37.6114970714218,126.927969236244,https://ic.zigbang.com/ic/items/46871578/1.jpg
은평구,대조동,46880457,초역세권  저렴한 월세 내부 양호,은평구 불광동,서울시,은평구,불광동,1000,40,13.22,3,원룸,50000,37.609962168526,126.931331245364,https://ic.zigbang.com/ic/items/46880457/1.jpg
은평구,대조동,46880991,넓은 면적 소베란다 내부 양호 불광역 3분이내 대출가능,은평구 대조동,서울시,은평구,대조동,8900,10,13.79,6,원룸,60000,37.6102381634052,126.927452529297,https://ic.zigbang.com/ic/items/46880991/1.jpg
은평구,대조동,46895672,3.6GTX연신내2분 위치최고 환하고밝은남향 주차가능,은평구 대조동,서울시,은평구,대조동,4000,35,12.46,7,원룸,60000,37.61715320214202,126.92200900508831,https://ic.zigbang.com/ic/items/46895672/1.jpg
은평구,대조동,46903225,O연신내역세권O즉시입주가능O지상층,은평구 대조동,서울시,은평구,대조동,500,45,16,2,원룸,50000,37.616728136032,126.922175837036,https://ic.zigbang.com/ic/items/46903225/1.jpg
은평구,대조동,46906132,d법대b 불광역5분 l 엘베 l 신축급 l 풀옵션,은평구 대조동,서울시,은평구,대조동,3700,40,19.84,4,원룸,80000,37.6124151273223,126.92700530432,https://ic.zigbang.com/ic/items/46906132/1.jpg
은평구,대조동,46907240,"즉시입주, 완전 깨끗 1.5룸, 반지층, 에어컨 가스레인지",은평구 대조동,서울시,은평구,대조동,1000,43,37,반지하,원룸,20000,37.6152319406851,126.923532032372,https://ic.zigbang.com/ic/items/46907240/1.jpg
은평구,대조동,46909951,"3,6호선, GTX 연신내역 5분 방1거실구조 반지층 월세",은평구 대조동,서울시,은평구,대조동,1000,43,39.25,반지하,원룸,20000,37.6152319406851,126.923532032372,https://ic.zigbang.com/ic/items/46909951/1.jpg
은평구,대조동,46928850,d법대b 불광역5분 l 주방분리 l 신축급 l 풀옵션,은평구 대조동,서울시,은평구,대조동,1000,50,16.52,3,원룸,120000,37.6123145903619,126.926881383481,https://ic.zigbang.com/ic/items/46928850/1.jpg
은평구,대조동,46933833,연신내역세권  분리형원룸  넓고 깨끗  즉시입주 전입가능,은평구 대조동,서울시,은평구,대조동,1000,43,30,반지하,원룸,20000,37.6152319406851,126.923532032372,https://ic.zigbang.com/ic/items/46933833/1.jpg
은평구,대조동,46945675,분리형 초역세권 구조 좋아요 즉시 입주,은평구 대조동,서울시,은평구,대조동,1000,37,14,5,원룸,70000,37.6107607133596,126.928002337963,https://ic.zigbang.com/ic/items/46945675/1.jpg
은평구,대조동,46977376,d법대b 불광3분 l 분리형 l 풀옵션 l 신축급,은평구 대조동,서울시,은평구,대조동,10000,0,19.84,3,원룸,80000,37.6124151273223,126.92700530432,https://ic.zigbang.com/ic/items/46977376/1.jpg
은평구,대조동,46977572,연신내역2분 넓고 깨끗한 풀옵션 원룸 빠른입주,은평구 대조동,서울시,은평구,대조동,500,32,19,반지하,원룸,30000,37.6169263921072,126.921283317325,https://ic.zigbang.com/ic/items/46977572/1.jpg
은평구,대조동,46983212,창2 큰타입 깔끔한준신축,은평구 응암동,서울특별시,은평구,응암동,2000,70,42.98,9,오피스텔,120000,37.60054,126.9215,https://ic.zigbang.com/ic/items/46983212/1.jpg
은평구,대조동,46988477,연신내역 초저렴지상층 풀옵션원룸  위치최고 빠른입주 月45,은평구 대조동,서울시,은평구,대조동,500,40,16.5,1,원룸,50000,37.616362977838,126.922605494218,https://ic.zigbang.com/ic/items/46988477/1.jpg
은평구,대조동,46988653,채광좋은방ㅣ전망좋은방ㅣ불광역4분ㅣ깔끔한 풀옵션 원룸월세,은평구 대조동,서울시,은평구,대조동,3700,40,16.52,4,원룸,,37.6124151273223,126.92700530432,https://ic.zigbang.com/ic/items/46988653/1.jpg
은평구,대조동,46991025,3.6불광역3분 주방분리된 풀옵션 먹자라인끝조용 즉시입주,은평구 불광동,서울시,은평구,불광동,1000,47,19.83,5,원룸,60000,37.611259123224045,126.93098971302668,https://ic.zigbang.com/ic/items/46991025/1.jpg
은평구,대조동,46997455,O즉시입주가능O빌트인풀옵션O신축급화이트톤,은평구 대조동,서울시,은평구,대조동,3000,30,17,3,원룸,70000,37.610272588132,126.920739338491,https://ic.zigbang.com/ic/items/46997455/1.jpg
은평구,대조동,46998723,"불광역 초역세권 채광좋은 신축급 로얄층 깨끗
티브옵션",은평구 대조동,서울시,은평구,대조동,7000,20,20,3,원룸,70000,37.6110946966252,126.927538905641,https://ic.zigbang.com/ic/items/46998723/1.jpg
은평구,대조동,47000884,H불광역. H큰방. 구조굿. 즉시입주.가성비甲. 인기있는방,은평구 대조동,서울시,은평구,대조동,3000,50,15.07,7,원룸,80200,37.6115476377414,126.928447817026,https://ic.zigbang.com/ic/items/47000884/1.jpg
은평구,대조동,47001828,역세권 준신축급 풀옵션 원룸,은평구 불광동,서울시,은평구,불광동,1000,50,18,1,원룸,60000,37.6170343114421,126.923723872517,https://ic.zigbang.com/ic/items/47001828/1.jpg
은평구,대조동,47002776,안심대출 구산역5분 22년식 풀옵션 테라스 다용도실 탑층,은평구 대조동,서울시,은평구,대조동,24000,0,28,5,원룸,50000,37.6109696097837,126.921302620689,https://ic.zigbang.com/ic/items/47002776/1.jpg
은평구,대조동,47002791,구산역4분 22년식 풀옵션 높은층고 사이즈굿 보증보험 강추,은평구 대조동,서울시,은평구,대조동,23000,0,29.62,1,원룸,50000,37.6112377058171,126.920573071089,https://ic.zigbang.com/ic/items/47002791/1.jpg
은평구,대조동,47004930,불광역 초역세권 반전세 원룸 대출가능,은평구 대조동,서울특별시,은평구,대조동,1000,60,20,고,오피스텔,70000,37.61064147949219,126.92852020263672,https://ic.zigbang.com/ic/items/47004930/1.jpg
은평구,대조동,47007120,G공감G 전입가능G즉시입주G 주차가능G 헬스장무료G 대로변,은평구 대조동,서울특별시,은평구,대조동,1000,58,19.83,고,오피스텔,100000,37.617130279541016,126.92239379882812,https://ic.zigbang.com/ic/items/47007120/1.jpg
은평구,대조동,47007982,G공감G상명대기숙사G마에오피G1월입주G전입가능G,은평구 대조동,서울특별시,은평구,대조동,1000,60,19.72,저,오피스텔,95000,37.617130279541016,126.92239379882812,https://ic.zigbang.com/ic/items/47007982/1.jpg
은평구,대조동,47008376,G공감G 불광역1분G 1년계약 G 엘베 G 12월 입주,은평구 대조동,서울시,은평구,대조동,2000,34,12.53,7,원룸,80000,37.60893402318619,126.93005864565644,https://ic.zigbang.com/ic/items/47008376/1.jpg
은평구,대조동,47008578,풀옵션 단기3개월이상 전입불가,은평구 응암동,서울특별시,은평구,응암동,100,90,50.73,2,오피스텔,80000,37.6019447445681,126.926019217224,https://ic.zigbang.com/ic/items/47008578/1.jpg
은평구,대조동,47011028,d법대b 저렴한 신축급 원룸 전세,은평구 대조동,서울시,은평구,대조동,8000,0,18.15,2,원룸,60000,37.610272588132,126.920739338491,https://ic.zigbang.com/ic/items/47011028/1.jpg
은평구,대조동,47011831,ㅣ융자없는 안전한 집  ㅣ엘베있는 깔끔한 풀옵션 원룸월세,은평구 대조동,서울시,은평구,대조동,1000,50,17,3,원룸,120000,37.6123145903619,126.926881383481,https://ic.zigbang.com/ic/items/47011831/1.jpg
은평구,대조동,47018004,"6호선 역촌역 5분,버팀목, 보증보험, 넓은  신축급 복층",은평구 녹번동,서울특별시,은평구,녹번동,21000,0,33.24,2,오피스텔,47000,37.6019846,126.922725,https://ic.zigbang.com/ic/items/47018004/1.jpg
은평구,대조동,47018358,연신내역4분 관리잘된 깔끔풀옵션 방사이즈및 위치 좋아요,은평구 대조동,서울시,은평구,대조동,500,32,16.55,반지하,원룸,,37.6169263921072,126.921283317325,https://ic.zigbang.com/ic/items/47018358/1.jpg
은평구,대조동,47024697,역촌불광역ㅣ대로변ㅣ안심귀가,은평구 녹번동,서울특별시,은평구,녹번동,2000,56,28.85,중,오피스텔,140000,37.6069045,126.923595,https://ic.zigbang.com/ic/items/47024697/1.jpg
은평구,대조동,47033213,"역세권 평수 넓은 원룸 .불광역원룸, 신축급 풀옵션 전세",은평구 대조동,서울시,은평구,대조동,10000,0,13.79,13,원룸,60000,37.6102381634052,126.927452529297,https://ic.zigbang.com/ic/items/47033213/1.jpg
은평구,대조동,47033509,3.6불광역2분 위치최고 임대가초저렴 풀옵션분리형,은평구 대조동,서울시,은평구,대조동,1000,37,18,5,원룸,70000,37.61075999126149,126.92800018677342,https://ic.zigbang.com/ic/items/47033509/1.jpg
은평구,대조동,47034790,H불광역3분.코앞에전철역. H구조굿.  가성비甲,은평구 대조동,서울시,은평구,대조동,1000,57,18.18,9,원룸,60300,37.6116616423943,126.928348040349,https://ic.zigbang.com/ic/items/47034790/1.jpg
은평구,대조동,47039261,"근저당 없는 깔끔, 안전한 매물. 빌트인 구조로 수납력 짱",은평구 역촌동,서울시,은평구,역촌동,1000,43,16.53,반지하,원룸,70000,37.6050745293199,126.919437513773,https://ic.zigbang.com/ic/items/47039261/1.jpg
은평구,대조동,47043619,상태 양호 즉시 입주 넓은편 보일러실 수납공간 넉넉,은평구 대조동,서울시,은평구,대조동,2000,50,16.7,7,원룸,70000,37.6115476377414,126.928447817026,https://ic.zigbang.com/ic/items/47043619/1.jpg
은평구,대조동,47044484,연신내역 가성비 좋은 원룸,은평구 대조동,서울시,은평구,대조동,500,40,18,2,원룸,50000,37.616362977838,126.922605494218,https://ic.zigbang.com/ic/items/47044484/1.jpg
은평구,대조동,47045001,안심대출 불광역1분 21년식 풀옵션 융자무 가성비굿 강추,은평구 불광동,서울시,은평구,불광동,20000,0,24.57,6,원룸,0,37.6107759259031,126.931614093016,https://ic.zigbang.com/ic/items/47045001/1.jpg
은평구,대조동,47047015,예쁜 분리형주방ㅣ역촌역3분ㅣ넓은방ㅣ빌트인 풀옵션 원룸 월세,은평구 역촌동,서울시,은평구,역촌동,5000,30,19.84,1,원룸,80000,37.604288565357,126.921126425385,https://ic.zigbang.com/ic/items/47047015/1.jpg
은평구,대조동,47048281,큰방 연신내5분 전용면적넓은 풀옵션원룸 남향,은평구 대조동,서울시,은평구,대조동,3000,60,24.75,4,원룸,,37.6164926886361,126.922010261312,https://ic.zigbang.com/ic/items/47048281/1.jpg
은평구,대조동,47057476,3.6불광역2분 오픈형 큰방 완전풀옵션 깔끔 대출가능,은평구 대조동,서울시,은평구,대조동,2000,50,19.9,7,원룸,80000,37.61154592593768,126.92844793192342,https://ic.zigbang.com/ic/items/47057476/1.jpg
은평구,대조동,47058361,26년1월 2일부터 입주가능 오피스텔  월세,은평구 응암동,서울특별시,은평구,응암동,1000,55,39.66,4,오피스텔,110000,37.60054,126.9215,https://ic.zigbang.com/ic/items/47058361/1.jpg
은평구,대조동,47061088,초역세권 불광역 2분거리 원룸,은평구 대조동,서울시,은평구,대조동,2000,50,20.05,7,원룸,80000,37.6115476377414,126.928447817026,https://ic.zigbang.com/ic/items/47061088/1.jpg
은평구,대조동,47064414,d법대b 저렴한 보증금과 월세 깔끔한 풀옵션 원,은평구 대조동,서울시,은평구,대조동,300,44,16,반지하,원룸,60000,37.610272588132,126.920739338491,https://ic.zigbang.com/ic/items/47064414/1.jpg
은평구,대조동,47064636,"완전 착한 임대료, 트리플 역세권, 밝고 깨끗",은평구 대조동,서울시,은평구,대조동,1000,35,15,2,원룸,40000,37.6154333301341,126.920827643759,https://ic.zigbang.com/ic/items/47064636/1.jpg
은평구,대조동,47064753,V  근저당 없음  V  로얄  V,은평구 대조동,서울시,은평구,대조동,7500,0,19.83,5,원룸,60000,37.616983780794,126.922502004744,https://ic.zigbang.com/ic/items/47064753/1.jpg
은평구,대조동,47064762,"착한 월세, 트리플 초역세권 깔끔한 풀옵션 원룸",은평구 대조동,서울시,은평구,대조동,500,40,15,1,원룸,40000,37.616362977838,126.922605494218,https://ic.zigbang.com/ic/items/47064762/1.jpg
은평구,수색동,47006972,G공감G새절역G즉시입주G전입가능G햇살가득G,은평구 신사동,서울시,은평구,신사동,3000,35,15,2,원룸,50000,37.5905862749855,126.90919141437,https://ic.zigbang.com/ic/items/47006972/1.jpg
은평구,수색동,47051295,전용넓은.풀옵션.무융자.즉시입주.초역세권.,마포구 상암동,서울시,마포구,상암동,2000,50,21.48,2,원룸,40000,37.5781026202205,126.895937854331,https://ic.zigbang.com/ic/items/47051295/1.jpg
은평구,수색동,47065956,주차가능.남향.엘베유.풀옵션.위치최고.역세권.,마포구 상암동,서울시,마포구,상암동,1000,54,15,3,원룸,70000,37.5766132450824,126.89590132398,https://ic.zigbang.com/ic/items/47065956/1.jpg
은평구,수색동,47066171,새절역ㅣ반려동물o l 채광좋은방ㅣ풀옵션원룸월세 l 빠른입주,은평구 신사동,서울시,은평구,신사동,3000,25,16.52,1,원룸,60000,37.5905862749855,126.90919141437,https://ic.zigbang.com/ic/items/47066171/1.jpg
은평구,신사동,46731960,"O응암역5분, 깔끔 지상층 원룸 월세, 풀옵션, 주차가능",은평구 신사동,서울시,은평구,신사동,1000,50,18.18,1,원룸,70000,37.5966531155582,126.912794562495,https://ic.zigbang.com/ic/items/46731960/1.jpg
은평구,신사동,46798058,리모델링 완료ㅣ분리형 원룸ㅣ가성비 좋은 매물ㅣ,은평구 신사동,서울시,은평구,신사동,500,50,19.83,반지하,원룸,,37.5916619224401,126.912347474113,https://ic.zigbang.com/ic/items/46798058/1.jpg
은평구,신사동,46798654,불광천 인접한 깔끔한 원룸ㅣ친절한 임대인ㅣ만족도 높은 매물,은평구 신사동,서울시,은평구,신사동,1000,50,16.53,1,원룸,70000,37.5966531155582,126.912794562495,https://ic.zigbang.com/ic/items/46798654/1.jpg
은평구,신사동,46866957,새절역 7분 2룸 신축급 풀옵션  사이즈 좋음 반려동물O,은평구 신사동,서울특별시,은평구,신사동,3000,120,45.14,11,오피스텔,80000,37.5955452,126.910624,https://ic.zigbang.com/ic/items/46866957/1.jpg
은평구,신사동,46873628,신축 깔끔한 2룸 풀옵션 대로변 안심귀가 주차반려ok,은평구 신사동,서울특별시,은평구,신사동,3000,110,33.38,7,오피스텔,70000,37.5955452,126.910624,https://ic.zigbang.com/ic/items/46873628/1.jpg
은평구,신사동,46893913,17년식 넓은 원룸 주차가능 주차비별도,은평구 신사동,서울시,은평구,신사동,1000,75,36,3,원룸,50000,37.5955435398957,126.911817628656,https://ic.zigbang.com/ic/items/46893913/1.jpg
은평구,신사동,46909962,응암역 복층 주거. 정원오피스텔 월세1000만60만,은평구 신사동,서울특별시,은평구,신사동,1000,60,50,8,오피스텔,99000,37.598298420657294,126.91329123006906,https://ic.zigbang.com/ic/items/46909962/1.jpg
은평구,신사동,46937651,"O새절역 1분, 준 신축급 원룸, 빌트인 풀옵션, 빠른입주",은평구 신사동,서울시,은평구,신사동,3000,45,18.18,1,원룸,,37.5918879862196,126.913207632231,https://ic.zigbang.com/ic/items/46937651/1.jpg
은평구,신사동,46943277,ㅣ저렴한월세ㅣ응암역 역세권ㅣ풀옵션 원룸월세,은평구 신사동,서울시,은평구,신사동,1000,40,16.53,3,원룸,40000,37.5978026139783,126.911362126114,https://ic.zigbang.com/ic/items/46943277/1.jpg
은평구,신사동,46943393,ㅣ응암역ㅣ착한보증금ㅣ풀옵션 원룸월세,은평구 신사동,서울시,은평구,신사동,300,22,13.22,반지하,원룸,40000,37.5978026139783,126.911362126114,https://ic.zigbang.com/ic/items/46943393/1.jpg
은평구,신사동,46950157,ㅣ새절역초역세권 도보1분ㅣ치안좋은 풀옵션 원룸월세,은평구 신사동,서울시,은평구,신사동,3000,45,16.53,1,원룸,70000,37.5918879862196,126.913207632231,https://ic.zigbang.com/ic/items/46950157/1.jpg
은평구,신사동,46964569,1 주차Oㅣ새절역 도보1분ㅣ빌트인 수납공간ㅣ풀옵션,은평구 신사동,서울시,은평구,신사동,3000,45,16.53,1,원룸,70000,37.5918879862196,126.913207632231,https://ic.zigbang.com/ic/items/46964569/1.jpg
은평구,신사동,46965022,1새절역 도보 4분ㅣ관리잘된ㅣ넉넉한 크기ㅣ풀옵션 원룸,은평구 신사동,서울시,은평구,신사동,500,55,17,2,원룸,60000,37.5906441303021,126.911700558705,https://ic.zigbang.com/ic/items/46965022/1.jpg
은평구,신사동,46970965,"O응암역, 준신축급, 빌트인 풀옵션, 반지하 원룸 월세",은평구 신사동,서울시,은평구,신사동,500,34,16.53,반지하,원룸,90000,37.5963823375216,126.912997796147,https://ic.zigbang.com/ic/items/46970965/1.jpg
은평구,신사동,46976647,"새절역세권,깨끗해요",은평구 신사동,서울시,은평구,신사동,500,55,18,2,원룸,60000,37.5906441303021,126.911700558705,https://ic.zigbang.com/ic/items/46976647/1.jpg
은평구,신사동,46988547,d법대b 새절역1분 l 주차가능 l 신축급 l 풀옵션,은평구 신사동,서울시,은평구,신사동,3000,45,19.84,1,원룸,70000,37.5918879862196,126.913207632231,https://ic.zigbang.com/ic/items/46988547/1.jpg
은평구,신사동,46991389,"O응암역7분, 신축3년차, 신축과같은 반지하 원룸 월세",은평구 신사동,서울시,은평구,신사동,300,40,16.53,반지하,원룸,80000,37.5961634321653,126.912801701594,https://ic.zigbang.com/ic/items/46991389/1.jpg
은평구,신사동,47009523,G공감G 새절역1분 G 전입가능G 불광천 G즉시입주G,은평구 신사동,서울시,은평구,신사동,3000,45,17,1,원룸,60000,37.5918879862196,126.913207632231,https://ic.zigbang.com/ic/items/47009523/1.jpg
은평구,신사동,47034803,"응암역 복층 오피스텔, 층고 높은 집",은평구 신사동,서울특별시,은평구,신사동,2000,53,33.06,3,오피스텔,99000,37.598298420657294,126.91329123006906,https://ic.zigbang.com/ic/items/47034803/1.jpg
은평구,신사동,47039725,월세보다 저렴한 전세 보증금ㅣ주차가능ㅣ이 가격 실화입니까,은평구 신사동,서울시,은평구,신사동,5000,0,16,4,원룸,50000,37.5954262854671,126.913967058636,https://ic.zigbang.com/ic/items/47039725/1.jpg
은평구,신사동,47057550,6호선새절역 역세권 신축급 귀한 풀옵션 2룸 월세,은평구 신사동,서울특별시,은평구,신사동,3000,120,43.82,4,오피스텔,80000,37.5955452,126.910624,https://ic.zigbang.com/ic/items/47057550/1.jpg
은평구,신사동,47058185,d법대b 새절역5분 l 즉시입주 l 귀한월세 l 밝은집,은평구 신사동,서울시,은평구,신사동,500,55,19.84,2,원룸,60000,37.5906441303021,126.911700558705,https://ic.zigbang.com/ic/items/47058185/1.jpg
은평구,신사동,47058994,H새절역. H귀한신축급. 가성비甲. 불광천,은평구 신사동,서울시,은평구,신사동,4000,26,18.18,1,원룸,,37.590058678363,126.91111723214,https://ic.zigbang.com/ic/items/47058994/1.jpg
은평구,신사동,47062792,G공감G응암역G새절역G깔끔한 빌트인G저렴한 반지층G,은평구 신사동,서울시,은평구,신사동,500,34,16.53,반지하,원룸,90000,37.59638214111327,126.91300201416016,https://ic.zigbang.com/ic/items/47062792/1.jpg
은평구,역촌동,46769931,햇빛잘드는 17년식 복층형 원룸,은평구 역촌동,서울시,은평구,역촌동,2000,60,33,3,원룸,50000,37.6036435671449,126.913811734965,https://ic.zigbang.com/ic/items/46769931/1.jpg
은평구,역촌동,46986431,d법대b 융자X l 신축급 l 응암5분 l 풀옵션,은평구 신사동,서울시,은평구,신사동,1000,55,19.84,2,원룸,60000,37.6007547500315,126.911175851412,https://ic.zigbang.com/ic/items/46986431/1.jpg
은평구,역촌동,47032256,H응암역. H신축급2018. 컨디션굿. 불광천,은평구 신사동,서울시,은평구,신사동,1000,55,19.83,1,원룸,60300,37.6007547500315,126.911175851412,https://ic.zigbang.com/ic/items/47032256/1.jpg
은평구,역촌동,47051542,H.응암역5분. H.신축급원룸. 가성비甲. 불광천,은평구 신사동,서울시,은평구,신사동,3000,36,18.18,3,원룸,60300,37.5999354799946,126.911656852634,https://ic.zigbang.com/ic/items/47051542/1.jpg
은평구,역촌동,47058694,신축급 전용8평 반전세,은평구 신사동,서울시,은평구,신사동,5000,50,25.4,6,원룸,50000,37.5987844386774,126.909835632973,https://ic.zigbang.com/ic/items/47058694/1.jpg
은평구,역촌동,47066603,G공감G 응암역 G 기독교대학 G 안전한관리 G 풀빌트인,은평구 신사동,서울시,은평구,신사동,1000,55,17,1,원룸,,37.600754751315584,126.911177550039,https://ic.zigbang.com/ic/items/47066603/1.jpg
은평구,응암동,46832550,LH가능ㅣ보증금조정O신축급ㅣ층고높은예쁜원룸,은평구 응암동,서울특별시,은평구,응암동,12000,40,27,중,오피스텔,50000,37.5892556281908,126.915918792538,https://ic.zigbang.com/ic/items/46832550/1.jpg
은평구,응암동,46906134,위치좋은 역세권 풀옵션 원룸 월세,은평구 응암동,서울시,은평구,응암동,500,40,18,3,원룸,50000,37.5872613687515,126.915033945544,https://ic.zigbang.com/ic/items/46906134/1.jpg
은평구,응암동,46908389,"새절3분 버팀목,중기청,LH 보증보험",은평구 응암동,서울특별시,은평구,응암동,20000,0,27,8,오피스텔,50000,37.5892556281908,126.915918792538,https://ic.zigbang.com/ic/items/46908389/1.jpg
은평구,응암동,46910293,새절역ㅣ채광좋은방ㅣ즉시입주ㅣ엘베O l 풀옵션 원룸월세,은평구 응암동,서울시,은평구,응암동,3000,35,10.88,3,원룸,60000,37.5890558875281,126.916312244863,https://ic.zigbang.com/ic/items/46910293/1.jpg
은평구,응암동,46969863,새절역 넓은 복층형 풀옵션 원룸월세,은평구 응암동,서울시,은평구,응암동,5000,45,25,3,원룸,70000,37.5902586242492,126.915430565887,https://ic.zigbang.com/ic/items/46969863/1.jpg
은평구,응암동,46984551,테라스 있는 복층형 원룸ㅣ새절역 역세권ㅣ저렴한 월세,은평구 응암동,서울시,은평구,응암동,5000,45,21,3,원룸,70000,37.5902586242492,126.915430565887,https://ic.zigbang.com/ic/items/46984551/1.jpg
은평구,응암동,46985704,"새절3분 버팀목,각종전세대출",은평구 응암동,서울특별시,은평구,응암동,10000,50,27,7,오피스텔,50000,37.5892556281908,126.915918792538,https://ic.zigbang.com/ic/items/46985704/1.jpg
은평구,응암동,46986258,풀옵복층 2월입주 반전세 전세 보증보험,은평구 응암동,서울특별시,은평구,응암동,2000,85,27,6,오피스텔,50000,37.5892556281908,126.915918792538,https://ic.zigbang.com/ic/items/46986258/1.jpg
은평구,응암동,46989262,새절역ㅣ분리형주방ㅣ엘베oㅣ환기잘되는방ㅣ빠른입주ㅣ 풀옵션원룸,은평구 응암동,서울시,은평구,응암동,500,55,17,2,원룸,50000,37.5890082296774,126.915559697473,https://ic.zigbang.com/ic/items/46989262/1.jpg
은평구,응암동,47008026,G공감G새절역G상암출퇴근G빌트인G1월입주,은평구 응암동,서울시,은평구,응암동,1000,55,18,2,원룸,70000,37.59060886503272,126.91508913122436,https://ic.zigbang.com/ic/items/47008026/1.jpg
은평구,응암동,47008657,G공감G 새절역G 전입신고가능 G상암출퇴근G새도배,은평구 응암동,서울시,은평구,응암동,500,55,17,2,원룸,50000,37.5890082296774,126.915559697473,https://ic.zigbang.com/ic/items/47008657/1.jpg
은평구,응암동,47015760,G공감G새절역G융자無G근본복층G단독테라스G1월입주G,은평구 응암동,서울시,은평구,응암동,5000,45,21,3,원룸,70000,37.59025952427281,126.9154292061561,https://ic.zigbang.com/ic/items/47015760/1.jpg
은평구,응암동,47019732,ㅣ응암동ㅣ엘베ㅇㅣ불광천 바로옆ㅣ풀옵션 원룸,은평구 응암동,서울시,은평구,응암동,2000,35,17,6,원룸,70000,37.5889044845168,126.915628428399,https://ic.zigbang.com/ic/items/47019732/1.jpg
은평구,응암동,47054074,ㅣ 햇살좋은집ㅣ엘베 있는 치안좋은 풀옵션 원룸월세,은평구 응암동,서울시,은평구,응암동,3000,55,20,5,원룸,60000,37.5903274968942,126.916240394409,https://ic.zigbang.com/ic/items/47054074/1.jpg
