﻿search_gu,search_dong,item_id,title,address,local1,local2,local3,deposit,rent,size_m2,floor,service_type,manage_cost,lat,lng,thumbnail
용산구,동자동,46733065,"위치좋고 살기좋은집 LH,은행대출가능함",용산구 갈월동,서울시,용산구,갈월동,8000,0,15,3,원룸,,37.5462518388621,126.973831423446,https://ic.zigbang.com/ic/items/46733065/1.jpg
용산구,동자동,46756535,"남산소월길 부근, 신축급, 오픈형원룸, 월세",용산구 후암동,서울시,용산구,후암동,1500,73,24.76,반지하,원룸,80000,37.5515458022262,126.981226537109,https://ic.zigbang.com/ic/items/46756535/1.jpg
용산구,동자동,46756821,"옥탑방 월세, 분리형구조, 즉시입주",용산구 갈월동,서울시,용산구,갈월동,1000,50,21,옥탑방,원룸,,37.5483953111485,126.973410161557,https://ic.zigbang.com/ic/items/46756821/1.jpg
용산구,동자동,46774013,"역세권 이쁜방등장,언덕아님",용산구 청파동3가,서울시,용산구,청파동3가,500,40,13.22,2,원룸,70000,37.5433330702196,126.968383123239,https://ic.zigbang.com/ic/items/46774013/1.jpg
용산구,동자동,46813981,채광좋은원룸 역세권 풀옵션 엘리베이터X,용산구 청파동2가,서울시,용산구,청파동2가,500,45,15,5,원룸,80000,37.5451015075192,126.970294968057,https://ic.zigbang.com/ic/items/46813981/1.jpg
용산구,동자동,46822405,전용넓은 풀옵션원룸보증금 5000만원 조정가능함,용산구 갈월동,서울시,용산구,갈월동,3000,50,30,1,원룸,,37.5460486267702,126.972869868064,https://ic.zigbang.com/ic/items/46822405/1.jpg
용산구,동자동,46822503,"아름다운집 
빠른입주가능함",용산구 갈월동,서울시,용산구,갈월동,10000,0,25,1,원룸,35000,37.5469353907971,126.974490457488,https://ic.zigbang.com/ic/items/46822503/1.jpg
용산구,동자동,46824430,"후암동종점 부근, 오픈형원룸, 풀옵션, 즉시입주",용산구 후암동,서울시,용산구,후암동,2000,75,23,1,원룸,50000,37.5485429182859,126.980447824082,https://ic.zigbang.com/ic/items/46824430/1.jpg
용산구,동자동,46827966,리모델링 분리형 원룸 숙대입구역 더블역세권,용산구 청파동3가,서울시,용산구,청파동3가,2000,60,26,반지하,원룸,50000,37.5439368974497,126.968298906522,https://ic.zigbang.com/ic/items/46827966/1.jpg
용산구,동자동,46838660,정원이 아름다운집 바로입주,용산구 갈월동,서울시,용산구,갈월동,1000,40,10,2,원룸,35000,37.5469353907971,126.974490457488,https://ic.zigbang.com/ic/items/46838660/1.jpg
용산구,동자동,46862177,더블 역세권 보증금 저렴하고 가성비 좋은 원룸,용산구 청파동3가,서울시,용산구,청파동3가,500,50,17,1,원룸,50000,37.5438227105189,126.970260397162,https://ic.zigbang.com/ic/items/46862177/1.jpg
용산구,동자동,46865210,서울역 12번 출구 연결 도보 4분거리,용산구 동자동,서울특별시,용산구,동자동,3000,116,62.74,3,오피스텔,200000,37.5505734,126.972664,https://ic.zigbang.com/ic/items/46865210/1.jpg
용산구,동자동,46872989,초역세권 풀옵션 분리형 원룸  전용넓음,용산구 갈월동,서울시,용산구,갈월동,2000,100,46.23,2,원룸,60000,37.5456550817009,126.972919234655,https://ic.zigbang.com/ic/items/46872989/1.jpg
용산구,동자동,46873867,분리형 원룸 역세권 풀옵션,용산구 청파동2가,서울시,용산구,청파동2가,3000,90,34,4,원룸,50000,37.5461070758332,126.969444516891,https://ic.zigbang.com/ic/items/46873867/1.jpg
용산구,동자동,46895928,위치좋고 채광좋은 풀옵션 분리형원룸,용산구 동자동,서울시,용산구,동자동,8000,0,25,2,원룸,,37.5517683080441,126.974310571106,https://ic.zigbang.com/ic/items/46895928/1.jpg
용산구,동자동,46899643,역세권 평지 풀옵션 원룸 전세대출가능 LH가능 공실,용산구 청파동2가,서울시,용산구,청파동2가,8000,0,15.5,1,원룸,,37.5450603736385,126.968039526088,https://ic.zigbang.com/ic/items/46899643/1.jpg
용산구,동자동,46908755,여성전용 알뜰한방,용산구 청파동3가,서울시,용산구,청파동3가,1000,50,17.8,2,원룸,50000,37.5436011357968,126.967130039796,https://ic.zigbang.com/ic/items/46908755/1.jpg
용산구,동자동,46927265,여성전용ㅣ1.5룸ㅣ분리형원룸ㅣ큰길가ㅣ풀옵션ㅣ숙대정문2캠5분,용산구 청파동2가,서울시,용산구,청파동2가,1000,68,24,3,원룸,154000,37.5453383410241,126.96708876647,https://ic.zigbang.com/ic/items/46927265/1.jpg
용산구,동자동,46929163,채광좋고 위치좋은방,용산구 청파동3가,서울시,용산구,청파동3가,1000,50,15.2,2,원룸,50000,37.5441057193407,126.968540876165,https://ic.zigbang.com/ic/items/46929163/1.jpg
용산구,동자동,46929588,여성전용ㅣ리모델링ㅣ원룸ㅣ풀옵션ㅣ숙대2캠ㅣ도서관앞,용산구 청파동3가,서울시,용산구,청파동3가,7000,15,12,1,원룸,50000,37.5436273590604,126.966822811144,https://ic.zigbang.com/ic/items/46929588/1.jpg
용산구,동자동,46942239,남영역 도보5분 평지에 위치한 리모델링 원룸,용산구 청파동3가,서울시,용산구,청파동3가,2000,50,15,2,원룸,50000,37.5424544491022,126.969192090696,https://ic.zigbang.com/ic/items/46942239/1.jpg
용산구,동자동,46942526,숙대남영역세권 깔끔한 원룸 빠른입주 가능,용산구 청파동3가,서울시,용산구,청파동3가,500,50,15,1,원룸,50000,37.5424544491022,126.969192090696,https://ic.zigbang.com/ic/items/46942526/1.jpg
용산구,동자동,46945925,분리형 대형 원룸 안전 최상 메인대로 입지,용산구 청파동3가,서울시,용산구,청파동3가,1000,70,29.75,3,원룸,60000,37.54451883491042,126.96925302482708,https://ic.zigbang.com/ic/items/46945925/1.jpg
용산구,동자동,46945931,깨끗하고 조용한 원룸 옵션0  역세권 보증금월세조정가능,용산구 청파동3가,서울시,용산구,청파동3가,1000,65,21.49,2,원룸,50000,37.5441506998563,126.967947578912,https://ic.zigbang.com/ic/items/46945931/1.jpg
용산구,동자동,46946944,남산생활 도서관앞 뷰좋음 풀옵션 테라스 단기O장기O,용산구 후암동,서울시,용산구,후암동,65,65,16.6,1,원룸,80000,37.5506843705732,126.981307327477,https://ic.zigbang.com/ic/items/46946944/1.jpg
용산구,동자동,46947655,분리형 원룸 안전 접근 좋은입지,용산구 청파동2가,서울시,용산구,청파동2가,1000,68,26.45,3,원룸,150000,37.5453383410242,126.96708876647,https://ic.zigbang.com/ic/items/46947655/1.jpg
용산구,동자동,46954237,청파동 숙대입구 리모델링 여성전용,용산구 청파동2가,서울시,용산구,청파동2가,2000,85,27.77,2,원룸,100000,37.5450578133664,126.967245160504,https://ic.zigbang.com/ic/items/46954237/1.jpg
용산구,동자동,46962154,초역세권 풀옵션원룸,용산구 남영동,서울시,용산구,남영동,1000,50,24.79,1,원룸,,37.5442243622435,126.972820061411,https://ic.zigbang.com/ic/items/46962154/1.jpg
용산구,동자동,46962974,여성전용ㅣ깔끔한ㅣ원룸ㅣ숙대2캠ㅣ도서관앞,용산구 청파동3가,서울시,용산구,청파동3가,1000,65,16,2,원룸,100000,37.5436011357966,126.967130039796,https://ic.zigbang.com/ic/items/46962974/1.jpg
용산구,동자동,46972748,더블 역세권 평지에 위치한 풀옵션 원룸,용산구 청파동3가,서울시,용산구,청파동3가,1000,70,18,3,원룸,50000,37.5438227105189,126.970260397162,https://ic.zigbang.com/ic/items/46972748/1.jpg
용산구,동자동,46972768,리모델링 분리형 원룸 숙대입구역 더블역세권,용산구 청파동3가,서울시,용산구,청파동3가,1000,65,22,반지하,원룸,50000,37.5439368974497,126.968298906522,https://ic.zigbang.com/ic/items/46972768/1.jpg
용산구,동자동,46972832,후암동 12평 넓고 가성비 좋은 원룸 서울역 도보10분,용산구 후암동,서울시,용산구,후암동,1000,75,35,2,원룸,50000,37.5513042789091,126.977790052601,https://ic.zigbang.com/ic/items/46972832/1.jpg
용산구,동자동,46973663,여성전용 더블 역세권 도보5분 가성비 좋은 저렴한 원룸,용산구 청파동3가,서울시,용산구,청파동3가,3000,25,18,2,원룸,10000,37.5432494253825,126.968941238594,https://ic.zigbang.com/ic/items/46973663/1.jpg
용산구,동자동,46973693,"신축급 분리형 방1 전세, 이사협의",용산구 후암동,서울시,용산구,후암동,25000,0,23.64,2,원룸,70000,37.5528988494886,126.977233351305,https://ic.zigbang.com/ic/items/46973693/1.jpg
용산구,동자동,46981902,채광굿 여성가능 위치 치안 모두 만족해하는방,용산구 청파동3가,서울시,용산구,청파동3가,1000,60,19.17,2,원룸,50000,37.54446090626468,126.9682527429981,https://ic.zigbang.com/ic/items/46981902/1.jpg
용산구,동자동,46986079,1.5 분리형 원룸  풀옵션 숙대입구역세권,용산구 청파동3가,서울시,용산구,청파동3가,500,75,33.06,2,원룸,,37.543751740452,126.969316028108,https://ic.zigbang.com/ic/items/46986079/1.jpg
용산구,동자동,46987572,깔끔한원룸 풀옵션 역세권,용산구 청파동3가,서울시,용산구,청파동3가,2000,50,19,2,원룸,50000,37.5424544491024,126.969192090696,https://ic.zigbang.com/ic/items/46987572/1.jpg
용산구,동자동,46991918,트윈시티남산오피스텔  남향 디타입 전입가능 가장 큰타입,용산구 동자동,서울특별시,용산구,동자동,1000,131,49.59,10,오피스텔,200000,37.5505734,126.972664,https://ic.zigbang.com/ic/items/46991918/1.jpg
용산구,동자동,47008746,숙대앞 역세권 신축급 깔끔한 풀옵션 융자무 전입신고 가능,용산구 청파동3가,서울시,용산구,청파동3가,2000,52,15,1,원룸,50000,37.543132918446,126.968234861902,https://ic.zigbang.com/ic/items/47008746/1.jpg
용산구,동자동,47008785,리모델링ㅣ여성전용ㅣ넓고ㅣ깔끔한ㅣ원룸ㅣ풀옵션ㅣ베란다,용산구 청파동2가,서울시,용산구,청파동2가,2000,70,17,2,원룸,100000,37.5452132022343,126.968110297676,https://ic.zigbang.com/ic/items/47008785/1.jpg
용산구,동자동,47008968,숙대앞여성전용 더블역세권 신축급 풀옵션 원룸,용산구 청파동3가,서울시,용산구,청파동3가,3000,55,15,3,원룸,50000,37.5437655167008,126.970338497309,https://ic.zigbang.com/ic/items/47008968/1.jpg
용산구,동자동,47013110,즉시입주 가능 숙대 도서관 도보3분 저렴한월세 깨끗한방,용산구 청파동3가,서울시,용산구,청파동3가,1000,50,17,2,원룸,50000,37.5433165442502,126.967253051088,https://ic.zigbang.com/ic/items/47013110/1.jpg
용산구,동자동,47018460,더블 역세권 보증금 저렴한 가성비 좋은 원룸,용산구 청파동3가,서울시,용산구,청파동3가,500,50,18,반지하,원룸,50000,37.5432792325856,126.968540883986,https://ic.zigbang.com/ic/items/47018460/1.jpg
용산구,동자동,47023558,분리형구조  풀옵션입니다,용산구 청파동3가,서울시,용산구,청파동3가,500,55,23.8,반지하,원룸,30000,37.54362814612163,126.96738406200164,https://ic.zigbang.com/ic/items/47023558/1.jpg
용산구,동자동,47024585,여성전용 더블역세권 평지에 위치한 리모델링 원룸,용산구 청파동3가,서울시,용산구,청파동3가,1000,50,14,3,원룸,50000,37.5441057193407,126.968540876165,https://ic.zigbang.com/ic/items/47024585/1.jpg
용산구,동자동,47030128,숙대생추천 여성전용 분리형원룸 풀옵션,용산구 청파동3가,서울시,용산구,청파동3가,1000,65,19,2,원룸,50000,37.5436281457088,126.967382590981,https://ic.zigbang.com/ic/items/47030128/1.jpg
용산구,동자동,47030457,여성전용 더블 역세권 도보5분 가성비 좋은 저렴한 원룸,용산구 청파동3가,서울시,용산구,청파동3가,2000,35,18,2,원룸,10000,37.5432494253825,126.968941238594,https://ic.zigbang.com/ic/items/47030457/1.jpg
용산구,동자동,47033084,더블역세권 평지에 위치한 원룸 위치 최고,용산구 청파동3가,서울시,용산구,청파동3가,500,45,18,2,원룸,20000,37.5432307914465,126.969350188079,https://ic.zigbang.com/ic/items/47033084/1.jpg
용산구,동자동,47037882,"풀옵션 살기좋은집 
주차가능",용산구 후암동,서울시,용산구,후암동,22000,0,24.44,3,원룸,60000,37.5473370249108,126.981020847356,https://ic.zigbang.com/ic/items/47037882/1.jpg
용산구,동자동,47037933,숙대역1분거리 위치좋은 풀옵션원룸,용산구 갈월동,서울시,용산구,갈월동,2000,40,22,1,원룸,20000,37.5462553562292,126.972653884898,https://ic.zigbang.com/ic/items/47037933/1.jpg
용산구,동자동,47044118,저렴한월세원룸 역세권 편의시설,용산구 청파동3가,서울시,용산구,청파동3가,4000,25,22,3,원룸,50000,37.54356036034054,126.96998666534633,https://ic.zigbang.com/ic/items/47044118/1.jpg
용산구,동자동,47044311,여성전용 엘에치가능  융자무,용산구 청파동3가,서울시,용산구,청파동3가,7000,40,23.14,3,원룸,50000,37.54434188507534,126.9679223763022,https://ic.zigbang.com/ic/items/47044311/1.jpg
용산구,동자동,47048649,남영.숙대역 더블초역세권 등기깔끔 부동산관리건물,용산구 청파동3가,서울시,용산구,청파동3가,1000,55,21,반지하,원룸,60000,37.54385213778887,126.96941624302092,https://ic.zigbang.com/ic/items/47048649/1.jpg
용산구,동자동,47048675,남영숙대역세권평지1월이후입주가능깔끔전입가능엘베없음,용산구 청파동3가,서울시,용산구,청파동3가,1000,58,17.22,4,원룸,60000,37.5438534894865,126.96941703456,https://ic.zigbang.com/ic/items/47048675/1.jpg
용산구,동자동,47049701,옵션빵빵 역세권 넓은방 찾나요,용산구 청파동3가,서울시,용산구,청파동3가,1000,70,23.14,1,원룸,50000,37.543823199999984,126.970261,https://ic.zigbang.com/ic/items/47049701/1.jpg
용산구,동자동,47050975,숙대 대로변 깔끔한 원룸 숙대입구역 도보5분이내,용산구 청파동2가,서울시,용산구,청파동2가,9000,0,19,2,원룸,40000,37.5452815257206,126.967550702339,https://ic.zigbang.com/ic/items/47050975/1.jpg
용산구,동자동,47053083,더블역세권 분리형,용산구 청파동3가,서울시,용산구,청파동3가,3000,100,28.2,1,원룸,80000,37.5438366406729,126.970120417902,https://ic.zigbang.com/ic/items/47053083/1.jpg
용산구,동자동,47053742,1.5룸 더블역세권 주차가능 풀옵션,용산구 청파동3가,서울시,용산구,청파동3가,3000,100,43,1,원룸,80000,37.5438366406731,126.970120417902,https://ic.zigbang.com/ic/items/47053742/1.jpg
용산구,동자동,47054909,후암삼거리 신축2년차 복층형 풀옵션 원룸. 테라스,용산구 후암동,서울시,용산구,후암동,26000,0,24.13,4,원룸,70000,37.5526401844393,126.977766456505,https://ic.zigbang.com/ic/items/47054909/1.jpg
용산구,동자동,47058973,역세권 채광좋으며 넓은방 풀옵션,용산구 갈월동,서울시,용산구,갈월동,500,60,26.45,1,원룸,30000,37.54648208618164,126.97318267822266,https://ic.zigbang.com/ic/items/47058973/1.jpg
용산구,동자동,47060454,.보안 좋은 남산트윈시티오피스텔 G타입 전입 되는 월세,용산구 동자동,서울특별시,용산구,동자동,1000,113,59.5,21,오피스텔,180000,37.5505734,126.972664,https://ic.zigbang.com/ic/items/47060454/1.jpg
용산구,동자동,47060538,트윈시티오피스텔 에프타입 전세 전입가능,용산구 동자동,서울특별시,용산구,동자동,29000,0,56,12,오피스텔,200000,37.5505734,126.972664,https://ic.zigbang.com/ic/items/47060538/1.jpg
용산구,동자동,47062620,치안굿 위치굿 보안굿 여성전용입니다,용산구 청파동2가,서울시,용산구,청파동2가,2000,85,25.08,2,원룸,100000,37.5450578133662,126.967245160504,https://ic.zigbang.com/ic/items/47062620/1.jpg
용산구,동자동,47062639,더블역세권 가성비좋은 리모델링 원룸,용산구 청파동3가,서울시,용산구,청파동3가,1000,60,18,3,원룸,50000,37.5435848133045,126.968735948682,https://ic.zigbang.com/ic/items/47062639/1.jpg
용산구,동자동,47062949,여성가능 숙대입구역 인근 풀옵션  원룸,용산구 청파동2가,서울시,용산구,청파동2가,1000,65,19.83,2,원룸,80000,37.54554948185441,126.96888596834845,https://ic.zigbang.com/ic/items/47062949/1.jpg
용산구,동자동,47065061,주소전입가능 버팀목대출가능하고 교통편리한 트윈시티남산 전세,용산구 동자동,서울특별시,용산구,동자동,26000,0,56.42,21,오피스텔,200000,37.5505734,126.972664,https://ic.zigbang.com/ic/items/47065061/1.jpg
용산구,동자동,47065078,"주소전입, 버팀목대출 가능한 교통편리한  트윈시티남산 전세",용산구 동자동,서울특별시,용산구,동자동,29000,0,62.74,12,오피스텔,220000,37.5505734,126.972664,https://ic.zigbang.com/ic/items/47065078/1.jpg
용산구,동자동,47065335,"주소전입가능,  교통편리한 트윈시티남산 월세",용산구 동자동,서울특별시,용산구,동자동,1000,140,62.74,4,오피스텔,220000,37.5505734,126.972664,https://ic.zigbang.com/ic/items/47065335/1.jpg
용산구,동자동,47067211,등기깔끔 내부사이즈아담 남영역세권,용산구 청파동3가,서울시,용산구,청파동3가,4000,25,13.22,3,원룸,50000,37.542471767936256,126.96926744395948,https://ic.zigbang.com/ic/items/47067211/1.jpg
용산구,문배동,46645904,자이오피스텔 22타입 분리형 구조 전입가능한 전세,용산구 한강로1가,서울특별시,용산구,한강로1가,35000,0,72.73,5,오피스텔,120000,37.5370898,126.97203,https://ic.zigbang.com/ic/items/46645904/1.jpg
용산구,문배동,46768505,1호선호텔급풀옵션.전입불가.1.5룸분리형 남산뷰.스타일러등,용산구 문배동,서울특별시,용산구,문배동,2000,135,36.92,12,오피스텔,130000,37.5382108999558,126.970526938135,https://ic.zigbang.com/ic/items/46768505/1.jpg
용산구,문배동,46821493,전입 X일반사업자0 초역세권 4개역5개노선 도보이용 복층,용산구 문배동,서울특별시,용산구,문배동,1000,75,29,중,오피스텔,100000,37.5371322631836,126.968360900879,https://ic.zigbang.com/ic/items/46821493/1.jpg
용산구,문배동,46824213,전용15 사업자 전입x 넓은주방 주차편리 지하철연결,용산구 한강로2가,서울특별시,용산구,한강로2가,2000,220,107.32,14,오피스텔,200000,37.528819,126.966652,https://ic.zigbang.com/ic/items/46824213/1.jpg
용산구,문배동,46888407,여성만가능 위치굿 치안굿 인기만점,용산구 원효로1가,서울시,용산구,원효로1가,13000,0,12.9,2,원룸,80000,37.54091099512307,126.96835382144856,https://ic.zigbang.com/ic/items/46888407/1.jpg
용산구,문배동,46911534,남영역 다올오피스텔 반전세 버팀목가능,용산구 청파동3가,서울특별시,용산구,청파동3가,18400,10,39.67,15,오피스텔,100000,37.5418557,126.970421,https://ic.zigbang.com/ic/items/46911534/1.jpg
용산구,문배동,46912189,용산더힐센트럴파크뷰 1.5룸. 사업자 부가세별도,용산구 문배동,서울특별시,용산구,문배동,2000,125,46.28,11,오피스텔,130000,37.5382108999558,126.970526938135,https://ic.zigbang.com/ic/items/46912189/1.jpg
용산구,문배동,46918462,채원오피스텔 원룸형 구조 반월세.전입가능.전세대출가능,용산구 원효로1가,서울특별시,용산구,원효로1가,15000,55,49.59,12,오피스텔,100000,37.5390985,126.9698,https://ic.zigbang.com/ic/items/46918462/1.jpg
용산구,문배동,46949357,신축3년차 더힐센트럴파크뷰 1.5룸 전입가능한 분리형 월세,용산구 문배동,서울특별시,용산구,문배동,2000,130,49.59,11,오피스텔,135000,37.5382108999558,126.970526938135,https://ic.zigbang.com/ic/items/46949357/1.jpg
용산구,문배동,46950480,"1.4.6호선.전입대출가능.하이앤드풀옵션,탁트인남향",용산구 원효로1가,서울특별시,용산구,원효로1가,50000,0,60,저,오피스텔,0,37.5399631,126.968332,https://ic.zigbang.com/ic/items/46950480/1.jpg
용산구,문배동,46952033,신축4년차 더힐오피스텔 탁트인 남산뷰.구조 좋은라인 전세,용산구 문배동,서울특별시,용산구,문배동,40000,0,66.12,17,오피스텔,150000,37.5382108999558,126.970526938135,https://ic.zigbang.com/ic/items/46952033/1.jpg
용산구,문배동,46958901,실제는 방3개 전입및대출되고.주차는 우선주차입니다.,용산구 한강로2가,서울시,용산구,한강로2가,40000,0,53.46,2,원룸,50000,37.5314296181691,126.972824365633,https://ic.zigbang.com/ic/items/46958901/1.jpg
용산구,문배동,46979969,1.4.6호선 신축3년차.호텔급풀옵션.1.5분리형.전입불가,용산구 문배동,서울특별시,용산구,문배동,2000,135,35.5,6,오피스텔,135000,37.5382108999558,126.970526938135,https://ic.zigbang.com/ic/items/46979969/1.jpg
용산구,문배동,46990227,전입0용산역1.6호선도보.즉시입주.호텔급풀옵션.스타일러등.,용산구 원효로2가,서울특별시,용산구,원효로2가,3000,125,55.28,14,오피스텔,150000,37.5348173443943,126.961096063474,https://ic.zigbang.com/ic/items/46990227/1.jpg
용산구,문배동,46990504,삼각지역 자이 구조좋은 원룸형 동향.리모델링. 로얄층 월세,용산구 한강로1가,서울특별시,용산구,한강로1가,2000,105,62.8,고,오피스텔,130000,37.5370898,126.97203,https://ic.zigbang.com/ic/items/46990504/1.jpg
용산구,문배동,46992138,용산 최고의 교통요지입지 하이앤드 풀옵션 오피스텔 복층,용산구 원효로1가,서울특별시,용산구,원효로1가,3000,230,58,중,오피스텔,140000,37.5399631,126.968332,https://ic.zigbang.com/ic/items/46992138/1.jpg
용산구,문배동,46993576,용산역도보이용.전입가능.대출가능 용산에서제일럭셔리한집.,용산구 원효로2가,서울특별시,용산구,원효로2가,48000,0,61,중,오피스텔,200000,37.5348173443943,126.961096063474,https://ic.zigbang.com/ic/items/46993576/1.jpg
용산구,문배동,46993635,용산역도보이용.럭셔리한통원룸.탁트인남향.호텔급풀옵션,용산구 원효로2가,서울특별시,용산구,원효로2가,3000,130,55,13,오피스텔,150000,37.5348173443943,126.961096063474,https://ic.zigbang.com/ic/items/46993635/1.jpg
용산구,문배동,46999759,전입대출보험0 주임사 신축4년된  초역세권  화이트톤풀옵션,용산구 원효로1가,서울특별시,용산구,원효로1가,15000,55,46.73,10,오피스텔,120000,37.5390985,126.9698,https://ic.zigbang.com/ic/items/46999759/1.jpg
용산구,문배동,47006890,신용산역에서 가깝고  발코니 있고 깨끗해요.,용산구 한강로2가,서울시,용산구,한강로2가,1000,70,27.84,7,원룸,55000,37.5314237696996,126.968843753928,https://ic.zigbang.com/ic/items/47006890/1.jpg
용산구,문배동,47030320,전입 전세. 벽산오피스텔 . 원룸형 구조로 버팀목 가능,용산구 한강로2가,서울특별시,용산구,한강로2가,26000,0,59.5,중,오피스텔,120000,37.5322779,126.96952,https://ic.zigbang.com/ic/items/47030320/1.jpg
용산구,문배동,47030419,신용산역 벽산오피스텔. 전입가능 버팀목가능 보증보험가능,용산구 한강로2가,서울특별시,용산구,한강로2가,27900,0,63,중,오피스텔,130000,37.5322779,126.96952,https://ic.zigbang.com/ic/items/47030419/1.jpg
용산구,문배동,47038937,위치굿 여성전용 치안굿,용산구 원효로1가,서울시,용산구,원효로1가,13000,0,12.9,2,원룸,80000,37.5409107246347,126.968353142655,https://ic.zigbang.com/ic/items/47038937/1.jpg
용산구,문배동,47047217,전입가능.대출가능1.4.6.호선 하이앤드풀옵션 2룸복층,용산구 원효로1가,서울특별시,용산구,원효로1가,58000,0,58.17,8,오피스텔,130000,37.5399631,126.968332,https://ic.zigbang.com/ic/items/47047217/1.jpg
용산구,문배동,47047306,전입가능.1.4호선역세권.비데건조기스타일러등풀옵션.대출가능,용산구 문배동,서울특별시,용산구,문배동,40000,0,50,고,오피스텔,155000,37.5382108999558,126.970526938135,https://ic.zigbang.com/ic/items/47047306/1.jpg
용산구,문배동,47047339,"전입가능, 사업자가능도가능, 앞이 트인집,",용산구 문배동,서울특별시,용산구,문배동,2000,145,49,7,오피스텔,150000,37.53861618041992,126.97032928466795,https://ic.zigbang.com/ic/items/47047339/1.jpg
용산구,문배동,47047475,"남영역, 숙대입구역, 버스노선도 좋아요, 확트인집,",용산구 원효로1가,서울특별시,용산구,원효로1가,1000,78,27,15,오피스텔,120000,37.54096221923828,126.9703369140625,https://ic.zigbang.com/ic/items/47047475/1.jpg
용산구,문배동,47047564,"남영역3분, 숙대입구역, 버스노선도 좋아요, 깨끗합니다.",용산구 원효로1가,서울특별시,용산구,원효로1가,1000,75,30,10,오피스텔,120000,37.54096221923828,126.9703369140625,https://ic.zigbang.com/ic/items/47047564/1.jpg
용산구,문배동,47050558,방2개 신혼부부살고있고  전망좋고  역에서 가까워요,용산구 한강로2가,서울시,용산구,한강로2가,25000,0,57,6,원룸,80000,37.5304722495244,126.971076654684,https://ic.zigbang.com/ic/items/47050558/1.jpg
용산구,문배동,47050605,초역세권이고 도보3분   밝고 깔끔합니다.전입안됩니다.,용산구 한강로2가,서울시,용산구,한강로2가,3000,40,29.07,3,원룸,57000,37.5305215147223,126.972119180983,https://ic.zigbang.com/ic/items/47050605/1.jpg
용산구,문배동,47050621,깨끗하고  밝은 원룸 전입안되고 주차는 우선 주차입니다.,용산구 한강로2가,서울시,용산구,한강로2가,1000,60,22.56,2,원룸,50000,37.531692442647,126.97206240267,https://ic.zigbang.com/ic/items/47050621/1.jpg
용산구,문배동,47050693,전입되구요.엘리베이터 있어요.전용 주차장도 있어요.,용산구 한강로1가,서울시,용산구,한강로1가,1000,66,14.76,3,원룸,55000,37.5325497694008,126.973738120286,https://ic.zigbang.com/ic/items/47050693/1.jpg
용산구,문배동,47052797,삼각지역에서 가깝고 전입은 안됩니다.,용산구 한강로2가,서울시,용산구,한강로2가,1000,60,25.25,3,원룸,55000,37.5324372688682,126.972311369132,https://ic.zigbang.com/ic/items/47052797/1.jpg
용산구,문배동,47055676,"전입가능, 전세반환보증보험가능, 남영역3분, 숙대입구역,",용산구 청파동3가,서울특별시,용산구,청파동3가,17700,15,27,7,오피스텔,120000,37.5418557,126.970421,https://ic.zigbang.com/ic/items/47055676/1.jpg
용산구,문배동,47056238,다올오피스텔 전세 남영역 바로앞 전입신고.전세대출가능,용산구 청파동3가,서울특별시,용산구,청파동3가,17700,15,42.98,7,오피스텔,100000,37.5418557,126.970421,https://ic.zigbang.com/ic/items/47056238/1.jpg
용산구,문배동,47057003,전입되고  베란다 있어요.사진은 준비중입니다.,용산구 한강로2가,서울시,용산구,한강로2가,1000,70,26.46,5,원룸,55000,37.5318580717004,126.971788660789,https://ic.zigbang.com/ic/items/47057003/1.jpg
용산구,문배동,47060206,용산더힐센트럴파크뷰 분리형 전입가능,용산구 문배동,서울특별시,용산구,문배동,32000,0,44,13,오피스텔,135000,37.5382108999558,126.970526938135,https://ic.zigbang.com/ic/items/47060206/1.jpg
용산구,문배동,47065016,주소전입가능하고  교통편리한  더힐센트럴파크뷰  귀한전세,용산구 문배동,서울특별시,용산구,문배동,32000,0,36.92,15,오피스텔,120000,37.5382108999558,126.970526938135,https://ic.zigbang.com/ic/items/47065016/1.jpg
용산구,문배동,47065038,"주소전입가능, 교통편리한 큐브오피스텔  월세",용산구 문배동,서울특별시,용산구,문배동,1000,80,22.35,17,오피스텔,90000,37.5371322631836,126.968360900879,https://ic.zigbang.com/ic/items/47065038/1.jpg
용산구,문배동,47065047,주소전입가능. 교통편리한 더힐센트럴파크뷰 월세,용산구 문배동,서울특별시,용산구,문배동,30000,45,51.46,8,오피스텔,150000,37.5382108999558,126.970526938135,https://ic.zigbang.com/ic/items/47065047/1.jpg
용산구,문배동,47065056,"주소전입가능, 교통편리한 더힐센트럴파크뷰 월세",용산구 문배동,서울특별시,용산구,문배동,2000,130,36.92,15,오피스텔,120000,37.5382108999558,126.970526938135,https://ic.zigbang.com/ic/items/47065056/1.jpg
용산구,문배동,47065087,"주소전입가능, 전세자금대출가능한 프라임팰리스 반전세",용산구 문배동,서울특별시,용산구,문배동,12600,28,37.64,13,오피스텔,80000,37.53670501708984,126.96953582763672,https://ic.zigbang.com/ic/items/47065087/1.jpg
용산구,문배동,47065096,"주소전입가능, 버팀목대출가능한   벽산메가트리움 귀한 전세",용산구 한강로2가,서울특별시,용산구,한강로2가,27000,0,60.11,9,오피스텔,110000,37.5322779,126.96952,https://ic.zigbang.com/ic/items/47065096/1.jpg
용산구,문배동,47066559,삼각지역 도보 5분 밝고 조용합니다.직접보시면 맘에 들어요,용산구 용산동3가,서울시,용산구,용산동3가,1000,50,23.72,1,원룸,40000,37.5314591672308,126.973602172475,https://ic.zigbang.com/ic/items/47066559/1.jpg
용산구,문배동,47066610,역세권  조용하고 깨끗한 원룸입니다. 발코니도 있어요.,용산구 한강로2가,서울시,용산구,한강로2가,1000,60,18.6,4,원룸,45000,37.5313652122084,126.972892384313,https://ic.zigbang.com/ic/items/47066610/1.jpg
용산구,보광동,46746578,몬트레아한남 115타입 최저가실매물 즉시입주 전입신고불가,용산구 한남동,서울특별시,용산구,한남동,10000,300,115.04,6,오피스텔,350000,37.5336872,127.006811,https://ic.zigbang.com/ic/items/46746578/1.jpg
용산구,보광동,46862255,풀옵션 단기임대 가구 가전 식기 완비,용산구 한남동,서울특별시,용산구,한남동,490,490,115.04,3,오피스텔,0,37.5336872,127.006811,https://ic.zigbang.com/ic/items/46862255/1.jpg
용산구,보광동,46940600,한남동 하이엔드 주거브랜드 브라이튼한남,용산구 한남동,서울특별시,용산구,한남동,5000,550,144.49,6,오피스텔,400000,37.5319726,127.007603,https://ic.zigbang.com/ic/items/46940600/1.jpg
용산구,보광동,46952476,"ㅁ실매물,실가격ㅁ최고층 한강뷰 반전세 가능",용산구 한남동,서울특별시,용산구,한남동,180000,0,235.93,16,오피스텔,0,37.5319726,127.007603,https://ic.zigbang.com/ic/items/46952476/1.jpg
용산구,보광동,46954851,l 한강뷰 l 브라이튼한남 전호실 보여드릴수 있습니다.,용산구 한남동,서울특별시,용산구,한남동,180000,0,253.13,고,오피스텔,0,37.5319726,127.007603,https://ic.zigbang.com/ic/items/46954851/1.jpg
용산구,보광동,46974459,전세자금대출.이태원역 2분 풀옵션 2룸전세,용산구 이태원동,서울특별시,용산구,이태원동,30000,0,50.08,3,오피스텔,60000,37.5336129,126.993695,https://ic.zigbang.com/ic/items/46974459/1.jpg
용산구,보광동,47007221,브라이튼한남 최저가 세대 · 전호실 보유중,용산구 한남동,서울특별시,용산구,한남동,10000,400,87.52,중,오피스텔,0,37.5319726,127.007603,https://ic.zigbang.com/ic/items/47007221/1.jpg
용산구,보광동,47035319,"전월세 가능,금액조정 유동적,적극적으로협의하겠습니다",용산구 한남동,서울특별시,용산구,한남동,50000,950,146.45,15,오피스텔,500000,37.5319726,127.007603,https://ic.zigbang.com/ic/items/47035319/1.jpg
용산구,보광동,47038876,"한강뷰,대형1룸,신축 첫 입주,적극 협의 가능",용산구 한남동,서울특별시,용산구,한남동,180000,0,146.45,15,오피스텔,450000,37.5319726,127.007603,https://ic.zigbang.com/ic/items/47038876/1.jpg
용산구,보광동,47055589,아파트구조로 법인대표님 1인사업가 안성맞춤,용산구 한남동,서울특별시,용산구,한남동,1000,650,181.58,고,오피스텔,600000,37.5336872,127.006811,https://ic.zigbang.com/ic/items/47055589/1.jpg
용산구,보광동,47065831,커뮤니티가 너무 좋아요 실평수가 22평 짐 많은 1인추천,용산구 한남동,서울특별시,용산구,한남동,10000,500,133.49,중,오피스텔,500000,37.5319726,127.007603,https://ic.zigbang.com/ic/items/47065831/1.jpg
용산구,신계동,46819548,전용9 사무용 전입x 주차편리 커뮤니티굿 즉시입주가능,용산구 한강로2가,서울특별시,용산구,한강로2가,2000,140,74.75,15,오피스텔,150000,37.5274068,126.965359,https://ic.zigbang.com/ic/items/46819548/1.jpg
용산구,신계동,46896412,전용8 전입가능 대출가능  주처편리 커뮤니티굿,용산구 한강로2가,서울특별시,용산구,한강로2가,35000,0,64.23,29,오피스텔,150000,37.5274068,126.965359,https://ic.zigbang.com/ic/items/46896412/1.jpg
용산구,신계동,46956960,전용14 전입가능 대출가능  분리형 넓은주방 주차편리,용산구 한강로2가,서울특별시,용산구,한강로2가,59000,0,115.93,고,오피스텔,200000,37.5274068,126.965359,https://ic.zigbang.com/ic/items/46956960/1.jpg
용산구,신계동,46958395,전용8 남동향 전입가능 대출가능 주차편리 커뮤니티굿,용산구 한강로2가,서울특별시,용산구,한강로2가,35000,0,64.23,29,오피스텔,150000,37.5274068,126.965359,https://ic.zigbang.com/ic/items/46958395/1.jpg
용산구,신계동,46959376,전용13 사업자 전입x 분리형 넓은주방 커뮤니티굿,용산구 한강로2가,서울특별시,용산구,한강로2가,3000,220,116.79,21,오피스텔,200000,37.5274068,126.965359,https://ic.zigbang.com/ic/items/46959376/1.jpg
용산구,신계동,46976141,전용8 사무용 전입x 주차편리 기둥없음 커뮤니티굿,용산구 한강로2가,서울특별시,용산구,한강로2가,2000,140,64.23,37,오피스텔,150000,37.5274068,126.965359,https://ic.zigbang.com/ic/items/46976141/1.jpg
용산구,신계동,47023268,전용12 사업자 전입x 고층 분리형 넓은주방 주차편리,용산구 한강로2가,서울특별시,용산구,한강로2가,2000,210,101.15,21,오피스텔,200000,37.5274068,126.965359,https://ic.zigbang.com/ic/items/47023268/1.jpg
용산구,용산동,46784178,깔끔하고 예쁜 역세권빌라,용산구 이태원동,서울시,용산구,이태원동,9090,0,16.8,4,원룸,20000,37.5366240435724,126.987811465042,https://ic.zigbang.com/ic/items/46784178/1.jpg
용산구,용산동,46899811,"II 녹사평역 1분,예쁜 점포 사무실",용산구 이태원동,서울시,용산구,이태원동,1000,70,22,1,원룸,,37.5349322110757,126.987585116268,https://ic.zigbang.com/ic/items/46899811/1.jpg
용산구,용산동,46917170,깔끔하고 예쁜 역세권빌라,용산구 이태원동,서울시,용산구,이태원동,11000,0,16.79,2,원룸,20000,37.5366240435724,126.987811465042,https://ic.zigbang.com/ic/items/46917170/1.jpg
용산구,용산동,46950890,녹사평역 밝고 깨끗한 풀옵션 원룸,용산구 이태원동,서울시,용산구,이태원동,6000,50,38,1,원룸,30000,37.5387890478066,126.990674327255,https://ic.zigbang.com/ic/items/46950890/1.jpg
용산구,용산동,46977333,소월로 리모델링 깔끔한 풀옵션 1.5룸,용산구 이태원동,서울시,용산구,이태원동,1000,110,37.6,1,원룸,,37.5426204370619,126.990391078284,https://ic.zigbang.com/ic/items/46977333/1.jpg
용산구,용산동,47015239,"소월로 깔끔한 투룸, 방2,옵션O",용산구 이태원동,서울시,용산구,이태원동,1500,60,47.84,1,원룸,50000,37.5431315893898,126.990580660025,https://ic.zigbang.com/ic/items/47015239/1.jpg
용산구,용산동,47026000,깔끔 쾌적한 가성비 최고의 원룸,용산구 이태원동,서울시,용산구,이태원동,500,50,30,반지하,원룸,,37.537094166933,126.989492166643,https://ic.zigbang.com/ic/items/47026000/1.jpg
용산구,용산동,47040242,"녹사평역 아담 깨끗한 원룸, 허그 버팀목 LH 가능",용산구 이태원동,서울시,용산구,이태원동,9000,0,17.28,4,원룸,20000,37.5366240435724,126.987811465042,https://ic.zigbang.com/ic/items/47040242/1.jpg
용산구,용산동,47058965,"예쁘고 감성있는 빌라,보증금조절가능",용산구 이태원동,서울시,용산구,이태원동,3000,130,51.57,3,원룸,,37.537094166933,126.989492166643,https://ic.zigbang.com/ic/items/47058965/1.jpg
용산구,원효로,47067616,용산역 초역세권 신축급 투룸,용산구 한강로3가,서울특별시,용산구,한강로3가,3000,190,52.03,10,오피스텔,150000,37.5250234,126.964472,https://ic.zigbang.com/ic/items/47067616/1.jpg
용산구,이촌동,46769619,테라스. 반려동물가능. 외국인계약가능. 전입신고가능.,용산구 한강로3가,서울특별시,용산구,한강로3가,2000,223,35,11,오피스텔,200000,37.5248366,126.963108,https://ic.zigbang.com/ic/items/46769619/1.jpg
용산구,이촌동,46801290,"전용5 전입가능 주차가능 인덕션x 세탁기x 공동주방,세탁실",용산구 한강로3가,서울특별시,용산구,한강로3가,1000,131,38.35,4,오피스텔,110000,37.5248366,126.963108,https://ic.zigbang.com/ic/items/46801290/1.jpg
용산구,이촌동,46951809,실208만. 1개월무료. 전입신고 가능. 6개월 계약가능,용산구 한강로3가,서울특별시,용산구,한강로3가,2000,227,58.01,고,오피스텔,200000,37.5248366,126.963108,https://ic.zigbang.com/ic/items/46951809/1.jpg
