﻿search_gu,search_dong,item_id,title,address,local1,local2,local3,deposit,rent,size_m2,floor,service_type,manage_cost,lat,lng,thumbnail
노원구,공릉동,46725614,역세권 리모델링하고 전용이 넓은 오피스텔,노원구 공릉동,서울특별시,노원구,공릉동,1000,80,44.4,8,오피스텔,120000,37.617701030714,127.074603392674,https://ic.zigbang.com/ic/items/46725614/1.jpg
노원구,공릉동,46735899,풀옵션원룸입니다. 근저당 없습니다,노원구 공릉동,서울시,노원구,공릉동,500,40,16.53,2,원룸,80000,37.6230062266257,127.075451691621,https://ic.zigbang.com/ic/items/46735899/1.jpg
노원구,공릉동,46735913,근저당無 2017년풀옵션원룸2층 과기대도보10분,노원구 공릉동,서울시,노원구,공릉동,4000,0,13.22,2,원룸,70000,37.62364573051778,127.08065298191852,https://ic.zigbang.com/ic/items/46735913/1.jpg
노원구,공릉동,46817890,엘베..보증금 조정 가능,노원구 월계동,서울시,노원구,월계동,1000,60,19.06,3,원룸,80000,37.6204236675146,127.062275575935,https://ic.zigbang.com/ic/items/46817890/1.jpg
노원구,공릉동,46824468,공릉역 도보 5분이내 l 풀옵션,노원구 공릉동,서울시,노원구,공릉동,1000,60,12.42,2,원룸,,37.6258926986954,127.075763523908,https://ic.zigbang.com/ic/items/46824468/1.jpg
노원구,공릉동,46836303,베란다큰옷장 과기대도보공릉역5분 완전풀옵션원룸 과기대생,노원구 공릉동,서울시,노원구,공릉동,1000,39,14.64,5,원룸,95000,37.6247506377948,127.076693512557,https://ic.zigbang.com/ic/items/46836303/1.jpg
노원구,공릉동,46836512,한국학생만 철길공원앞집과기대도보공릉역8분 완전풀옵션원룸,노원구 공릉동,서울시,노원구,공릉동,200,28,16.53,반지하,원룸,70000,37.6245847951363,127.07788717973,https://ic.zigbang.com/ic/items/46836512/1.jpg
노원구,공릉동,46836593,오늘입주 i 후문1분 I 엘베주차 I 세스코 I 전세가능,노원구 월계동,서울시,노원구,월계동,3000,50,19.83,3,원룸,80000,37.6204236675146,127.062275575935,https://ic.zigbang.com/ic/items/46836593/1.jpg
노원구,공릉동,46848069,공릉역 초역세권의 베란다 있는 남향 원룸 전세,노원구 공릉동,서울시,노원구,공릉동,4000,0,14,3,원룸,70000,37.6246802005911,127.073980993351,https://ic.zigbang.com/ic/items/46848069/1.jpg
노원구,공릉동,46857439,"복층형 풀옵션 원룸, 과기대생환영, 가성비갑원룸, 주차가능",노원구 공릉동,서울시,노원구,공릉동,3000,45,18,3,원룸,70000,37.6237872727133,127.076461891132,https://ic.zigbang.com/ic/items/46857439/1.jpg
노원구,공릉동,46875773,융자무 과기대도보공릉역4분 깔끔한 풀옵션원룸 대출안됨,노원구 공릉동,서울시,노원구,공릉동,8000,0,18,1,원룸,70000,37.6266657307837,127.076205652201,https://ic.zigbang.com/ic/items/46875773/1.jpg
노원구,공릉동,46876041,과기대도보공릉역4분 안전한위치 완전풀옵션원룸,노원구 공릉동,서울시,노원구,공릉동,1000,43,18,2,원룸,70000,37.6277622952901,127.072968693569,https://ic.zigbang.com/ic/items/46876041/1.jpg
노원구,공릉동,46886186,추천...태릉입구역 5분거리에 깨끗한 원룸 강추합니다,노원구 공릉동,서울시,노원구,공릉동,300,30,16.5289,반지하,원룸,60000,37.62005687474807,127.07412468386605,https://ic.zigbang.com/ic/items/46886186/1.jpg
노원구,공릉동,46889872,광운대 후문1분 넓은 원룸 I 관포61만원 I 즉시입주가능,노원구 월계동,서울시,노원구,월계동,1000,55,20,3,원룸,60000,37.621142319719,127.061195325818,https://ic.zigbang.com/ic/items/46889872/1.jpg
노원구,공릉동,46891354,"과기대, 서울여대생, 학생보안굿, 깨끗한 풀옵션원룸",노원구 공릉동,서울시,노원구,공릉동,1000,45,16.53,2,원룸,70000,37.6230456751181,127.079722000051,https://ic.zigbang.com/ic/items/46891354/1.jpg
노원구,공릉동,46893428,과기대도보공릉역8분 저렴한 완전풀옵션원룸,노원구 공릉동,서울시,노원구,공릉동,300,45,16,2,원룸,70000,37.6252332432717,127.078011557049,https://ic.zigbang.com/ic/items/46893428/1.jpg
노원구,공릉동,46894936,"화랑대역,태릉입구역,분리형원룸,신축급",노원구 공릉동,서울시,노원구,공릉동,1000,40,16.5,1,원룸,50000,37.621199825792,127.081039998393,https://ic.zigbang.com/ic/items/46894936/1.jpg
노원구,공릉동,46896700,"과기대정문 도보5분, 공릉역도보10분거리",노원구 공릉동,서울시,노원구,공릉동,7000,0,16.53,3,원룸,70000,37.6266593069094,127.080056187447,https://ic.zigbang.com/ic/items/46896700/1.jpg
노원구,공릉동,46898356,"창문 2개 깨끗한 풀옵션 원룸 ,공릉동 철길공원 인근",노원구 공릉동,서울시,노원구,공릉동,500,45,16.5,2,원룸,50000,37.6203623697301,127.076847471578,https://ic.zigbang.com/ic/items/46898356/1.jpg
노원구,공릉동,46905384,"방이 크고 햇볕 잘듦, 공릉역.태릉역4분",노원구 공릉동,서울시,노원구,공릉동,1000,40,23.14,5,원룸,70000,37.62242665417,127.073400152411,https://ic.zigbang.com/ic/items/46905384/1.jpg
노원구,공릉동,46908303,밝은남향 과기대도보공릉역5분 깔끔한 풀옵션원룸,노원구 공릉동,서울시,노원구,공릉동,500,32,19,반지하,원룸,80000,37.628037440341,127.073140360205,https://ic.zigbang.com/ic/items/46908303/1.jpg
노원구,공릉동,46914056,"과기대 가까운 옵션있는 원룸, 깔끔한 원룸, 날짜협의",노원구 공릉동,서울시,노원구,공릉동,1000,50,16.5,3,원룸,80000,37.6284941537877,127.074145297013,https://ic.zigbang.com/ic/items/46914056/1.jpg
노원구,공릉동,46916037,추천..화랑대역 5분거리 위치좋은  깨끗한 원룸 강추,노원구 공릉동,서울시,노원구,공릉동,1000,45,16.5289,3,원룸,70000,37.621212666041664,127.08123484180292,https://ic.zigbang.com/ic/items/46916037/1.jpg
노원구,공릉동,46916338,추천..6호선 화랑대역 5분 넓고 깨끗한 원룸 강추,노원구 공릉동,서울시,노원구,공릉동,500,40,16.5289,2,원룸,60000,37.62163070200429,127.08126701327636,https://ic.zigbang.com/ic/items/46916338/1.jpg
노원구,공릉동,46916363,추천..지하철6.7호선 태릉입구역 5분거리 원룸 강추,노원구 공릉동,서울시,노원구,공릉동,500,40,16.5289,1,원룸,60000,37.621185066644976,127.07387660358616,https://ic.zigbang.com/ic/items/46916363/1.jpg
노원구,공릉동,46916900,엘베 과기대도보공릉역4분 넓은 완전풀옵션원룸,노원구 공릉동,서울시,노원구,공릉동,1000,52,18,4,원룸,80000,37.6258926986954,127.075763523908,https://ic.zigbang.com/ic/items/46916900/1.jpg
노원구,공릉동,46926425,6개월계약가능 2017년 풀옵션원룸 과기대정문 도보10분,노원구 공릉동,서울시,노원구,공릉동,2000,25,13.22,2,원룸,60000,37.6236449182311,127.08065502002,https://ic.zigbang.com/ic/items/46926425/1.jpg
노원구,공릉동,46939939,특대 과기대도보공릉역7분 넓은 완전풀옵션원룸,노원구 공릉동,서울시,노원구,공릉동,1000,55,17.25,4,원룸,80000,37.6241105251773,127.076356194632,https://ic.zigbang.com/ic/items/46939939/1.jpg
노원구,공릉동,46950115,깨끗한 풀옵션 원룸,노원구 공릉동,서울시,노원구,공릉동,3000,30,16,2,원룸,80000,37.6254451681321,127.078670837921,https://ic.zigbang.com/ic/items/46950115/1.jpg
노원구,공릉동,46950207,철길공원 인근의 가격 대비 넓고 저렴한 월세,노원구 공릉동,서울시,노원구,공릉동,500,40,30,반지하,원룸,,37.6242326960907,127.07732914706,https://ic.zigbang.com/ic/items/46950207/1.jpg
노원구,공릉동,46950299,깔끔한 풀옵션 원룸,노원구 공릉동,서울시,노원구,공릉동,1000,45,18,1,원룸,80000,37.626493943054,127.078495791374,https://ic.zigbang.com/ic/items/46950299/1.jpg
노원구,공릉동,46950385,창2개 아주 넓고 깨끗한 풀옵션 원룸,노원구 공릉동,서울시,노원구,공릉동,500,33,19.83,반지하,원룸,70000,37.626632880777,127.079563612557,https://ic.zigbang.com/ic/items/46950385/1.jpg
노원구,공릉동,46950685,남향의 밝고 환한 원룸,노원구 공릉동,서울시,노원구,공릉동,1000,50,20,2,원룸,70000,37.6265087659589,127.079636206654,https://ic.zigbang.com/ic/items/46950685/1.jpg
노원구,공릉동,46951816,추천..7호선 태릉입구역에서 8분거리에 깨끗한 원룸,노원구 공릉동,서울시,노원구,공릉동,1000,35,16.5289,1,원룸,60000,37.62212279416804,127.07837678803529,https://ic.zigbang.com/ic/items/46951816/1.jpg
노원구,공릉동,46952231,과기대도보공릉역6분 저렴한 풀옵션원룸,노원구 공릉동,서울시,노원구,공릉동,500,38,16,1,원룸,70000,37.6249492402238,127.076516322282,https://ic.zigbang.com/ic/items/46952231/1.jpg
노원구,공릉동,46952727,"6, 7호선 태릉입구역, 관리잘된 깔끔하고 조금 넓은 원룸",노원구 공릉동,서울시,노원구,공릉동,1000,43,16.5,3,원룸,70000,37.6223501248186,127.076713927892,https://ic.zigbang.com/ic/items/46952727/1.jpg
노원구,공릉동,46958267,남향의 밝고 환한 원룸,노원구 공릉동,서울시,노원구,공릉동,1000,42,16,2,원룸,80000,37.6249246114202,127.078620673284,https://ic.zigbang.com/ic/items/46958267/1.jpg
노원구,공릉동,46958525,가격 착한 풀옵션 원룸,노원구 공릉동,서울시,노원구,공릉동,6000,0,16,2,원룸,70000,37.6256994426565,127.078781780231,https://ic.zigbang.com/ic/items/46958525/1.jpg
노원구,공릉동,46959217,큰길가 위치한 안전한 풀옵션 원룸,노원구 공릉동,서울시,노원구,공릉동,1000,47,16,2,원룸,70000,37.6253943700483,127.078373652791,https://ic.zigbang.com/ic/items/46959217/1.jpg
노원구,공릉동,46959436,큰길가 위치한 안전한 원룸,노원구 공릉동,서울시,노원구,공릉동,1000,52,18,4,원룸,80000,37.6258926986954,127.075763523908,https://ic.zigbang.com/ic/items/46959436/1.jpg
노원구,공릉동,46959447,과기대 다니기 좋은 위치의 원룸 월세,노원구 공릉동,서울시,노원구,공릉동,3000,30,15,2,원룸,80000,37.6254451681321,127.078670837921,https://ic.zigbang.com/ic/items/46959447/1.jpg
노원구,공릉동,46967659,남향 과기대도보공릉역4분 저렴한 풀옵션원룸,노원구 공릉동,서울시,노원구,공릉동,500,48,17.1,2,원룸,70000,37.6246538561968,127.074609887669,https://ic.zigbang.com/ic/items/46967659/1.jpg
노원구,공릉동,46971741,과기대도보공릉역8분 넓은 완전풀옵션원룸,노원구 공릉동,서울시,노원구,공릉동,1000,46,19,2,원룸,80000,37.6265616572394,127.078555901549,https://ic.zigbang.com/ic/items/46971741/1.jpg
노원구,공릉동,46972446,과기대도보공릉역8분 넓은 완전풀옵션원룸,노원구 공릉동,서울시,노원구,공릉동,1000,45,20,1,원룸,80000,37.626403607906,127.077900972031,https://ic.zigbang.com/ic/items/46972446/1.jpg
노원구,공릉동,46972476,안전 과기대최인근공릉역8분 넓고위치좋은완전풀옵션원룸,노원구 공릉동,서울시,노원구,공릉동,1000,52,15.47,4,원룸,80000,37.62590385082305,127.07759685988432,https://ic.zigbang.com/ic/items/46972476/1.jpg
노원구,공릉동,46972937,한국학생만 과기대도보공릉역8분 저렴한 완전풀옵션원룸,노원구 공릉동,서울시,노원구,공릉동,200,22,11,반지하,원룸,70000,37.6258940998646,127.078715716845,https://ic.zigbang.com/ic/items/46972937/1.jpg
노원구,공릉동,46973081,과기대최인근공릉역8분  완전풀옵션원룸,노원구 공릉동,서울시,노원구,공릉동,300,31,18,반지하,원룸,80000,37.62656273993613,127.0785536370672,https://ic.zigbang.com/ic/items/46973081/1.jpg
노원구,공릉동,46973216,과기대도보공릉역5분 깔끔한 완전풀옵션원룸,노원구 공릉동,서울시,노원구,공릉동,1000,50,18,3,원룸,80000,37.6284941537877,127.074145297013,https://ic.zigbang.com/ic/items/46973216/1.jpg
노원구,공릉동,46973295,"귀한 분리형 원룸, 방 넓고 깨끗합니다.",노원구 공릉동,서울시,노원구,공릉동,2000,50,35,1,원룸,60000,37.6231009719762,127.078277112803,https://ic.zigbang.com/ic/items/46973295/1.jpg
노원구,공릉동,46978171,2017년도 건축한 풀옵보션원룸 과기대정문 도보10분,노원구 공릉동,서울시,노원구,공릉동,500,40,13.22,2,원룸,60000,37.6241648200077,127.080211081115,https://ic.zigbang.com/ic/items/46978171/1.jpg
노원구,공릉동,46981327,"LH,SH대출기능 풀옵션원룸근저당 없음",노원구 공릉동,서울시,노원구,공릉동,4500,0,16.53,2,원룸,80000,37.6230062266257,127.075451691621,https://ic.zigbang.com/ic/items/46981327/1.jpg
노원구,공릉동,47001071,과기대도보공릉역4분 저렴한 풀옵션원룸,노원구 공릉동,서울시,노원구,공릉동,500,45,16,1,원룸,70000,37.6264859518947,127.076115750143,https://ic.zigbang.com/ic/items/47001071/1.jpg
노원구,공릉동,47004010,철길공원인근과기대도보공릉역6분 넓고 완전풀옵션,노원구 공릉동,서울시,노원구,공릉동,3000,30,19,1,원룸,70000,37.62434355985438,127.0772644670586,https://ic.zigbang.com/ic/items/47004010/1.jpg
노원구,공릉동,47008619,㉧후문1분㉧보증금UPDOWN㉧엘베 주차장㉧1월말후,노원구 월계동,서울시,노원구,월계동,1000,39,16.53,3,원룸,50000,37.6203722444318,127.062060316839,https://ic.zigbang.com/ic/items/47008619/1.jpg
노원구,공릉동,47009604,"화랑대역3분거리,신축급원룸",노원구 공릉동,서울시,노원구,공릉동,1000,40,16.5,2,원룸,80000,37.6211899022709,127.081841620032,https://ic.zigbang.com/ic/items/47009604/1.jpg
노원구,공릉동,47013118,"작은방, 채광좋음, 공릉역2분, 입지좋습니다.",노원구 공릉동,서울시,노원구,공릉동,500,30,14,4,원룸,30000,37.6263982388275,127.074352557994,https://ic.zigbang.com/ic/items/47013118/1.jpg
노원구,공릉동,47017729,과기대도보공릉역5분 깔끔한 완전풀옵션원룸,노원구 공릉동,서울시,노원구,공릉동,3000,33,18,2,원룸,80000,37.6250939131809,127.075717854745,https://ic.zigbang.com/ic/items/47017729/1.jpg
노원구,공릉동,47021262,"LH, SH가능한 원룸, 날짜협의, 타원룸보다 넓음",노원구 공릉동,서울시,노원구,공릉동,9000,0,20,3,원룸,150000,37.6244282697601,127.080076676856,https://ic.zigbang.com/ic/items/47021262/1.jpg
노원구,공릉동,47021303,"과기대생 인기원룸, 깨끗한 풀옵션 원룸, 보완 굿",노원구 공릉동,서울시,노원구,공릉동,1000,50,16.5,2,원룸,70000,37.6244260612982,127.078129428659,https://ic.zigbang.com/ic/items/47021303/1.jpg
노원구,공릉동,47028909,6평동향 창문2개 채광환기 SSSS급 후문1분 풀옵션 원룸,노원구 월계동,서울시,노원구,월계동,1000,60,20,4,원룸,70000,37.6213033957568,127.061234876888,https://ic.zigbang.com/ic/items/47028909/1.jpg
노원구,공릉동,47029087,신축급풀옵션원룸귀한6평리모델링완료 후문30초,노원구 월계동,서울시,노원구,월계동,500,53,18.18,3,원룸,60000,37.6197919225889,127.061362992463,https://ic.zigbang.com/ic/items/47029087/1.jpg
노원구,공릉동,47033850,"화랑대,태릉입구역, 깔끔하고 컨디션 좋은 풀옵션 원룸",중랑구 묵동,서울시,중랑구,묵동,500,45,16.52,2,원룸,50000,37.6179746966735,127.080841450265,https://ic.zigbang.com/ic/items/47033850/1.jpg
노원구,공릉동,47034894,과기대도보공릉역5분 저렴한 완전풀옵션원룸,노원구 공릉동,서울시,노원구,공릉동,2000,33,18,2,원룸,70000,37.62524605964474,127.0749182588207,https://ic.zigbang.com/ic/items/47034894/1.jpg
노원구,공릉동,47034933,"과기대추천, 풀옵션원룸, 반듯하고 구조좋음, 채광 굿",노원구 공릉동,서울시,노원구,공릉동,1000,50,16.5,2,원룸,70000,37.6281671317131,127.073076708678,https://ic.zigbang.com/ic/items/47034933/1.jpg
노원구,공릉동,47036221,강추..6.7호선 태릉입구역 5분거리  깨끗한 원룸 입니다,노원구 공릉동,서울시,노원구,공릉동,500,43,16.53,1,원룸,80000,37.61988780403225,127.07362159302004,https://ic.zigbang.com/ic/items/47036221/1.jpg
노원구,공릉동,47036251,추천..6호선 화랑대역5분거리 신축급 풀옵션 원룸 강추,노원구 공릉동,서울시,노원구,공릉동,6500,0,16.5289,1,원룸,60000,37.621962728087176,127.08059226114842,https://ic.zigbang.com/ic/items/47036251/1.jpg
노원구,공릉동,47036444,지하철6.7호선 태릉입구역5분거리에 위치 좋은 깨끗한 원룸,노원구 공릉동,서울시,노원구,공릉동,1000,45,5,2,원룸,50000,37.6203623697301,127.076847471578,https://ic.zigbang.com/ic/items/47036444/1.jpg
노원구,공릉동,47037372,쾌적한 풀옵션원룸 과기대도보거리,노원구 공릉동,서울시,노원구,공릉동,1000,43,18.5,2,원룸,70000,37.6277622952901,127.072968693569,https://ic.zigbang.com/ic/items/47037372/1.jpg
노원구,공릉동,47037579,저렴한 가격 풀옵션원룸 과기대도보거리,노원구 공릉동,서울시,노원구,공릉동,1000,42,18,1,원룸,70000,37.6242276605225,127.07813465833,https://ic.zigbang.com/ic/items/47037579/1.jpg
노원구,공릉동,47037747,가격대비 좋은 풀옵션원룸,노원구 공릉동,서울시,노원구,공릉동,300,45,19.83,1,원룸,70000,37.6252332432717,127.078011557049,https://ic.zigbang.com/ic/items/47037747/1.jpg
노원구,공릉동,47038013,풀옵션원룸으로 대로인접 여학생도안전 가격저렴,노원구 공릉동,서울시,노원구,공릉동,1000,41,18,2,원룸,70000,37.6272815068952,127.075156948217,https://ic.zigbang.com/ic/items/47038013/1.jpg
노원구,공릉동,47038948,과기대도보거리 반지하지만채광좋은 풀옵션원룸,노원구 공릉동,서울시,노원구,공릉동,300,30,18,반지하,원룸,,37.6253943700483,127.078373652791,https://ic.zigbang.com/ic/items/47038948/1.jpg
노원구,공릉동,47046350,넓은방 과기대도보거리  풀옵션원룸,노원구 공릉동,서울시,노원구,공릉동,2000,45,18.18,2,원룸,,37.62492290008008,127.07861987853148,https://ic.zigbang.com/ic/items/47046350/1.jpg
노원구,공릉동,47046419,넓고 탁트인전망 풀옵션 엘베유,노원구 공릉동,서울시,노원구,공릉동,1000,65,19.83,2,원룸,80000,37.6249345631284,127.077743114464,https://ic.zigbang.com/ic/items/47046419/1.jpg
노원구,공릉동,47046518,방크고 수납공간많은 풀옵션원룸 대로변인접,노원구 공릉동,서울시,노원구,공릉동,1000,50,18.5,2,원룸,80000,37.6257164599416,127.075491360261,https://ic.zigbang.com/ic/items/47046518/1.jpg
노원구,공릉동,47046937,"통합관리비, 공릉역 1분입니다.",노원구 공릉동,서울시,노원구,공릉동,2000,30,18,4,원룸,120000,37.6245470051162,127.073884461757,https://ic.zigbang.com/ic/items/47046937/1.jpg
노원구,공릉동,47050270,남향 과기대인근공릉역8분 밝고환한 완전풀옵션원룸,노원구 공릉동,서울시,노원구,공릉동,3000,33,18,1,원룸,70000,37.6261319340716,127.078349052387,https://ic.zigbang.com/ic/items/47050270/1.jpg
노원구,공릉동,47052434,남향안전 과기대도보공릉역5분 깔끔한 완전풀옵션원룸,노원구 공릉동,서울시,노원구,공릉동,1000,43,13.61,3,원룸,70000,37.6272815068952,127.075156948217,https://ic.zigbang.com/ic/items/47052434/1.jpg
노원구,공릉동,47055815,과기대도보공릉역3분 넓고 깔금한 완전풀옵션원룸,노원구 공릉동,서울시,노원구,공릉동,1000,40,13.61,2,원룸,80000,37.6272815068952,127.075156948217,https://ic.zigbang.com/ic/items/47055815/1.jpg
노원구,공릉동,47056932,깔끔하고 예쁜 원룸,노원구 공릉동,서울시,노원구,공릉동,1000,46,16,2,원룸,70000,37.6265616572394,127.078555901549,https://ic.zigbang.com/ic/items/47056932/1.jpg
노원구,공릉동,47057165,과기대 도보거리 풀옵션원룸,노원구 공릉동,서울시,노원구,공릉동,1000,43,18,1,원룸,,37.624895921265,127.078408132526,https://ic.zigbang.com/ic/items/47057165/1.jpg
노원구,공릉동,47057215,과기대도보거리 엘베유 풀옵션원룸,노원구 공릉동,서울시,노원구,공릉동,1000,45,18,2,원룸,,37.6255538668626,127.075998235045,https://ic.zigbang.com/ic/items/47057215/1.jpg
노원구,공릉동,47057447,공릉역 과기대 방향 즉시 입주 원룸 월세,노원구 공릉동,서울시,노원구,공릉동,1000,55,18,4,원룸,50000,37.6264415297073,127.075419707076,https://ic.zigbang.com/ic/items/47057447/1.jpg
노원구,공릉동,47057912,철길공원 인근의 가성비 좋은 원룸 월세,노원구 공릉동,서울시,노원구,공릉동,1000,33,15,4,원룸,70000,37.6247112541381,127.076432025869,https://ic.zigbang.com/ic/items/47057912/1.jpg
노원구,공릉동,47058322,2017년 풀옵션원룸 공릉역2번출구 도보5분,노원구 공릉동,서울시,노원구,공릉동,300,30,16.53,반지하,원룸,50000,37.62268346412154,127.07521473354691,https://ic.zigbang.com/ic/items/47058322/1.jpg
노원구,공릉동,47059907,"태릉역 2분, 방넓음, 남향, 내외부 깨끗",노원구 공릉동,서울시,노원구,공릉동,2500,50,20,3,원룸,50000,37.619720444804,127.073839134257,https://ic.zigbang.com/ic/items/47059907/1.jpg
노원구,공릉동,47060284,추천..6호선 화랑대역 도보로 7분거리 깨끗한원룸 강추,노원구 공릉동,서울시,노원구,공릉동,2000,30,13.2231,1,원룸,60000,37.62235213963655,127.08032082230424,https://ic.zigbang.com/ic/items/47060284/1.jpg
노원구,공릉동,47061192,남향 과기대도보공릉역8분 완전풀옵션원룸,노원구 공릉동,서울시,노원구,공릉동,1000,47,18,2,원룸,80000,37.625859512163,127.078565244529,https://ic.zigbang.com/ic/items/47061192/1.jpg
노원구,공릉동,47061244,과기대최인근공릉역8분 완전풀옵션원룸,노원구 공릉동,서울시,노원구,공릉동,3000,33,18,1,원룸,70000,37.625859512163,127.078565244529,https://ic.zigbang.com/ic/items/47061244/1.jpg
노원구,공릉동,47061314,철길공원앞집과기대도보공릉역8분 저렴한 완전풀옵션원룸,노원구 공릉동,서울시,노원구,공릉동,2500,30,18,1,원룸,80000,37.6245847951363,127.07788717973,https://ic.zigbang.com/ic/items/47061314/1.jpg
노원구,공릉동,47062126,과기대도보공릉역4분 안전한위치 완전풀옵션원룸,노원구 공릉동,서울시,노원구,공릉동,3000,30,18,2,원룸,70000,37.6277628364473,127.07296778783538,https://ic.zigbang.com/ic/items/47062126/1.jpg
노원구,공릉동,47062339,과기대3분 융자무 안전하고 깔끔한 풀옵션 반지층 원룸,노원구 공릉동,서울시,노원구,공릉동,500,40,16.53,반지하,원룸,80000,37.62725510872691,127.07793357970598,https://ic.zigbang.com/ic/items/47062339/1.jpg
노원구,공릉동,47062366,"과기대 가까운 원자력 5분, 공릉역7분 풀옵션 원룸",노원구 공릉동,서울시,노원구,공릉동,1000,47,16.53,3,원룸,80000,37.62681891172328,127.07811437460568,https://ic.zigbang.com/ic/items/47062366/1.jpg
노원구,공릉동,47062706,여성전용 해가 잘드는 남서향 즉시입주 가능,노원구 공릉동,서울특별시,노원구,공릉동,6000,13,21,11,오피스텔,200000,37.6189422607422,127.077423095703,https://ic.zigbang.com/ic/items/47062706/1.jpg
노원구,공릉동,47063476,"창문2개 풀옵션원룸, 융자X, 과기대 인기원룸, 방이 큼",노원구 공릉동,서울시,노원구,공릉동,1000,43,18,2,원룸,120000,37.6250188210468,127.076199779562,https://ic.zigbang.com/ic/items/47063476/1.jpg
노원구,공릉동,47065173,후문 쪽 큰방,노원구 월계동,서울시,노원구,월계동,1000,46,20,4,원룸,70000,37.6201251641809,127.062287220434,https://ic.zigbang.com/ic/items/47065173/1.jpg
노원구,공릉동,47066175,2017년 풀옵션원룸과기대 정문 도보10분,노원구 공릉동,서울시,노원구,공릉동,500,33,16.53,2,원룸,60000,37.6230456751181,127.079722000051,https://ic.zigbang.com/ic/items/47066175/1.jpg
노원구,공릉동,47066962,창2개 넓고 환한 풀옵션 원룸,노원구 공릉동,서울시,노원구,공릉동,1000,50,20,3,원룸,70000,37.6261694130671,127.077807497788,https://ic.zigbang.com/ic/items/47066962/1.jpg
노원구,공릉동,47067209,2017년 풀옵션원룸 과기대 정문도보10분,노원구 공릉동,서울시,노원구,공릉동,3000,0,16.53,반지하,원룸,60000,37.623044502846206,127.07972347138411,https://ic.zigbang.com/ic/items/47067209/1.jpg
노원구,공릉동,47067252,과기대도보공릉역8분 완전풀옵션원룸,노원구 공릉동,서울시,노원구,공릉동,500,50,18,2,원룸,70000,37.625859512163,127.078565244529,https://ic.zigbang.com/ic/items/47067252/1.jpg
노원구,공릉동,47067520,과기대도보공릉역7분 넓은 완전풀옵션원룸,노원구 공릉동,서울시,노원구,공릉동,300,30,19,반지하,원룸,90000,37.6249283465622,127.078015769554,https://ic.zigbang.com/ic/items/47067520/1.jpg
노원구,공릉동,47067566,과기대도보공릉역8분 저렴한 완전풀옵션원룸,노원구 공릉동,서울시,노원구,공릉동,1000,40,17,2,원룸,80000,37.6251296339174,127.078277427613,https://ic.zigbang.com/ic/items/47067566/1.jpg
노원구,상계동,46723928,상계역7분.풀옵션원룸.당일입주,노원구 상계동,서울시,노원구,상계동,500,40,16.54,3,원룸,50000,37.6646857372315,127.072148094067,https://ic.zigbang.com/ic/items/46723928/1.jpg
노원구,상계동,46769766,상계역 도보8분.,노원구 상계동,서울시,노원구,상계동,500,30,33.16,4,원룸,0,37.6644262140034,127.073671680214,https://ic.zigbang.com/ic/items/46769766/1.jpg
노원구,상계동,46785848,공실 즉시입주  계단없는1층 상계역3분,노원구 상계동,서울시,노원구,상계동,200,25,19.83,1,원룸,0,37.6631980841183,127.072951458273,https://ic.zigbang.com/ic/items/46785848/1.jpg
노원구,상계동,46797307,상계역도보.풀옵션.주차가능.,노원구 상계동,서울시,노원구,상계동,500,50,21.49,3,원룸,50000,37.6635001028067,127.072643476707,https://ic.zigbang.com/ic/items/46797307/1.jpg
노원구,상계동,46910226,주차.상계역8분.풀옵션 TV포함.당일입주,노원구 상계동,서울시,노원구,상계동,500,37,16.54,4,원룸,40000,37.6651337722746,127.070697553317,https://ic.zigbang.com/ic/items/46910226/1.jpg
노원구,상계동,46918286,상계역3분.분리형 풀옵션.전세6천,노원구 중계동,서울시,노원구,중계동,500,40,16.53,2,원룸,50000,37.6601958519337,127.076757614197,https://ic.zigbang.com/ic/items/46918286/1.jpg
노원구,상계동,46941963,상계역 도보7분거리 풀옵션 원룸,노원구 상계동,서울시,노원구,상계동,500,45,13.8,3,원룸,50000,37.6646857372316,127.072148094067,https://ic.zigbang.com/ic/items/46941963/1.jpg
노원구,상계동,46952080,즉시입주.풀옵션.주차.엘베,노원구 상계동,서울시,노원구,상계동,1000,50,20,3,원룸,60000,37.6634208850751,127.072970263593,https://ic.zigbang.com/ic/items/46952080/1.jpg
노원구,상계동,46956636,"보증금조절가능.풀옵션,.즉시입주",노원구 상계동,서울시,노원구,상계동,500,50,16.53,1,원룸,,37.6649122677994,127.072402986803,https://ic.zigbang.com/ic/items/46956636/1.jpg
노원구,상계동,46969999,대출가능.신축급.풀옵션,노원구 상계동,서울시,노원구,상계동,5000,0,16.53,4,원룸,50000,37.6687750741323,127.081599261684,https://ic.zigbang.com/ic/items/46969999/1.jpg
노원구,상계동,46983470,상계역2분.신축급풀옵션1.5룸.즉시입주,노원구 중계동,서울시,노원구,중계동,1000,60,30,2,원룸,50000,37.661520034357,127.075061685077,https://ic.zigbang.com/ic/items/46983470/1.jpg
노원구,상계동,47006574,공실 새가전제품 올수리후첫입주 상계역5분,노원구 상계동,서울시,노원구,상계동,500,35,25,반지하,원룸,0,37.662799482359,127.069990275459,https://ic.zigbang.com/ic/items/47006574/1.jpg
노원구,상계동,47008229,상계역 도보7분,노원구 상계동,서울시,노원구,상계동,300,25,22.45,1,원룸,0,37.6627456583656,127.070049953015,https://ic.zigbang.com/ic/items/47008229/1.jpg
노원구,상계동,47013779,풀옵션.즉시입주가능,노원구 상계동,서울시,노원구,상계동,500,40,13,4,원룸,30000,37.6651337722746,127.070697553317,https://ic.zigbang.com/ic/items/47013779/1.jpg
노원구,상계동,47063942,방1거실 미니테라스 상계역5분,노원구 상계동,서울시,노원구,상계동,500,30,30,4,원룸,,37.6644262140036,127.073671680214,https://ic.zigbang.com/ic/items/47063942/1.jpg
노원구,월계동,46574441,조용한 주택가,노원구 월계동,서울시,노원구,월계동,500,45,15,2,원룸,60000,37.6239321047176,127.05931698649,https://ic.zigbang.com/ic/items/46574441/1.jpg
노원구,월계동,46817399,무융자v.남학생전용v.광운대 옆v.넉넉한 사이즈v.,노원구 월계동,서울시,노원구,월계동,5000,0,19.83,1,원룸,60000,37.6208489440732,127.059994624347,https://ic.zigbang.com/ic/items/46817399/1.jpg
노원구,월계동,46818143,"㉧정문,한율관 인접㉧남향㉧안전최고㉧정수기有",노원구 월계동,서울시,노원구,월계동,1000,45,17.2,2,원룸,80000,37.6193033458047,127.057179867204,https://ic.zigbang.com/ic/items/46818143/1.jpg
노원구,월계동,46838254,햇살이 가득한 풀옵션 신축급 깔끔한 원룸,노원구 월계동,서울시,노원구,월계동,500,40,16.53,2,원룸,50000,37.6210843440311,127.057886240942,https://ic.zigbang.com/ic/items/46838254/1.jpg
노원구,월계동,46863064,정문 바로 앞,노원구 월계동,서울시,노원구,월계동,300,30,16.53,반지하,원룸,70000,37.620973172606,127.057864972768,https://ic.zigbang.com/ic/items/46863064/1.jpg
노원구,월계동,46863610,꿀매물㉧시세대비 저렴㉧도서관 앞㉧위치 굿㉧입주협의,노원구 월계동,서울시,노원구,월계동,500,39,16.6,3,원룸,60000,37.6210843440311,127.057886240942,https://ic.zigbang.com/ic/items/46863610/1.jpg
노원구,월계동,46871729,㉧광운대3분㉧2년㉧주인거주로 관리굿㉧빠른입주,노원구 월계동,서울시,노원구,월계동,2000,45,19,2,원룸,70000,37.621465241178,127.057968432904,https://ic.zigbang.com/ic/items/46871729/1.jpg
노원구,월계동,46885772,광운대3분 I 해잘 드는 남향 I 시원한 뷰 I 보증금조율,노원구 월계동,서울시,노원구,월계동,1000,40,17,3,원룸,70000,37.6218124898191,127.058499730449,https://ic.zigbang.com/ic/items/46885772/1.jpg
노원구,월계동,46932811,선착순 I 가성비굿 I 마트1분 I 광운대인접 I 입주협의,노원구 월계동,서울시,노원구,월계동,500,33,13.22,3,원룸,60000,37.621866428027,127.058380268693,https://ic.zigbang.com/ic/items/46932811/1.jpg
노원구,월계동,46956077,㉧핵가성비㉧엘베㉧정문 뒤㉧수납굿㉧빠른입주,노원구 월계동,서울시,노원구,월계동,200,40,16.53,4,원룸,60000,37.6178919847712,127.058937044361,https://ic.zigbang.com/ic/items/46956077/1.jpg
노원구,월계동,46961680,무융자 I 큰 방 I 역세권 I 광운대5분,노원구 월계동,서울시,노원구,월계동,9000,0,19.83,4,원룸,60000,37.6242597548172,127.059394275601,https://ic.zigbang.com/ic/items/46961680/1.jpg
노원구,월계동,46963777,역세권 I 반전세가능 I 큰길인접 I 광운대5분 I빠른입주,노원구 월계동,서울시,노원구,월계동,500,45,16.6,2,원룸,60000,37.6239321047176,127.05931698649,https://ic.zigbang.com/ic/items/46963777/1.jpg
노원구,월계동,46972319,㉧도서관 옆 대로변㉧안전최고㉧엘베㉧보증금조율가능,노원구 월계동,서울시,노원구,월계동,3000,30,16.53,2,원룸,70000,37.62101653631345,127.05962220523024,https://ic.zigbang.com/ic/items/46972319/1.jpg
노원구,월계동,46979455,깨끗한 원룸입니다,노원구 월계동,서울시,노원구,월계동,2000,40,18.18,2,원룸,60000,37.6218334322791,127.057687346415,https://ic.zigbang.com/ic/items/46979455/1.jpg
노원구,월계동,46998621,㉧신축급㉧대로변 인접㉧내부깨끗㉧12월중순입주,노원구 월계동,서울시,노원구,월계동,1000,45,17.2,2,원룸,70000,37.6219612601212,127.058464845328,https://ic.zigbang.com/ic/items/46998621/1.jpg
노원구,월계동,47020263,베란다 아주 큰방,노원구 월계동,서울시,노원구,월계동,1000,57,26.45,2,원룸,80000,37.6195712020611,127.056822137647,https://ic.zigbang.com/ic/items/47020263/1.jpg
노원구,월계동,47026702,"착한가격   에어컨3대   아파트형  ,",성북구 장위동,서울특별시,성북구,장위동,5000,110,36.36,저,오피스텔,180000,37.6179144293271,127.056145006879,https://ic.zigbang.com/ic/items/47026702/1.jpg
노원구,월계동,47027629,"ㅁ핵가성비 I 베란다 I 정문, 누리관인접 I 외국인불가ㅁ",노원구 월계동,서울시,노원구,월계동,300,30,16.6,2,원룸,70000,37.6194555324664,127.056973265463,https://ic.zigbang.com/ic/items/47027629/1.jpg
노원구,월계동,47028857,7.5평대 초대박 남향 개인사무실 느낌의 원룸,노원구 월계동,서울시,노원구,월계동,1000,50,24.99,3,원룸,0,37.6212814424065,127.059769105408,https://ic.zigbang.com/ic/items/47028857/1.jpg
노원구,월계동,47029231,정문1분 서향 채광환기대박 프라이빗한 풀옵션 원룸,노원구 월계동,서울시,노원구,월계동,500,45,18.18,3,원룸,50000,37.6211746505904,127.058196452176,https://ic.zigbang.com/ic/items/47029231/1.jpg
노원구,월계동,47030096,정문후문5분 풀옵션 6평대 정남향 창문 채광환기대박 원룸,노원구 월계동,서울시,노원구,월계동,1000,45,23.14,3,원룸,80000,37.617205993799,127.059254329768,https://ic.zigbang.com/ic/items/47030096/1.jpg
노원구,월계동,47040246,정문앞  원룸입니다.,노원구 월계동,서울시,노원구,월계동,1000,40,16,3,원룸,70000,37.6210605525293,127.058263420693,https://ic.zigbang.com/ic/items/47040246/1.jpg
노원구,월계동,47040453,엘베 있어요 동향 여성전용,노원구 월계동,서울시,노원구,월계동,6000,0,16.53,5,원룸,70000,37.6210149149319,127.059621411026,https://ic.zigbang.com/ic/items/47040453/1.jpg
노원구,월계동,47040666,보증금 조정 가능,노원구 월계동,서울시,노원구,월계동,500,42,16,1,원룸,70000,37.6221271744606,127.058560692087,https://ic.zigbang.com/ic/items/47040666/1.jpg
노원구,월계동,47040863,정문앞 깨끗해요,노원구 월계동,서울시,노원구,월계동,1000,40,15,2,원룸,70000,37.620973172606,127.057864972768,https://ic.zigbang.com/ic/items/47040863/1.jpg
노원구,월계동,47042130,오늘입주 I 최강위치 I 넓은책상 I 인덕션2구 I공유기有,노원구 월계동,서울시,노원구,월계동,500,52,19.85,3,원룸,80000,37.6202592620691,127.058166401313,https://ic.zigbang.com/ic/items/47042130/1.jpg
노원구,월계동,47044238,5평대 초대박 귀한 풀옵션 신축급 원룸 엘베완비,노원구 월계동,서울시,노원구,월계동,1000,48,18.18,2,원룸,50000,37.6211816758199,127.058018505901,https://ic.zigbang.com/ic/items/47044238/1.jpg
노원구,월계동,47045101,"선착순㉧기존 리모델링㉧8평㉧베란다,엘베,주차장",노원구 월계동,서울시,노원구,월계동,1000,57,26.45,2,원룸,80000,37.619572734290415,127.05682100610863,https://ic.zigbang.com/ic/items/47045101/1.jpg
노원구,월계동,47056277,가격실화 I 가격 대비 큰방 I 정후문3분 I 편의점인접,노원구 월계동,서울시,노원구,월계동,400,43,20,2,원룸,70000,37.6210498546662,127.060718032081,https://ic.zigbang.com/ic/items/47056277/1.jpg
노원구,월계동,47059498,㉧신축급㉧2년거주㉧광운대4분㉧채광굿㉧500에관포53가능,노원구 월계동,서울시,노원구,월계동,1000,41,16.53,3,원룸,70000,37.6223493340079,127.058244943251,https://ic.zigbang.com/ic/items/47059498/1.jpg
노원구,월계동,47063297,지상층 2층 원룸. 남향,노원구 월계동,서울시,노원구,월계동,1000,47,20.05,2,원룸,70000,37.6218334322791,127.057687346415,https://ic.zigbang.com/ic/items/47063297/1.jpg
노원구,월계동,47065412,역세권 저렴한 원룸,노원구 월계동,서울시,노원구,월계동,500,40,12,1,원룸,60000,37.6226084387074,127.056805872226,https://ic.zigbang.com/ic/items/47065412/1.jpg
노원구,월계동,47065628,학교앞 큰 원룸,노원구 월계동,서울시,노원구,월계동,2000,45,20,2,원룸,70000,37.621465241178,127.057968432904,https://ic.zigbang.com/ic/items/47065628/1.jpg
노원구,월계동,47065751,정문앞 원룸임,노원구 월계동,서울시,노원구,월계동,500,43,12,2,원룸,40000,37.621866428027,127.058380268693,https://ic.zigbang.com/ic/items/47065751/1.jpg
노원구,월계동,47065917,가성비 좋은 풀옵션 원룸대로변 위치 CCTV보안철저,노원구 월계동,서울시,노원구,월계동,500,60,24,4,원룸,,37.6202592620691,127.058166401313,https://ic.zigbang.com/ic/items/47065917/1.jpg
노원구,중계동,46793305,공실 에어컨냉장고 깨끗 집앞주차 노원역도보5분 베란다겸창고,노원구 상계동,서울시,노원구,상계동,500,35,20,2,원룸,0,37.6591448985184,127.068184208551,https://ic.zigbang.com/ic/items/46793305/1.jpg
노원구,중계동,46854983,"노원역 도보10분,채광좋고 깔끔한풀옵션 원룸,오늘도입주가능",노원구 상계동,서울시,노원구,상계동,500,45,16.53,1,원룸,30000,37.656722252923366,127.070022421597,https://ic.zigbang.com/ic/items/46854983/1.jpg
노원구,중계동,46862863,"노원역5분거리,밝고 환한 반지층,새로 도배해서 깨끗합니다",노원구 상계동,서울시,노원구,상계동,300,30,14.88,반지하,원룸,40000,37.65840911865234,127.06734466552734,https://ic.zigbang.com/ic/items/46862863/1.jpg
노원구,중계동,46872538,풀옵션 엘베 주차 노원역도보가능,노원구 상계동,서울특별시,노원구,상계동,500,45,23.14,고,오피스텔,70000,37.6583786010742,127.070762634277,https://ic.zigbang.com/ic/items/46872538/1.jpg
노원구,중계동,46896682,풀옵션 노원역도보 주차 엘베,노원구 상계동,서울특별시,노원구,상계동,500,45,20.5,고,오피스텔,,37.6583786010742,127.070762634277,https://ic.zigbang.com/ic/items/46896682/1.jpg
노원구,중계동,46922205,노원역0.1초.가장큰방.풀옵션.테라스,노원구 상계동,서울시,노원구,상계동,1000,58,27,8,원룸,150000,37.6563249305439,127.064306890944,https://ic.zigbang.com/ic/items/46922205/1.jpg
노원구,중계동,46941939,가성비 좋은 원룸 즉시입주 가능,노원구 상계동,서울시,노원구,상계동,500,35,21.48,2,원룸,10000,37.6591448985184,127.068184208551,https://ic.zigbang.com/ic/items/46941939/1.jpg
노원구,중계동,46963622,노원역5분.풀옵션신축급원룸.빠른입주,노원구 상계동,서울시,노원구,상계동,500,48,16,2,원룸,50000,37.6581207425205,127.067575488469,https://ic.zigbang.com/ic/items/46963622/1.jpg
노원구,중계동,47015093,"깨끗하고 넓은 방, 풀 옵션 원룸, 즉시 입주 가능",노원구 상계동,서울시,노원구,상계동,1000,50,21.49,1,원룸,50000,37.6568668989204,127.070562787722,https://ic.zigbang.com/ic/items/47015093/1.jpg
노원구,중계동,47025383,소담빌 오피스텔및도시형생활주택,노원구 상계동,서울특별시,노원구,상계동,500,55,26.45,저,오피스텔,70000,37.6564598083496,127.06615447998,https://ic.zigbang.com/ic/items/47025383/1.jpg
노원구,중계동,47025411,소담빌 신축 도시형생활주택 및 오피스텔,노원구 상계동,서울특별시,노원구,상계동,500,55,26.45,2,오피스텔,70000,37.6564598083496,127.06615447998,https://ic.zigbang.com/ic/items/47025411/1.jpg
노원구,중계동,47025513,신축 소담빌 도시형생활주택및오피스텔,노원구 상계동,서울특별시,노원구,상계동,500,55,27.55,저,오피스텔,70000,37.6564598083496,127.06615447998,https://ic.zigbang.com/ic/items/47025513/1.jpg
노원구,중계동,47026159,"금일매물월세,관리비 저렴한 풀옵션  큰방원룸노원역최저가",노원구 상계동,서울시,노원구,상계동,500,36,19.83,1,원룸,40000,37.65525543876051,127.07004824204448,https://ic.zigbang.com/ic/items/47026159/1.jpg
노원구,중계동,47027406,집앞주차 인터넷수도포함 즉시입주 노원역도보가능,노원구 상계동,서울시,노원구,상계동,500,36,16.53,1,원룸,40000,37.6552557101268,127.070046429105,https://ic.zigbang.com/ic/items/47027406/1.jpg
노원구,중계동,47040847,주차 풀옵션 노원역도보가능,노원구 상계동,서울특별시,노원구,상계동,500,45,23.14,3,오피스텔,,37.6583786010742,127.070762634277,https://ic.zigbang.com/ic/items/47040847/1.jpg
노원구,중계동,47046636,풀 옵션 입니다.,노원구 중계동,서울시,노원구,중계동,3000,40,28.5,옥탑방,원룸,0,37.6584786813432,127.077018544188,https://ic.zigbang.com/ic/items/47046636/1.jpg
노원구,중계동,47046720,노원역 도보7분,노원구 상계동,서울시,노원구,상계동,500,40,29.03,2,원룸,,37.6590232267276,127.067153244149,https://ic.zigbang.com/ic/items/47046720/1.jpg
노원구,중계동,47048212,소담빌4층.노원역2분.풀옵션.주차,노원구 상계동,서울시,노원구,상계동,500,60,16.53,4,원룸,70000,37.655713239895,127.067869765666,https://ic.zigbang.com/ic/items/47048212/1.jpg
노원구,중계동,47049386,노원역 깔끔하고 가성비좋은 풀옵션 도시형생활주택,노원구 상계동,서울특별시,노원구,상계동,500,55,20.57,고,오피스텔,65000,37.6583786010742,127.070762634277,https://ic.zigbang.com/ic/items/47049386/1.jpg
노원구,중계동,47050991,도시형생활주택 및 오피스텔,노원구 상계동,서울특별시,노원구,상계동,500,55,26.45,고,오피스텔,70000,37.6564598083496,127.06615447998,https://ic.zigbang.com/ic/items/47050991/1.jpg
노원구,중계동,47051043,노원역 신축 원룸 오피스텔,노원구 상계동,서울특별시,노원구,상계동,500,55,26.45,10,오피스텔,70000,37.6564598083496,127.06615447998,https://ic.zigbang.com/ic/items/47051043/1.jpg
노원구,중계동,47059424,노원역3분.즉시입주.공실.풀옵션원룸,노원구 상계동,서울시,노원구,상계동,500,40,16.5,1,원룸,40000,37.6577270406555,127.066895501171,https://ic.zigbang.com/ic/items/47059424/1.jpg
노원구,중계동,47061984,노원역 상계역  방 큰 신축급 풀옵션 원룸,노원구 상계동,서울시,노원구,상계동,1000,50,23.14,2,원룸,50000,37.6568668989204,127.070562787722,https://ic.zigbang.com/ic/items/47061984/1.jpg
노원구,중계동,47061992,노원역 도보 8분거리의 조용한 주택가 풀 옵션 원룸,노원구 상계동,서울시,노원구,상계동,8500,0,15.8,3,원룸,70000,37.6586128391666,127.067766668464,https://ic.zigbang.com/ic/items/47061992/1.jpg
노원구,하계동,46755488,강추..하계역 5분거리  깨끗한 원룸 강추합니다.,노원구 하계동,서울시,노원구,하계동,500,40,13.22,2,원룸,70000,37.63643469035544,127.07171641508958,https://ic.zigbang.com/ic/items/46755488/1.jpg
노원구,하계동,46812322,"전입신고않됨 EV有과기대후문도보5분,2014년풀옵션원룸",노원구 하계동,서울시,노원구,하계동,500,40,19.83,5,원룸,,37.635793293874045,127.07154359010023,https://ic.zigbang.com/ic/items/46812322/1.jpg
노원구,하계동,46832540,"하계역5분거리,깨끗한 엘베,풀옵션,청년전세대출가능,빌트인",노원구 하계동,서울시,노원구,하계동,9200,0,16.1,3,원룸,80000,37.634524448729,127.071075832343,https://ic.zigbang.com/ic/items/46832540/1.jpg
노원구,하계동,46857929,6개월가능보증금조정가 2011년 풀옵션원룸 과기대후문10초,노원구 하계동,서울시,노원구,하계동,5000,0,19.83,2,원룸,60000,37.63631370889766,127.07501547467376,https://ic.zigbang.com/ic/items/46857929/1.jpg
노원구,하계동,46900732,여성전용  ev있음 하계역 도보1분을지병원인접,노원구 하계동,서울시,노원구,하계동,500,32,13.2,2,원룸,80000,37.6364364030473,127.071715057183,https://ic.zigbang.com/ic/items/46900732/1.jpg
노원구,하계동,46916369,2007년도 풀옵션원룸 과기대후문협동문도보 10초이며,노원구 하계동,서울시,노원구,하계동,500,45,16.53,6,원룸,60000,37.63653945922852,127.07555389404295,https://ic.zigbang.com/ic/items/46916369/1.jpg
노원구,하계동,46981469,대출안됨 2011년분리형풀옵션원룸 과기대후문 도보20초,노원구 하계동,서울시,노원구,하계동,3000,24,18.18,3,원룸,60000,37.63631439208984,127.07501220703124,https://ic.zigbang.com/ic/items/46981469/1.jpg
