﻿search_gu,search_dong,item_id,title,address,local1,local2,local3,deposit,rent,size_m2,floor,service_type,manage_cost,lat,lng,thumbnail
서대문구,남가좌동,46695267,증산역. 신축급. 전세 대출. 2천55. 3천50. 주차,서대문구 북가좌동,서울시,서대문구,북가좌동,1000,60,23.2,1,원룸,50000,37.5822856587478,126.914070376093,https://ic.zigbang.com/ic/items/46695267/1.jpg
서대문구,남가좌동,46813759,2017년식 명지대 서문 3분컷 계단2칸 내려가는 원룸,서대문구 북가좌동,서울시,서대문구,북가좌동,500,40,14.52,반지하,원룸,50000,37.5821188840644,126.921169971885,https://ic.zigbang.com/ic/items/46813759/1.jpg
서대문구,남가좌동,46859339,명지대.전문대인근 평지 내부상태좋은 풀옵션 원룸,서대문구 홍은동,서울시,서대문구,홍은동,1000,50,18.18,4,원룸,50000,37.57965683281149,126.92648143589138,https://ic.zigbang.com/ic/items/46859339/1.jpg
서대문구,남가좌동,46878681,명지대.전문대 저렴하고 채광좋은 깨끗한 풀옵션 원룸,서대문구 남가좌동,서울시,서대문구,남가좌동,300,35,13.22,2,원룸,50000,37.58081419468582,126.9216348362715,https://ic.zigbang.com/ic/items/46878681/1.jpg
서대문구,남가좌동,46879330,2017년식 풀옵션 원룸 명지대학교 서문 3분컷,서대문구 북가좌동,서울시,서대문구,북가좌동,500,48,16.5,1,원룸,0,37.5821188840644,126.921169971885,https://ic.zigbang.com/ic/items/46879330/1.jpg
서대문구,남가좌동,46917946,올수리.넓고 깨끗. 명지대 부근.,서대문구 북가좌동,서울시,서대문구,북가좌동,1000,60,23.5,1,원룸,60000,37.581391227142,126.919678031101,https://ic.zigbang.com/ic/items/46917946/1.jpg
서대문구,남가좌동,46919052,월세가 저렴한 꿀매물ㅣ분리형 원룸의 표본ㅣ일단 보시죠,은평구 응암동,서울시,은평구,응암동,2000,35,18,1,원룸,60000,37.5836730006918,126.920488470809,https://ic.zigbang.com/ic/items/46919052/1.jpg
서대문구,남가좌동,46937711,"O남가좌동,명지대,넓고환한 반지하 원룸,풀옵션,가성비최고",서대문구 남가좌동,서울시,서대문구,남가좌동,500,37,18.18,반지하,원룸,80000,37.5829940711983,126.923718085231,https://ic.zigbang.com/ic/items/46937711/1.jpg
서대문구,남가좌동,46950127,명지대.전문대 신축급 채광 및 붙박이 좋은 원룸,서대문구 남가좌동,서울시,서대문구,남가좌동,500,48,17,3,원룸,50000,37.5811693186594,126.922793078281,https://ic.zigbang.com/ic/items/46950127/1.jpg
서대문구,남가좌동,46976682,베란다  넓고 채광좋은 원룸,서대문구 홍은동,서울시,서대문구,홍은동,500,70,29.75,3,원룸,50000,37.58053230387872,126.92600961606946,https://ic.zigbang.com/ic/items/46976682/1.jpg
서대문구,남가좌동,46996697,채광 긋 깨끗하고 보안잘되는 원룸,서대문구 홍은동,서울시,서대문구,홍은동,500,47,18,4,원룸,,37.57966391366951,126.9262776509662,https://ic.zigbang.com/ic/items/46996697/1.jpg
서대문구,남가좌동,47011398,명지대. 주차 가능. 채광 좋음.,서대문구 북가좌동,서울시,서대문구,북가좌동,500,50,21.5,3,원룸,50000,37.5814181349988,126.919499013024,https://ic.zigbang.com/ic/items/47011398/1.jpg
서대문구,남가좌동,47011994,증산역.세미 분리형. 전세대출 가능,서대문구 북가좌동,서울시,서대문구,북가좌동,5000,30,23.14,1,원룸,50000,37.5822856587478,126.914070376093,https://ic.zigbang.com/ic/items/47011994/1.jpg
서대문구,남가좌동,47017552,명지대.전문대 신축급 붙박이 및 내부상태 좋은 풀옵션 원룸,서대문구 북가좌동,서울시,서대문구,북가좌동,500,50,16.53,2,원룸,,37.5821188840644,126.921169971885,https://ic.zigbang.com/ic/items/47017552/1.jpg
서대문구,남가좌동,47017614,명지대.전문대 풀옵션 가스비만 별도 내부상태양호,서대문구 남가좌동,서울시,서대문구,남가좌동,500,41,17,4,원룸,90000,37.58375235751225,126.92304016559916,https://ic.zigbang.com/ic/items/47017614/1.jpg
서대문구,남가좌동,47017761,채광 가성비 굿 공간 여유,서대문구 남가좌동,서울시,서대문구,남가좌동,500,44,20,4,원룸,60000,37.5837524485652,126.923041637316,https://ic.zigbang.com/ic/items/47017761/1.jpg
서대문구,남가좌동,47019492,넓은 풀옵션 원룸 테라스o 반려o 엘베o,서대문구 홍은동,서울시,서대문구,홍은동,4500,60,49.85,4,원룸,70000,37.5815355930236,126.927368195863,https://ic.zigbang.com/ic/items/47019492/1.jpg
서대문구,남가좌동,47037539,명지대 후문 조용한 주택가 베란다 및 엘베 있는 넓은 원룸,서대문구 남가좌동,서울시,서대문구,남가좌동,1000,52,23.1,4,원룸,50000,37.5812709413611,126.921820591951,https://ic.zigbang.com/ic/items/47037539/1.jpg
서대문구,남가좌동,47038098,명지대 명지전 중간위치 평지위치 마트 빨래방 가까움,서대문구 남가좌동,서울시,서대문구,남가좌동,500,40,18.15,4,원룸,100000,37.5837524485652,126.923041637316,https://ic.zigbang.com/ic/items/47038098/1.jpg
서대문구,남가좌동,47046525,명지대 서문 1분컷 조용한주택가 2년계약임 베란다 있음,서대문구 북가좌동,서울시,서대문구,북가좌동,500,45,23.1,2,원룸,0,37.5811145357459,126.920615838348,https://ic.zigbang.com/ic/items/47046525/1.jpg
서대문구,남가좌동,47052470,위치굿 엘리베이터 넓은 원룸,서대문구 홍은동,서울시,서대문구,홍은동,2000,57,23,5,원룸,80000,37.5819964640744,126.925366699323,https://ic.zigbang.com/ic/items/47052470/1.jpg
서대문구,남가좌동,47055866,"증산역 도보20분, 가성비 분리형원룸, 준신축급 컨디션",은평구 응암동,서울시,은평구,응암동,3000,25,19,1,원룸,80000,37.5836730006918,126.920488470809,https://ic.zigbang.com/ic/items/47055866/1.jpg
서대문구,남가좌동,47056894,명지대 내부 깨끗 공간 굿,서대문구 남가좌동,서울시,서대문구,남가좌동,500,50,18,2,원룸,60000,37.5824867932969,126.922719713481,https://ic.zigbang.com/ic/items/47056894/1.jpg
서대문구,냉천동,46740341,보안 잘되는 깔끔한 원룸,서대문구 옥천동,서울시,서대문구,옥천동,1000,57,16.53,2,원룸,1,37.56980209452827,126.96132803524212,https://ic.zigbang.com/ic/items/46740341/1.jpg
서대문구,냉천동,46848433,서대문역 도보 7분 분리형 원룸,서대문구 옥천동,서울시,서대문구,옥천동,2000,65,28.71,3,원룸,,37.5695317458994,126.961450651641,https://ic.zigbang.com/ic/items/46848433/1.jpg
서대문구,냉천동,46877630,최고급자재 풀옵션 넓고 깨끗한원룸 인터넷가능 정상입주,서대문구 천연동,서울시,서대문구,천연동,1000,57,23.14,1,원룸,60000,37.5688292943758,126.96052542963,https://ic.zigbang.com/ic/items/46877630/1.jpg
서대문구,냉천동,46884334,"서대문역 도보 4분,깨끗한 분리형 원룸,승강기유, 주차가능",서대문구 충정로2가,서울시,서대문구,충정로2가,5000,50,24,3,원룸,70000,37.5658223007998,126.964463731467,https://ic.zigbang.com/ic/items/46884334/1.jpg
서대문구,냉천동,46962171,서대문역세권경기대1분 깔끔한 원룸 베란다있음,서대문구 충정로3가,서울시,서대문구,충정로3가,1000,60,16.52,4,원룸,80000,37.56416550112712,126.96143960819155,https://ic.zigbang.com/ic/items/46962171/1.jpg
서대문구,냉천동,46962582,풀옵션 분리형,서대문구 충정로2가,서울시,서대문구,충정로2가,5500,40,33.06,2,원룸,75000,37.5651580836967,126.965058057836,https://ic.zigbang.com/ic/items/46962582/1.jpg
서대문구,냉천동,46962651,내부 깔끔 월세 저렴한 원룸입니다.,서대문구 천연동,서울시,서대문구,천연동,1000,55,19.83,3,원룸,50000,37.5688201482921,126.959328072745,https://ic.zigbang.com/ic/items/46962651/1.jpg
서대문구,냉천동,46974537,채광좋은 넓은원룸 위치좋은 풀옵션원룸 여자분만 환영합니다,서대문구 영천동,서울시,서대문구,영천동,1000,50,23.14,3,원룸,30000,37.5704049439922,126.961308140643,https://ic.zigbang.com/ic/items/46974537/1.jpg
서대문구,냉천동,47013161,천연동 옥탑방 매물입니다.,서대문구 천연동,서울시,서대문구,천연동,500,55,30,옥탑방,원룸,,37.5672872392775,126.959722132675,https://ic.zigbang.com/ic/items/47013161/1.jpg
서대문구,냉천동,47027347,대박 I 전입 I 내부영상제공,중구 중림동,서울특별시,중구,중림동,1000,125,41.84,중,오피스텔,120000,37.56001582772889,126.96859021226236,https://ic.zigbang.com/ic/items/47027347/1.jpg
서대문구,냉천동,47037025,채광좋은 초역세권 원룸빌딩 풀옵션 엘베 있음 1층원룸근생,서대문구 충정로2가,서울시,서대문구,충정로2가,1000,60,23.14,1,원룸,90000,37.5657201973995,126.964998144733,https://ic.zigbang.com/ic/items/47037025/1.jpg
서대문구,냉천동,47037295,풀옵션 넓고깨끗한원룸빌딩 즉시입주 빨리오시면 좋은집만남니다,서대문구 천연동,서울시,서대문구,천연동,1000,55,23,3,원룸,50000,37.5688201482921,126.959328072745,https://ic.zigbang.com/ic/items/47037295/1.jpg
서대문구,냉천동,47055975,"넓은8평,풀옵션,남향,직장인,대학생.충정로서대문도보10분",서대문구 충정로3가,서울시,서대문구,충정로3가,1000,60,26.45,3,원룸,50000,37.5639038422347,126.959790394577,https://ic.zigbang.com/ic/items/47055975/1.jpg
서대문구,냉천동,47055984,"예쁜풀옵션,서대문역독립문역10분,영천시장,버스환승정류장",서대문구 옥천동,서울시,서대문구,옥천동,1000,57,19.83,3,원룸,80000,37.569803356138,126.961328713761,https://ic.zigbang.com/ic/items/47055984/1.jpg
서대문구,냉천동,47055989,"안심조용한 실6평,풀옵션, 엘베,베란다,편의점,서대문역7분",서대문구 충정로3가,서울시,서대문구,충정로3가,1000,60,19.83,5,원룸,80000,37.5641646907788,126.961441306408,https://ic.zigbang.com/ic/items/47055989/1.jpg
서대문구,냉천동,47055997,"실8,서대문역1분,풀옵션,역세권직장인,빠른입주,",서대문구 충정로2가,서울시,서대문구,충정로2가,2000,50,24.79,2,원룸,100000,37.5655909160229,126.965037142134,https://ic.zigbang.com/ic/items/47055997/1.jpg
서대문구,냉천동,47056028,"대출안됨,서대문역도보4분,풀옵션,직장인인기,빠른입주",서대문구 충정로2가,서울시,서대문구,충정로2가,5000,30,19.83,2,원룸,50000,37.566353332237,126.964411977822,https://ic.zigbang.com/ic/items/47056028/1.jpg
서대문구,냉천동,47056046,"서대문도보2분거리 초역세권 풀옵션 분리형원룸,2천45가능,",서대문구 충정로2가,서울시,서대문구,충정로2가,1000,50,23.14,1,원룸,,37.5645421611423,126.964449172488,https://ic.zigbang.com/ic/items/47056046/1.jpg
서대문구,냉천동,47056076,"분리형실7.5P,풀옵,엘베,환하고깔끔,서대문역충정로역10분",서대문구 충정로3가,서울시,서대문구,충정로3가,1000,50,24.79,3,원룸,100000,37.5643456749713,126.960009060395,https://ic.zigbang.com/ic/items/47056076/1.jpg
서대문구,냉천동,47056094,"실8.5P,풀옵션,냉장고,세탁기교체,주차가,서대문역10분",서대문구 충정로3가,서울시,서대문구,충정로3가,11000,0,28.09,2,원룸,60000,37.5646792138001,126.960514829403,https://ic.zigbang.com/ic/items/47056094/1.jpg
서대문구,냉천동,47056107,"넓은7평,깔끔옵션, 높은천장, 서대문역독립문역10분",서대문구 천연동,서울시,서대문구,천연동,1000,55,23.14,2,원룸,50000,37.5682432043161,126.961365402447,https://ic.zigbang.com/ic/items/47056107/1.jpg
서대문구,냉천동,47056145,"8평,밝고 깔끔한 풀옵션 분리형 원룸,남향,서대문10분내",서대문구 옥천동,서울시,서대문구,옥천동,3000,52,26.45,3,원룸,30000,37.5696952709416,126.961989035535,https://ic.zigbang.com/ic/items/47056145/1.jpg
서대문구,냉천동,47056159,"풀옵션,충정로,서대문역 도보10분, 조용한 주택가",서대문구 충정로3가,서울시,서대문구,충정로3가,1000,50,19.83,2,원룸,50000,37.5642051425218,126.95902497804,https://ic.zigbang.com/ic/items/47056159/1.jpg
서대문구,냉천동,47056198,"반전세,대출x,실7평, 동향 ,엘베,주차가, 풀옵션",서대문구 충정로3가,서울시,서대문구,충정로3가,5000,30,23.14,4,원룸,70000,37.5641732289839,126.959232466467,https://ic.zigbang.com/ic/items/47056198/1.jpg
서대문구,냉천동,47056207,"인기실12P,분리형,풀옵,깔끔,서대문충정로역12분,빠른입주",서대문구 충정로3가,서울시,서대문구,충정로3가,2000,75,49.5,3,원룸,35000,37.5644331487649,126.959706012186,https://ic.zigbang.com/ic/items/47056207/1.jpg
서대문구,냉천동,47056278,"실9,대출안됨,서대문역1분,풀옵션,역세권직장인,26년1월중",서대문구 충정로2가,서울시,서대문구,충정로2가,4000,50,29.75,2,원룸,,37.5655909160229,126.965037142134,https://ic.zigbang.com/ic/items/47056278/1.jpg
서대문구,냉천동,47065192,넓고 채광좋고 아주저렴하고 좋은 분리형원룸,서대문구 천연동,서울시,서대문구,천연동,8000,0,29,3,원룸,20000,37.5674981043214,126.960349100496,https://ic.zigbang.com/ic/items/47065192/1.jpg
서대문구,미근동,46916196,"업무용, 신축, 분리형 1.5룸, 풀옵션, 입주 협의",중구 북창동,서울특별시,중구,북창동,1000,190,48.41,7,오피스텔,150000,37.5617480401964,126.977946880147,https://ic.zigbang.com/ic/items/46916196/1.jpg
서대문구,미근동,46916423,"업무용, 신축, 복층형 2룸, 풀옵션, 직주 근접, 입주의",중구 북창동,서울특별시,중구,북창동,1000,230,47.06,14,오피스텔,150000,37.5617480401964,126.977946880147,https://ic.zigbang.com/ic/items/46916423/1.jpg
서대문구,미근동,46917548,"대출 무, 시청역 5분, 신축 2룸, 풀옵션, 업무용",중구 북창동,서울특별시,중구,북창동,3000,220,72.48,6,오피스텔,150000,37.5617480401964,126.977946880147,https://ic.zigbang.com/ic/items/46917548/1.jpg
서대문구,미근동,46963603,브릴란테덕수궁 신축 투룸 사업자가능호실 주차편리,중구 북창동,서울특별시,중구,북창동,1000,185,57.79,6,오피스텔,150000,37.5617480401964,126.977946880147,https://ic.zigbang.com/ic/items/46963603/1.jpg
서대문구,미근동,46980136,최저가.투룸.가전풀옵션.전입불가,중구 북창동,서울특별시,중구,북창동,1000,180,58.21,저,오피스텔,200000,37.5617480401964,126.977946880147,https://ic.zigbang.com/ic/items/46980136/1.jpg
서대문구,미근동,46990507,"신축 2룸, 풀옵션, 업무용, 직주근접, 개방감, 채광굿",중구 북창동,서울특별시,중구,북창동,1000,185,57.79,6,오피스텔,150000,37.5617480401964,126.977946880147,https://ic.zigbang.com/ic/items/46990507/1.jpg
서대문구,미근동,46997293,전입신고가능.투룸.가전풀옵션,중구 북창동,서울특별시,중구,북창동,5000,160,57.79,중,오피스텔,200000,37.5617480401964,126.977946880147,https://ic.zigbang.com/ic/items/46997293/1.jpg
서대문구,미근동,47051629,전입신고가능.투룸최저가.건물내헬스장.,중구 북창동,서울특별시,중구,북창동,5000,160,57.79,5,오피스텔,200000,37.5617480401964,126.977946880147,https://ic.zigbang.com/ic/items/47051629/1.jpg
서대문구,미근동,47051822,전입가능.신축투룸.위치최고,중구 북창동,서울특별시,중구,북창동,5000,160,57.79,5,오피스텔,200000,37.5617480401964,126.977946880147,https://ic.zigbang.com/ic/items/47051822/1.jpg
서대문구,미근동,47057720,"신축 2룸, 풀옵션, 직주 근접, 전입 가능, 보증금 조정",중구 북창동,서울특별시,중구,북창동,5000,160,57.79,5,오피스텔,150000,37.5617480401964,126.977946880147,https://ic.zigbang.com/ic/items/47057720/1.jpg
서대문구,북가좌동,46783846,"O증산역4분, 3년차신축, 밝고쾌적위치좋은원룸,근저당없는",서대문구 북가좌동,서울시,서대문구,북가좌동,1000,70,19.83,3,원룸,70000,37.5815196546419,126.908696706265,https://ic.zigbang.com/ic/items/46783846/1.jpg
서대문구,북가좌동,46919207,"O증산역,신축급풀옵션,쾌적한 반지하원룸, 위치 최상",서대문구 북가좌동,서울시,서대문구,북가좌동,500,50,19.83,반지하,원룸,70000,37.5815196546419,126.908696706265,https://ic.zigbang.com/ic/items/46919207/1.jpg
서대문구,북가좌동,47067072,"넓은 사이즈 ,가성비 최고. 전세대출,교통편리, 깨끗",서대문구 북가좌동,서울시,서대문구,북가좌동,2000,42,23.2,3,원룸,100000,37.5813113725876,126.912906539614,https://ic.zigbang.com/ic/items/47067072/1.jpg
서대문구,북아현동,46830244,학생전용v.1.5층높이v.초저렴v.사이즈굳v.갓성비1등,서대문구 대신동,서울시,서대문구,대신동,500,31,23.14,1,원룸,90000,37.5681237816299,126.945500739305,https://ic.zigbang.com/ic/items/46830244/1.jpg
서대문구,북아현동,46836361,S리모델링S사이즈굳S풀옵션S깔끔한방,서대문구 신촌동,서울시,서대문구,신촌동,1000,70,23,2,원룸,50000,37.5675697141708,126.947997246011,https://ic.zigbang.com/ic/items/46836361/1.jpg
서대문구,북아현동,46854307,이대공대에서 가까워요.,서대문구 신촌동,서울시,서대문구,신촌동,7500,0,18,3,원룸,50002,37.5675480427181,126.948299256405,https://ic.zigbang.com/ic/items/46854307/1.jpg
서대문구,북아현동,46862162,연대동문에서 가까워요.,서대문구 대신동,서울시,서대문구,대신동,1000,84,19.98,4,원룸,90001,37.5673427913596,126.946271235814,https://ic.zigbang.com/ic/items/46862162/1.jpg
서대문구,북아현동,46997862,연대동문에서 가까워요.,서대문구 대신동,서울시,서대문구,대신동,1000,105,23.14,3,원룸,90001,37.5674905829764,126.9453514482,https://ic.zigbang.com/ic/items/46997862/1.jpg
서대문구,북아현동,47044264,0대신동고급빌라0구조굿0넓직한베란다0주차시설0바로입주0단기,서대문구 대신동,서울시,서대문구,대신동,500,120,57.42,1,원룸,,37.567987808476,126.945472766679,https://ic.zigbang.com/ic/items/47044264/1.jpg
서대문구,북아현동,47047361,"신촌세브란스병원과 연대동문에서 가까워요,",서대문구 신촌동,서울시,서대문구,신촌동,1000,80,26.45,6,원룸,70002,37.5675080635172,126.94713499532602,https://ic.zigbang.com/ic/items/47047361/1.jpg
서대문구,북아현동,47048503,"채광,실제2층,베란다3,넓직한분리형원룸,엘베,주차,2명거주",서대문구 대신동,서울시,서대문구,대신동,1000,110,57.42,1,원룸,100000,37.5679878084759,126.945472766679,https://ic.zigbang.com/ic/items/47048503/1.jpg
서대문구,북아현동,47066040,연세대 동문 최고의 리모델링 원룸,서대문구 대신동,서울시,서대문구,대신동,1000,60,17,2,원룸,85000,37.5679908605849,126.946432182569,https://ic.zigbang.com/ic/items/47066040/1.jpg
서대문구,연희동,46137044,연대동문에서 가까워요.,서대문구 대신동,서울시,서대문구,대신동,2000,30,9.92,1,원룸,90000,37.5688532938768,126.945254464419,https://ic.zigbang.com/ic/items/46137044/1.jpg
서대문구,연희동,46791520,연희삼거리 인근 조용한 주택가 신축 채광좋은 원룸,서대문구 연희동,서울시,서대문구,연희동,3500,75,18.8,2,원룸,100000,37.5689869819705,126.934755299665,https://ic.zigbang.com/ic/items/46791520/1.jpg
서대문구,연희동,46875699,v.No.1 v.빅사이즈 v.이화여대 v.연세대학교,서대문구 대신동,서울시,서대문구,대신동,1000,60,23.6,2,원룸,95000,37.5689589851125,126.94507010758,https://ic.zigbang.com/ic/items/46875699/1.jpg
서대문구,연희동,46912682,可中文V日本語연대북문V엘베O풀옵션V학생전용,서대문구 연희동,서울시,서대문구,연희동,1000,65,19.83,2,원룸,50000,37.5730114843377,126.936961677591,https://ic.zigbang.com/ic/items/46912682/1.jpg
서대문구,연희동,46944015,연대동문에서 가까워요.,서대문구 대신동,서울시,서대문구,대신동,1000,40,18,반지하,원룸,60002,37.5684994691833,126.94563629729,https://ic.zigbang.com/ic/items/46944015/1.jpg
서대문구,연희동,46963431,헤리티지 대로변 풀옵션 깔끔 쓰리룸 전입O 반려동물가능,서대문구 연희동,서울특별시,서대문구,연희동,3000,190,60.26,4,오피스텔,150000,37.5716483124332,126.935029067672,https://ic.zigbang.com/ic/items/46963431/1.jpg
서대문구,연희동,46971721,샤워부스o넓은방o신축급o엘베o통유리창o역대급,서대문구 연희동,서울시,서대문구,연희동,1000,65,23.14,2,원룸,65000,37.5730114843377,126.936961677591,https://ic.zigbang.com/ic/items/46971721/1.jpg
서대문구,연희동,47004854,ENG 채광 좋고 옵션끝판왕 쓰리룸 오피스텔,서대문구 연희동,서울특별시,서대문구,연희동,3000,190,64.16,중,오피스텔,130000,37.5716483124332,126.935029067672,https://ic.zigbang.com/ic/items/47004854/1.jpg
서대문구,연희동,47024830,㉧실사진테라스1.5룸신축급화이트톤㉧엘베유㉧주차ok㉧도배예정,서대문구 연희동,서울시,서대문구,연희동,5000,80,24.47,2,원룸,100000,37.57307361589215,126.9347379242564,https://ic.zigbang.com/ic/items/47024830/1.jpg
서대문구,연희동,47030468,LH전세대출가능한 안전한 원룸 다른대출도 OK,서대문구 연희동,서울시,서대문구,연희동,7350,0,15.92,1,원룸,100000,37.574384584935,126.934777306541,https://ic.zigbang.com/ic/items/47030468/1.jpg
서대문구,연희동,47048041,연희동 대로변 쓰리룸 오피스텔 신축 풀옵션 주차 반려동물,서대문구 연희동,서울특별시,서대문구,연희동,3000,190,64.16,중,오피스텔,150000,37.5716483124332,126.935029067672,https://ic.zigbang.com/ic/items/47048041/1.jpg
서대문구,연희동,47053551,큰대로변 인기 신축 고급 인테리어 인기3룸 반려동물 가능,서대문구 연희동,서울특별시,서대문구,연희동,3000,190,60.26,4,오피스텔,150000,37.5716483124332,126.935029067672,https://ic.zigbang.com/ic/items/47053551/1.jpg
서대문구,연희동,47053662,연희동 주민센터 인근 주택가 깔끔 원룸 전세,서대문구 연희동,서울시,서대문구,연희동,9000,0,12.66,2,원룸,70000,37.5729392005333,126.934924821229,https://ic.zigbang.com/ic/items/47053662/1.jpg
서대문구,연희동,47056439,v대로변 신축쓰리룸v 전입O사업자O반려O주차O 건조기풀옵션,서대문구 연희동,서울특별시,서대문구,연희동,3000,190,60.26,9,오피스텔,150000,37.5716483124332,126.935029067672,https://ic.zigbang.com/ic/items/47056439/1.jpg
서대문구,연희동,47056779,v대로변 신축쓰리룸v 전입O사업자O반려O주차O 건조기풀옵션,서대문구 연희동,서울특별시,서대문구,연희동,5000,180,64.16,7,오피스텔,150000,37.5716483124332,126.935029067672,https://ic.zigbang.com/ic/items/47056779/1.jpg
서대문구,연희동,47058797,연희동 신축 풀옵션 v깔끔 넓은3룸v 보증금조정O주차O,서대문구 연희동,서울특별시,서대문구,연희동,3000,190,64.16,7,오피스텔,150000,37.5716483124332,126.935029067672,https://ic.zigbang.com/ic/items/47058797/1.jpg
서대문구,연희동,47059168,ENGLISH 쓰리룸 오피스텔 신축 풀옵션 주차 반려동물,서대문구 연희동,서울특별시,서대문구,연희동,3000,190,60.26,9,오피스텔,150000,37.5716483124332,126.935029067672,https://ic.zigbang.com/ic/items/47059168/1.jpg
서대문구,연희동,47059175,ENGLISH 쓰리룸 오피스텔 신축 풀옵션 주차 반려동물,서대문구 연희동,서울특별시,서대문구,연희동,3000,190,64.16,7,오피스텔,150000,37.5716483124332,126.935029067672,https://ic.zigbang.com/ic/items/47059175/1.jpg
서대문구,연희동,47059478,연희동 대로변 신축쓰리룸 전입 주차 반려동물 보안 풀옵션,서대문구 연희동,서울특별시,서대문구,연희동,5000,180,60.26,6,오피스텔,150000,37.5716483124332,126.935029067672,https://ic.zigbang.com/ic/items/47059478/1.jpg
서대문구,연희동,47065868,하이엔드 쓰리룸 오피스텔 신축 풀옵션 주차 반려동물,서대문구 연희동,서울특별시,서대문구,연희동,3000,190,64.16,4,오피스텔,150000,37.5716483124332,126.935029067672,https://ic.zigbang.com/ic/items/47065868/1.jpg
서대문구,현저동,46825212,ENG 中文 o 연대 동문o 이대 후문 o 넓고 깔끔,서대문구 신촌동,서울시,서대문구,신촌동,500,55,24.75,반지하,원룸,,37.5682118584452,126.947600285709,https://ic.zigbang.com/ic/items/46825212/1.jpg
서대문구,홍은동,47003998,"보증금 없이 1년치 월세 선납 조건, 넓은 분리형 원룸.",서대문구 홍은동,서울시,서대문구,홍은동,1080,90,27.46,5,원룸,80000,37.5913890457519,126.933192001128,https://ic.zigbang.com/ic/items/47003998/1.jpg
서대문구,홍은동,47030492,v역대급 v신축급 v화이트톤 v실평수넓다 v채광짱짱방,서대문구 홍은동,서울시,서대문구,홍은동,500,63,16.59,2,원룸,50000,37.5872884202531,126.933140187733,https://ic.zigbang.com/ic/items/47030492/1.jpg
서대문구,홍은동,47061122,"홍제역세권, 풀옵션,  전철 1분거리",서대문구 홍제동,서울시,서대문구,홍제동,1000,50,13.5,3,원룸,50000,37.5888542969385,126.944714006582,https://ic.zigbang.com/ic/items/47061122/1.jpg
서대문구,홍제동,46931414,"신축급으로 상태최상,보증금대출불가능",서대문구 홍제동,서울시,서대문구,홍제동,9000,0,22,3,원룸,60000,37.5954887031707,126.948183229706,https://ic.zigbang.com/ic/items/46931414/1.jpg
서대문구,홍제동,47055232,"님향,간호대 도보2분, 상명대 버스5분 깨끗한 원룸",서대문구 홍제동,서울시,서대문구,홍제동,500,42,12.23,3,원룸,50000,37.596037710307314,126.94846457717748,https://ic.zigbang.com/ic/items/47055232/1.jpg
