﻿search_gu,search_dong,item_id,title,address,local1,local2,local3,deposit,rent,size_m2,floor,service_type,manage_cost,lat,lng,thumbnail
중랑구,망우동,46736820,11.28ꕤ 보증보험OK ꕤ 귀한전세 단지내최저가 실가격,중랑구 망우동,서울특별시,중랑구,망우동,30000,0,81.23,중,오피스텔,140000,37.6103183,127.101579,https://ic.zigbang.com/ic/items/46736820/1.jpg
중랑구,망우동,46870667,신축급 풀옵션1룸 빠른입주가능 대출OK,중랑구 신내동,서울시,중랑구,신내동,7000,0,13.54,3,원룸,50000,37.6015806626522,127.099365804457,https://ic.zigbang.com/ic/items/46870667/1.jpg
중랑구,망우동,47049695,11.28ꕤ 전입가능 보증금조율O 채광완전좋은집 ꕤ,중랑구 망우동,서울특별시,중랑구,망우동,5000,120,83.02,중,오피스텔,140000,37.6103183,127.101579,https://ic.zigbang.com/ic/items/47049695/1.jpg
중랑구,면목동,46620885,면목역세권.풀옵션 원룸.주차불가.동물불가.공실,중랑구 면목동,서울시,중랑구,면목동,1000,50,17,3,원룸,70000,37.5899960062176,127.087870795994,https://ic.zigbang.com/ic/items/46620885/1.jpg
중랑구,면목동,46624648,"HF청년버팀목대출, 상봉역2분거리 대로변, 풀옵션1.5룸",중랑구 상봉동,서울특별시,중랑구,상봉동,16000,30,30,7,오피스텔,70000,37.5937138549596,127.085793976928,https://ic.zigbang.com/ic/items/46624648/1.jpg
중랑구,면목동,46736392,초역세권 공간좋은 풀옵션 원룸,중랑구 면목동,서울시,중랑구,면목동,500,35,20.5,반지하,원룸,70000,37.5874040314909,127.088474051069,https://ic.zigbang.com/ic/items/46736392/1.jpg
중랑구,면목동,46748113,중기청 LH대출 SH대출 가능한 풀옵션 1.5룸 좋은집,중랑구 면목동,서울시,중랑구,면목동,10000,20,25,3,원룸,70000,37.5858229017287,127.089282263747,https://ic.zigbang.com/ic/items/46748113/1.jpg
중랑구,면목동,46754850,7호선 원룸전세 사가정역 주변 풀옵션 원룸  공간이 좋아요,중랑구 면목동,서울시,중랑구,면목동,7497,0,25.99,1,원룸,75000,37.5836915317821,127.084608423262,https://ic.zigbang.com/ic/items/46754850/1.jpg
중랑구,면목동,46759001,초역세권 저렴한 풀옵션 원룸 O 보면 바로 계약할집,중랑구 상봉동,서울시,중랑구,상봉동,1000,65,18,5,원룸,100000,37.5951675596861,127.085109337911,https://ic.zigbang.com/ic/items/46759001/1.jpg
중랑구,면목동,46763313,상봉초역세권.쓰리룸.주차가능.전대가능.3월입주.,중랑구 상봉동,서울특별시,중랑구,상봉동,60000,0,95,고,오피스텔,300000,37.5966477,127.088018,https://ic.zigbang.com/ic/items/46763313/1.jpg
중랑구,면목동,46769668,실평수 8평  넓은 원룸  월세는 관리비포함가격임,중랑구 상봉동,서울시,중랑구,상봉동,1000,60,26.45,1,원룸,,37.598491343943,127.087169308273,https://ic.zigbang.com/ic/items/46769668/1.jpg
중랑구,면목동,46772145,가격대비공간.위치 좋음.오픈형 풀옵션원룸,중랑구 면목동,서울시,중랑구,면목동,2000,50,23,4,원룸,60000,37.5842195691401,127.092347733396,https://ic.zigbang.com/ic/items/46772145/1.jpg
중랑구,면목동,46780402,즉시입주 가능한 상봉역5분 풀옵션 원룸  주차가능,중랑구 상봉동,서울시,중랑구,상봉동,2000,50,23,2,원룸,50000,37.5924292759087,127.083582832341,https://ic.zigbang.com/ic/items/46780402/1.jpg
중랑구,면목동,46784331,O귀한 넓은풀옵션O상봉초역세권원룸,중랑구 상봉동,서울시,중랑구,상봉동,1000,60,23.14,5,원룸,100000,37.5951675596861,127.085109337911,https://ic.zigbang.com/ic/items/46784331/1.jpg
중랑구,면목동,46794496,가격대비최고 저렴한 전세가격의 분리형원룸 좋은집,중랑구 면목동,서울시,중랑구,면목동,7000,0,25,1,원룸,,37.5916952312576,127.084352076361,https://ic.zigbang.com/ic/items/46794496/1.jpg
중랑구,면목동,46799340,허그버팀목 . 보증보험 . 주차가능 . 신축급1.5룸,중랑구 상봉동,서울시,중랑구,상봉동,17300,18,22.45,6,원룸,100000,37.5938314341413,127.089078163025,https://ic.zigbang.com/ic/items/46799340/1.jpg
중랑구,면목동,46802399,깔끔한 풀옵션 1.5룸,중랑구 면목동,서울시,중랑구,면목동,10000,20,24,3,원룸,60000,37.5858229017287,127.089282263747,https://ic.zigbang.com/ic/items/46802399/1.jpg
중랑구,면목동,46814059,"모든대출가능,보증보험가능,주차가능,공간넓은 1.5룸",중랑구 상봉동,서울시,중랑구,상봉동,17300,18,23.01,6,원룸,100000,37.5938314341413,127.089078163025,https://ic.zigbang.com/ic/items/46814059/1.jpg
중랑구,면목동,46821314,상봉역2분 첫입주 고층트인뷰 드레스룸,중랑구 상봉동,서울특별시,중랑구,상봉동,43000,0,153.58,18,오피스텔,150000,37.5966477,127.088018,https://ic.zigbang.com/ic/items/46821314/1.jpg
중랑구,면목동,46824519,상봉역 초역세권 신축급  오피스텔 1.5룸,중랑구 상봉동,서울특별시,중랑구,상봉동,20000,4,18.4,중,오피스텔,99000,37.5960373078702,127.088870062612,https://ic.zigbang.com/ic/items/46824519/1.jpg
중랑구,면목동,46825179,초가성비 면목역 5분이내 동원시장 3분이내 7호선 인프,중랑구 면목동,서울시,중랑구,면목동,2000,60,19.8,4,원룸,50000,37.5909329274264,127.088860822451,https://ic.zigbang.com/ic/items/46825179/1.jpg
중랑구,면목동,46826961,신축급 풀옵션 분리형 원룸,중랑구 면목동,서울시,중랑구,면목동,5000,50,26.68,1,원룸,100000,37.5881346746883,127.082976250647,https://ic.zigbang.com/ic/items/46826961/1.jpg
중랑구,면목동,46836097,"OHF버팀목,보험가능O 상봉초역세권 풀옵션 원룸",중랑구 상봉동,서울시,중랑구,상봉동,10000,16,17,6,원룸,90000,37.5958361152248,127.085081564272,https://ic.zigbang.com/ic/items/46836097/1.jpg
중랑구,면목동,46837738,청년버팀목hf 보증보험ok 풀옵션 1.5룸,중랑구 상봉동,서울특별시,중랑구,상봉동,16000,30,27,고,오피스텔,70000,37.5937138549596,127.085793976928,https://ic.zigbang.com/ic/items/46837738/1.jpg
중랑구,면목동,46837879,초역세권.면목역도보 3분거리 5층.풀옵션원룸,중랑구 면목동,서울시,중랑구,면목동,2000,40,20,5,원룸,50000,37.5898319539961,127.086626935672,https://ic.zigbang.com/ic/items/46837879/1.jpg
중랑구,면목동,46837945,상봉초역세권.1.5룸.풀옵션.주차가능.,중랑구 상봉동,서울시,중랑구,상봉동,3000,65,27.19,1,원룸,60000,37.5947495012388,127.082312350771,https://ic.zigbang.com/ic/items/46837945/1.jpg
중랑구,면목동,46849139,면목역세권 깔끔한풀옵션원룸  1월말경 입주협의,중랑구 면목동,서울시,중랑구,면목동,1000,50,18,1,원룸,60000,37.5862859287152,127.088795404691,https://ic.zigbang.com/ic/items/46849139/1.jpg
중랑구,면목동,46853575,"사가정역도보편리,깔끔한 풀옵션 반지층1.5룸",중랑구 면목동,서울시,중랑구,면목동,300,30,25,반지하,원룸,0,37.5836629199334,127.09202177615,https://ic.zigbang.com/ic/items/46853575/1.jpg
중랑구,면목동,46854027,면목역 초역세권 가성비좋은 풀옵션 원룸,중랑구 면목동,서울시,중랑구,면목동,1000,40,18,5,원룸,50000,37.5898319539961,127.086626935672,https://ic.zigbang.com/ic/items/46854027/1.jpg
중랑구,면목동,46859968,z제일낮은가격z 바로입주 신축2년차 반려동물 주차 넓은호실,중랑구 상봉동,서울특별시,중랑구,상봉동,2000,85,43.07,6,오피스텔,99000,37.5960373078702,127.088870062612,https://ic.zigbang.com/ic/items/46859968/1.jpg
중랑구,면목동,46860217,대출 및 보증보험가능 주택임대사업자안전한 초역세권풀옵션원룸,중랑구 상봉동,서울시,중랑구,상봉동,10000,15,12.08,6,원룸,100000,37.5958361152248,127.085081564272,https://ic.zigbang.com/ic/items/46860217/1.jpg
중랑구,면목동,46862553,면목역 역세권. 바닥1층. 1.5룸. 공간좋음,중랑구 면목동,서울시,중랑구,면목동,3000,0,19,1,원룸,,37.5924861740486,127.091421200492,https://ic.zigbang.com/ic/items/46862553/1.jpg
중랑구,면목동,46862573,HF가능 상봉역1분 1월중이사가능,중랑구 상봉동,서울시,중랑구,상봉동,10000,20,20,6,원룸,50000,37.5958361152248,127.085081564272,https://ic.zigbang.com/ic/items/46862573/1.jpg
중랑구,면목동,46864928,"모든 대출 보증보험 가능,풀옵션 1.5룸,사가정역 도보8분",중랑구 면목동,서울시,중랑구,면목동,14000,11,22.87,4,원룸,100000,37.5854601597809,127.092330358412,https://ic.zigbang.com/ic/items/46864928/1.jpg
중랑구,면목동,46884071,면목역초역세권. 깔끔한 풀옵션 원룸. 책상. 옷장,중랑구 면목동,서울시,중랑구,면목동,500,50,19.3,5,원룸,50000,37.5882627700722,127.089664475025,https://ic.zigbang.com/ic/items/46884071/1.jpg
중랑구,면목동,46886535,보증보험 가입 가능 반려동물가능 풀옵션 내부 컨디션 좋음,중랑구 상봉동,서울특별시,중랑구,상봉동,5000,74,27.9,6,오피스텔,99000,37.5960373078702,127.088870062612,https://ic.zigbang.com/ic/items/46886535/1.jpg
중랑구,면목동,46889305,남향 분리형원룸 버팀목대출 보증보험,중랑구 상봉동,서울특별시,중랑구,상봉동,15000,26,25,15,오피스텔,99000,37.5960373078702,127.088870062612,https://ic.zigbang.com/ic/items/46889305/1.jpg
중랑구,면목동,46891500,신축급 풀옵션 분리형 원룸 애완동물 가능,중랑구 면목동,서울특별시,중랑구,면목동,5000,77,41.11,13,오피스텔,99000,37.5891537351856,127.089935697107,https://ic.zigbang.com/ic/items/46891500/1.jpg
중랑구,면목동,46892279,넓은원룸 풀옵션 상봉역2분 월세,중랑구 상봉동,서울시,중랑구,상봉동,1000,70,21,2,원룸,70000,37.5940859694324,127.087140051014,https://ic.zigbang.com/ic/items/46892279/1.jpg
중랑구,면목동,46893944,"면목역3분.풀옵션.12월26일경부터.2000월40가,채광짱",중랑구 면목동,서울시,중랑구,면목동,1000,45,18,5,원룸,50000,37.5898319539961,127.086626935672,https://ic.zigbang.com/ic/items/46893944/1.jpg
중랑구,면목동,46897248,"상봉역 초역세권 도보1분, 깔끔한 오피스텔 큰원룸",중랑구 상봉동,서울특별시,중랑구,상봉동,2000,75,33.06,저,오피스텔,80000,37.59574177841,127.086449667201,https://ic.zigbang.com/ic/items/46897248/1.jpg
중랑구,면목동,46897650,정사각형 구조 풀옵션 원룸 애완동물 가능,중랑구 상봉동,서울시,중랑구,상봉동,3000,50,15.74,6,원룸,70000,37.5953534873079,127.08834769479,https://ic.zigbang.com/ic/items/46897650/1.jpg
중랑구,면목동,46897671,상봉역 도보 1분 신축급 풀 옵션 원룸 애완동물 가능,중랑구 상봉동,서울시,중랑구,상봉동,3000,50,16,4,원룸,70000,37.5946796020204,127.086937264044,https://ic.zigbang.com/ic/items/46897671/1.jpg
중랑구,면목동,46898189,사업자등록 가능 넓은 분리형 풀옵션 상봉초역세권,중랑구 상봉동,서울시,중랑구,상봉동,1000,80,27.84,2,원룸,60000,37.5950356292017,127.085269299475,https://ic.zigbang.com/ic/items/46898189/1.jpg
중랑구,면목동,46902396,"HF청년버팀목, 상봉역1번거리, 풀옵션 , 테라스",중랑구 상봉동,서울특별시,중랑구,상봉동,13800,30,30,6,오피스텔,85000,37.59562837607241,127.08603532548032,https://ic.zigbang.com/ic/items/46902396/1.jpg
중랑구,면목동,46908239,상봉역 도보2분 1.5룸 크기의  풀옵션 원룸,중랑구 상봉동,서울특별시,중랑구,상봉동,2000,75,32.03,2,오피스텔,80000,37.59574177841,127.086449667201,https://ic.zigbang.com/ic/items/46908239/1.jpg
중랑구,면목동,46908663,"버팀목HF ,일반대출 ,보증보험.1.5룸 분리형",중랑구 상봉동,서울특별시,중랑구,상봉동,20300,0,27.09,고,오피스텔,80000,37.59574177841,127.086449667201,https://ic.zigbang.com/ic/items/46908663/1.jpg
중랑구,면목동,46909022,주차o반려동물o면목역 초역세권 신축 풀옵션 분리형원룸,중랑구 면목동,서울특별시,중랑구,면목동,5000,76,41.11,13,오피스텔,99000,37.5891537351856,127.089935697107,https://ic.zigbang.com/ic/items/46909022/1.jpg
중랑구,면목동,46909322,대출o보증보험o 반려동물o 주차o 보증금조율o,중랑구 면목동,서울특별시,중랑구,면목동,24000,59,45.36,6,오피스텔,110000,37.5905692548049,127.078889552263,https://ic.zigbang.com/ic/items/46909322/1.jpg
중랑구,면목동,46909582,허그 청년버텀목hf 카뱅크 대출가능 보증보험가입가능,중랑구 상봉동,서울시,중랑구,상봉동,14500,15,21.23,3,원룸,65000,37.5944094143507,127.087032857481,https://ic.zigbang.com/ic/items/46909582/1.jpg
중랑구,면목동,46912505,상봉.망우역,중랑구 상봉동,서울특별시,중랑구,상봉동,1000,90,32.84,저,오피스텔,90000,37.5963108,127.089656,https://ic.zigbang.com/ic/items/46912505/1.jpg
중랑구,면목동,46912599,풀옵션 분리형 원룸 입주혐의 모든대출 가능 합니다,중랑구 상봉동,서울시,중랑구,상봉동,14000,20,19.07,3,원룸,65000,37.5944094143507,127.087032857481,https://ic.zigbang.com/ic/items/46912599/1.jpg
중랑구,면목동,46916397,"상봉초역세권,넓은원룸,베란다 보유,모든대출가능,가성비",중랑구 상봉동,서울시,중랑구,상봉동,13400,15,16.12,7,원룸,80000,37.594033111162,127.089389224525,https://ic.zigbang.com/ic/items/46916397/1.jpg
중랑구,면목동,46917039,사가정  도보5분거리 풀옵션 엘베있는 원룸,중랑구 면목동,서울시,중랑구,면목동,1000,42,17,4,원룸,80000,37.582807520494,127.090971222737,https://ic.zigbang.com/ic/items/46917039/1.jpg
중랑구,면목동,46921542,LH청년 허그버팀목 가능 상봉역 역세권 풀옵션 분리형 원룸,중랑구 상봉동,서울특별시,중랑구,상봉동,12000,29,34.95,중,오피스텔,90000,37.5941027588837,127.088430913556,https://ic.zigbang.com/ic/items/46921542/1.jpg
중랑구,면목동,46926934,"허그청년버팀목, 상봉역2분역세권, 풀옵션원룸, 보증보험가",중랑구 상봉동,서울특별시,중랑구,상봉동,13500,10,19,8,오피스텔,70000,37.5953333,127.086584,https://ic.zigbang.com/ic/items/46926934/1.jpg
중랑구,면목동,46929806,주차가능한 빌라식주택 1.5룸,중랑구 면목동,서울시,중랑구,면목동,2000,75,23.14,2,원룸,60000,37.5861283109616,127.086536370057,https://ic.zigbang.com/ic/items/46929806/1.jpg
중랑구,면목동,46931668,"면목역 6분 준신축급 분리형 1.5룸,풀옵션, 주차가능",중랑구 면목동,서울시,중랑구,면목동,10000,20,27,3,원룸,60000,37.5858229017287,127.089282263747,https://ic.zigbang.com/ic/items/46931668/1.jpg
중랑구,면목동,46934567,면목역2분.즉시입주.풀옵션.주차가.다용실있음.,중랑구 면목동,서울시,중랑구,면목동,1000,50,19,1,원룸,70000,37.5899960062176,127.087870795994,https://ic.zigbang.com/ic/items/46934567/1.jpg
중랑구,면목동,46935892,"귀한1.5룸 주차 버팀목hf,중기청LHSH 보증보험 신축급",중랑구 상봉동,서울특별시,중랑구,상봉동,16000,30,28.5,8,오피스텔,70000,37.5937138549596,127.085793976928,https://ic.zigbang.com/ic/items/46935892/1.jpg
중랑구,면목동,46936608,사가정역 도보 5분 l 압도적가성비 l 풀옵션 원룸 월세,중랑구 면목동,서울시,중랑구,면목동,1000,55,16.53,2,원룸,50000,37.5837195900445,127.090861720451,https://ic.zigbang.com/ic/items/46936608/1.jpg
중랑구,면목동,46940042,"대출가능,초역세권 풀옵션 올수리 1년계약가능",중랑구 상봉동,서울시,중랑구,상봉동,4000,30,30,1,원룸,,37.5938258758142,127.084380864158,https://ic.zigbang.com/ic/items/46940042/1.jpg
중랑구,면목동,46940091,풀옵션 버팀목허그 hf가능 보증보험ok,중랑구 상봉동,서울시,중랑구,상봉동,14000,20,20,3,원룸,45000,37.5944094143507,127.087032857481,https://ic.zigbang.com/ic/items/46940091/1.jpg
중랑구,면목동,46940120,"저렴한 풀옵션 깔끔, 1년계약가능",중랑구 상봉동,서울시,중랑구,상봉동,300,42,16.53,2,원룸,30000,37.5932061141295,127.082682839432,https://ic.zigbang.com/ic/items/46940120/1.jpg
중랑구,면목동,46940278,상봉역초역세권.분리형원룸.주차불가.반려동물입주불가,중랑구 상봉동,서울시,중랑구,상봉동,500,50,18,5,원룸,50000,37.5943140856135,127.080698086374,https://ic.zigbang.com/ic/items/46940278/1.jpg
중랑구,면목동,46940437,상봉역 초역세권 깔끔단기매물 풀옵션 즉시입주가능,중랑구 상봉동,서울특별시,중랑구,상봉동,300,110,41.46,중,오피스텔,70000,37.5946429449554,127.087407250162,https://ic.zigbang.com/ic/items/46940437/1.jpg
중랑구,면목동,46942106,허그대출등 보증보험OK 초역세권 풀옵션,중랑구 상봉동,서울시,중랑구,상봉동,14500,15,22,3,원룸,65000,37.5944094143507,127.087032857481,https://ic.zigbang.com/ic/items/46942106/1.jpg
중랑구,면목동,46942110,ꯁ 11.28 ꯁ 주거용 분리형복층 오피스텔 깔끔해용 ꯁ,중랑구 상봉동,서울특별시,중랑구,상봉동,21000,0,32.84,고,오피스텔,120000,37.5963108,127.089656,https://ic.zigbang.com/ic/items/46942110/1.jpg
중랑구,면목동,46945301,OLH가능. 보증보험 가능O대로변 풀옵션 반려동물O,중랑구 상봉동,서울특별시,중랑구,상봉동,10200,30,22,중,오피스텔,80000,37.59581,127.0853,https://ic.zigbang.com/ic/items/46945301/1.jpg
중랑구,면목동,46945900,허그대출등  보증보험ok 풀옵션 1.5룸,중랑구 상봉동,서울시,중랑구,상봉동,17300,18,26.45,6,원룸,100000,37.5938314341413,127.089078163025,https://ic.zigbang.com/ic/items/46945900/1.jpg
중랑구,면목동,46951373,"주차가능,면목역 초역세권 풀옵션원룸",중랑구 면목동,서울시,중랑구,면목동,1000,50,18,1,원룸,70000,37.5899960062176,127.087870795994,https://ic.zigbang.com/ic/items/46951373/1.jpg
중랑구,면목동,46953378,HUG 버팀목 LH SH 대출 및 보증보험 가입가능,중랑구 상봉동,서울시,중랑구,상봉동,17300,18,23.01,6,원룸,100000,37.5938314341413,127.089078163025,https://ic.zigbang.com/ic/items/46953378/1.jpg
중랑구,면목동,46953650,"lh,버팀목ok 보증보험ok 상봉역 풀옵션 신축급",중랑구 상봉동,서울특별시,중랑구,상봉동,15000,26,45.32,고,오피스텔,99000,37.5960373078702,127.088870062612,https://ic.zigbang.com/ic/items/46953650/1.jpg
중랑구,면목동,46956668,"베란다 있는 넓은 풀옵션 원룸,여성전용,중화역",중랑구 중화동,서울시,중랑구,중화동,1000,50,19,2,원룸,50000,37.5990548111147,127.080989475366,https://ic.zigbang.com/ic/items/46956668/1.jpg
중랑구,면목동,46958807,"LH, 청년버팀목허그 상봉역1분 분리형복층 반전세",중랑구 상봉동,서울시,중랑구,상봉동,14500,15,19.07,3,원룸,65000,37.5944094143507,127.087032857481,https://ic.zigbang.com/ic/items/46958807/1.jpg
중랑구,면목동,46962973,7호선 사가정역 수리된 옵션있는 반지층 주택 원룸 월세,중랑구 면목동,서울시,중랑구,면목동,300,30,24,반지하,원룸,,37.5836629199334,127.09202177615,https://ic.zigbang.com/ic/items/46962973/1.jpg
중랑구,면목동,46963327,"상봉역까지3분,대로변,풀옵션,안심귀가,3달이상",중랑구 상봉동,서울시,중랑구,상봉동,200,90,18.18,3,원룸,70000,37.5940859694324,127.087140051014,https://ic.zigbang.com/ic/items/46963327/1.jpg
중랑구,면목동,46963388,사가정역5분.즉시입주.하이샤시창.방화문,중랑구 면목동,서울시,중랑구,면목동,200,20,18,반지하,원룸,0,37.5823959598308,127.08503173638,https://ic.zigbang.com/ic/items/46963388/1.jpg
중랑구,면목동,46965144,상봉역 도보2분 사이즈 큰  풀옵션,중랑구 상봉동,서울특별시,중랑구,상봉동,1000,70,27.09,저,오피스텔,80000,37.59612097950063,127.08758494604294,https://ic.zigbang.com/ic/items/46965144/1.jpg
중랑구,면목동,46965228,"풀 옵션 분리형 원룸,상봉역5분",중랑구 상봉동,서울특별시,중랑구,상봉동,5000,76,18.4,중,오피스텔,99000,37.5960373078702,127.088870062612,https://ic.zigbang.com/ic/items/46965228/1.jpg
중랑구,면목동,46965486,"1.5룸 l LH,버팀목 가능 l 보증 가능 l 반려동물O",중랑구 상봉동,서울특별시,중랑구,상봉동,5000,72,20,8,오피스텔,99000,37.5960373078702,127.088870062612,https://ic.zigbang.com/ic/items/46965486/1.jpg
중랑구,면목동,46965868,부엌과 방이 분리된 구조 원룸건물 풀옵션이고 베란다 있어요,중랑구 면목동,서울시,중랑구,면목동,500,45,21,반지하,원룸,70000,37.587043267087,127.08836312023,https://ic.zigbang.com/ic/items/46965868/1.jpg
중랑구,면목동,46965879,원룸건물로  풀옵션이고 공간은 작아도 있을건 다아있음,중랑구 상봉동,서울시,중랑구,상봉동,2000,25,13.22,4,원룸,60000,37.5946429707153,127.085028458496,https://ic.zigbang.com/ic/items/46965879/1.jpg
중랑구,면목동,46966046,z테라스z 상봉역1분 대로변 대출 버팀목HF 등 보증보험,중랑구 상봉동,서울특별시,중랑구,상봉동,13800,30,31.06,6,오피스텔,85000,37.59562837607241,127.08603532548032,https://ic.zigbang.com/ic/items/46966046/1.jpg
중랑구,면목동,46966744,"오피스텔 1룸 청년LH,버팀목허그,HF 보증보험 상봉역1분",중랑구 상봉동,서울특별시,중랑구,상봉동,12000,13,20,9,오피스텔,70000,37.5953333,127.086584,https://ic.zigbang.com/ic/items/46966744/1.jpg
중랑구,면목동,46967417,단기 계약 가능 합니다 컨디션 양호 합니다 항시 입주 됩니,중랑구 상봉동,서울시,중랑구,상봉동,200,90,22,3,원룸,70000,37.5940859694324,127.087140051014,https://ic.zigbang.com/ic/items/46967417/1.jpg
중랑구,면목동,46969637,청년버팀목HF상봉역5분 1.5룸 풀옵션 전세 보증보험OK,중랑구 상봉동,서울특별시,중랑구,상봉동,19800,0,26,고,오피스텔,99000,37.5960373078702,127.088870062612,https://ic.zigbang.com/ic/items/46969637/1.jpg
중랑구,면목동,46969955,7호선 사가정역  채광좋은 남향  풀옵션 원룸 월세,중랑구 면목동,서울시,중랑구,면목동,1000,42,16.52,4,원룸,80000,37.58280944824219,127.09097290039064,https://ic.zigbang.com/ic/items/46969955/1.jpg
중랑구,면목동,46970220,풀옵션 버팀목허그 hf가능 보증보험ok,중랑구 상봉동,서울특별시,중랑구,상봉동,12000,13,25,9,오피스텔,70000,37.5953333,127.086584,https://ic.zigbang.com/ic/items/46970220/1.jpg
중랑구,면목동,46974161,"O허그,보험O 넓은 풀옵션",중랑구 상봉동,서울시,중랑구,상봉동,15000,0,23.14,5,원룸,85000,37.5940165681335,127.079918391211,https://ic.zigbang.com/ic/items/46974161/1.jpg
중랑구,면목동,46974428,"lh,버팀목hf,보증보험ok 면목역3분 대로변",중랑구 면목동,서울특별시,중랑구,면목동,17700,3,41,중,오피스텔,99000,37.5891537351856,127.089935697107,https://ic.zigbang.com/ic/items/46974428/1.jpg
중랑구,면목동,46976273,z허그가능z신축오피스텔 상봉역3분 실면적넓음 주차 보증보험,중랑구 상봉동,서울특별시,중랑구,상봉동,23670,0,30,7,오피스텔,99000,37.5936958359251,127.087753762254,https://ic.zigbang.com/ic/items/46976273/1.jpg
중랑구,면목동,46977253,"거실넓은1.5룸 버팀목허그,HF 풀옵션 상봉역5분",중랑구 상봉동,서울시,중랑구,상봉동,17300,18,25,6,원룸,100000,37.5938314341413,127.089078163025,https://ic.zigbang.com/ic/items/46977253/1.jpg
중랑구,면목동,46977401,청년버팀목허그가 상봉역6분 1.5룸 풀옵션 반전세,중랑구 상봉동,서울시,중랑구,상봉동,17300,18,24,6,원룸,100000,37.5938314341413,127.089078163025,https://ic.zigbang.com/ic/items/46977401/1.jpg
중랑구,면목동,46977835,면목역30초  풀옵션 주차가능,중랑구 면목동,서울시,중랑구,면목동,1000,50,17,1,원룸,70000,37.5899960062176,127.087870795994,https://ic.zigbang.com/ic/items/46977835/1.jpg
중랑구,면목동,46978082,"복층 버팀목허그, hf, lh가능 보증보헙",중랑구 상봉동,서울시,중랑구,상봉동,14500,15,23,3,원룸,65000,37.5944094143507,127.087032857481,https://ic.zigbang.com/ic/items/46978082/1.jpg
중랑구,면목동,46980013,"LH,HUG 보증보험 가능,복층형 원룸,신축급, 상봉역1분",중랑구 상봉동,서울시,중랑구,상봉동,15000,15,21.23,3,원룸,65000,37.5944094143507,127.087032857481,https://ic.zigbang.com/ic/items/46980013/1.jpg
중랑구,면목동,46980034,풀옵션 1.5룸 버팀목허그가능 빠른입주가능,중랑구 상봉동,서울시,중랑구,상봉동,17300,18,29,6,원룸,100000,37.5938314341413,127.089078163025,https://ic.zigbang.com/ic/items/46980034/1.jpg
중랑구,면목동,46982255,"상봉역5분거리, 분리형원룸, 조용한주택가",중랑구 상봉동,서울시,중랑구,상봉동,2000,35,18.2,1,원룸,0,37.5982849880325,127.084860141084,https://ic.zigbang.com/ic/items/46982255/1.jpg
중랑구,면목동,46982292,"상봉역4분, 19년신축 풀옵션원룸,중기청,대출가능",중랑구 중화동,서울시,중랑구,중화동,6500,0,16.53,2,원룸,,37.6001941879732,127.085358984841,https://ic.zigbang.com/ic/items/46982292/1.jpg
중랑구,면목동,46982309,중화역4분.전용넓은완벽한풀옵션.공실.여성만입주.다용도공간큼,중랑구 중화동,서울시,중랑구,중화동,1000,50,17.61,2,원룸,50000,37.59905571257667,127.08098879690782,https://ic.zigbang.com/ic/items/46982309/1.jpg
중랑구,면목동,46982336,"상봉역1분,풀옵션반지하원룸,빠른입주,500만원38만원가능",중랑구 상봉동,서울시,중랑구,상봉동,1000,35,15.68,반지하,원룸,,37.59772613526008,127.0856889698484,https://ic.zigbang.com/ic/items/46982336/1.jpg
중랑구,면목동,46984446,"OHF분리형,보험O풀옵션,대출가능 상봉초역세권",중랑구 상봉동,서울특별시,중랑구,상봉동,20300,0,29.75,8,오피스텔,80000,37.59574177841,127.086449667201,https://ic.zigbang.com/ic/items/46984446/1.jpg
중랑구,면목동,46984636,"상봉역1분,테라스까지 있는 너무 넓은 복층원룸,보증금조절x",중랑구 상봉동,서울시,중랑구,상봉동,5000,60,18,8,원룸,70000,37.5946796020204,127.086937264044,https://ic.zigbang.com/ic/items/46984636/1.jpg
중랑구,면목동,46985242,중화역 6분 상봉역 4분 신축급 풀옵션원룸,중랑구 중화동,서울시,중랑구,중화동,500,38,14,1,원룸,70000,37.6001803326015,127.085456016592,https://ic.zigbang.com/ic/items/46985242/1.jpg
중랑구,면목동,46986638,버팀목 O 보증보험 O 상봉역 초역세권 O 풀옵션 O,중랑구 상봉동,서울시,중랑구,상봉동,17300,18,23.01,6,원룸,100000,37.5938314341413,127.089078163025,https://ic.zigbang.com/ic/items/46986638/1.jpg
중랑구,면목동,46986952,상봉역 청년전용 허그버팀목 LH대출 보증보험 분리형 원룸,중랑구 상봉동,서울특별시,중랑구,상봉동,13000,32,26.96,고,오피스텔,90000,37.5941027588837,127.088430913556,https://ic.zigbang.com/ic/items/46986952/1.jpg
중랑구,면목동,46988240,7호선 면목역 가성비 좋은 풀옵션 원룸 전세 이네요,중랑구 면목동,서울시,중랑구,면목동,5000,0,18,3,원룸,50000,37.5890287104467,127.085651597663,https://ic.zigbang.com/ic/items/46988240/1.jpg
중랑구,면목동,46988272,"상봉역, 면목역 역세권. 풀옵션 원룸 . 다용도실. 도배0",중랑구 면목동,서울시,중랑구,면목동,1000,60,24,1,원룸,20000,37.59064193918958,127.0840186807566,https://ic.zigbang.com/ic/items/46988272/1.jpg
중랑구,면목동,46989613,"즉시입주, 깔끔한 풀옵션 원룸",중랑구 상봉동,서울시,중랑구,상봉동,500,40,16.53,1,원룸,50000,37.5933700265723,127.081875685654,https://ic.zigbang.com/ic/items/46989613/1.jpg
중랑구,면목동,46990297,아파트형원룸  풀옵션 무료주차되고   빌트인 베리굿 강추,중랑구 면목동,서울시,중랑구,면목동,1000,55,19.6,6,원룸,80000,37.58790800763364,127.0869503336902,https://ic.zigbang.com/ic/items/46990297/1.jpg
중랑구,면목동,46990344,분리형구조로  원룸건물  풀옵션이고 내부 공간 크고 좋아요,중랑구 면목동,서울시,중랑구,면목동,500,55,23.14,2,원룸,70000,37.5873952119972,127.08834009938694,https://ic.zigbang.com/ic/items/46990344/1.jpg
중랑구,면목동,46991419,신축급 상봉역5분 큰1.5룸실9평 풀옵션 전세 보증보험ok,중랑구 상봉동,서울특별시,중랑구,상봉동,20000,16,30,18,오피스텔,99000,37.5960373078702,127.088870062612,https://ic.zigbang.com/ic/items/46991419/1.jpg
중랑구,면목동,46992591,즉시입주 초역세권 깔끔한 풀옵션 원룸,중랑구 상봉동,서울시,중랑구,상봉동,1000,30,16.5,2,원룸,60000,37.5946429707153,127.085028458496,https://ic.zigbang.com/ic/items/46992591/1.jpg
중랑구,면목동,46992653,상봉역 뻥뷰  풀옵션 1.5룸 복층 전입가능,중랑구 상봉동,서울특별시,중랑구,상봉동,1000,135,49.31,9,오피스텔,100000,37.5965745,127.089526,https://ic.zigbang.com/ic/items/46992653/1.jpg
중랑구,면목동,46995246,7호선 면목역 역세권 가성비 좋은 원룸 월세,중랑구 면목동,서울시,중랑구,면목동,1000,45,12.09,5,원룸,50000,37.5898319539961,127.086626935672,https://ic.zigbang.com/ic/items/46995246/1.jpg
중랑구,면목동,46995606,"HF대출O,보증보험O, 풀옵션 넓은 분리형 원룸",중랑구 상봉동,서울특별시,중랑구,상봉동,16000,30,33.06,7,오피스텔,70000,37.5937138549596,127.085793976928,https://ic.zigbang.com/ic/items/46995606/1.jpg
중랑구,면목동,46995760,원룸 풀옵션 상봉역3분,중랑구 상봉동,서울시,중랑구,상봉동,2000,45,18,6,원룸,70000,37.5956375618299,127.088237967037,https://ic.zigbang.com/ic/items/46995760/1.jpg
중랑구,면목동,46996145,상봉역 초 역세권 풀옵션 복층원룸,중랑구 상봉동,서울특별시,중랑구,상봉동,22900,0,23.51,고,오피스텔,100000,37.5948097598383,127.086740503433,https://ic.zigbang.com/ic/items/46996145/1.jpg
중랑구,면목동,46999156,"상봉역,풀옵션,최상깔끔",중랑구 상봉동,서울시,중랑구,상봉동,5000,75,29.61,6,원룸,100000,37.5953534873079,127.08834769479,https://ic.zigbang.com/ic/items/46999156/1.jpg
중랑구,면목동,46999261,원룸건물로 풀옵션이고 공간은 아담하고  시세대비 저렴해요,중랑구 면목동,서울시,중랑구,면목동,4500,0,16.52,5,원룸,70000,37.5877976420464,127.08994833145418,https://ic.zigbang.com/ic/items/46999261/1.jpg
중랑구,면목동,47000302,ꯁ 11.28 전입가능 보증금 소액상향조절가능 OK ꯁ,중랑구 상봉동,서울특별시,중랑구,상봉동,1000,110,35.08,저,오피스텔,120000,37.5965745,127.089526,https://ic.zigbang.com/ic/items/47000302/1.jpg
중랑구,면목동,47000710,"LH,SH, 허그대출등 보증보험ok  초역세권 원룸",중랑구 상봉동,서울특별시,중랑구,상봉동,12000,10,18,9,오피스텔,70000,37.5953333,127.086584,https://ic.zigbang.com/ic/items/47000710/1.jpg
중랑구,면목동,47001662,중화역 도보7분 풀옵션 반전세가능 5년차 깨끗한 건물,중랑구 중화동,서울시,중랑구,중화동,6500,0,25,2,원룸,60000,37.6001941879732,127.085358984841,https://ic.zigbang.com/ic/items/47001662/1.jpg
중랑구,면목동,47003587,원룸건물 풀옵션이고 날짜 조율 가능하고 깨끗해요,중랑구 면목동,서울시,중랑구,면목동,1000,50,19.83,1,원룸,70000,37.58999762699622,127.08787215660756,https://ic.zigbang.com/ic/items/47003587/1.jpg
중랑구,면목동,47005529,z바로나가요z 상봉역30초 오피스텔 월세,중랑구 상봉동,서울특별시,중랑구,상봉동,1000,65,26.39,8,오피스텔,90000,37.5953674316406,127.08544921875,https://ic.zigbang.com/ic/items/47005529/1.jpg
중랑구,면목동,47008607,"사가정역도보편리,올수리된 반지층 풀옵션방1",중랑구 면목동,서울시,중랑구,면목동,300,30,20,반지하,원룸,,37.5843293761769,127.090046393229,https://ic.zigbang.com/ic/items/47008607/1.jpg
중랑구,면목동,47009285,7호선 면목역 주차가능 풀옵션 원룸 월세 이네요,중랑구 면목동,서울시,중랑구,면목동,500,45,17,2,원룸,30000,37.589994995531,127.082530621778,https://ic.zigbang.com/ic/items/47009285/1.jpg
중랑구,면목동,47011663,상봉역도보5분 빨리입주가능,중랑구 상봉동,서울시,중랑구,상봉동,500,40,16.53,1,원룸,50000,37.5933700265723,127.081875685654,https://ic.zigbang.com/ic/items/47011663/1.jpg
중랑구,면목동,47014020,11.28 ꯁ 최저가 월세 ꯁ 더블복층 인기 많은 단지 ꯁ,중랑구 상봉동,서울특별시,중랑구,상봉동,1000,85,32.84,고,오피스텔,120000,37.5963108,127.089656,https://ic.zigbang.com/ic/items/47014020/1.jpg
중랑구,면목동,47014370,신축급 원룸 복층 풀옵션 애완동물 주차 가능,중랑구 상봉동,서울시,중랑구,상봉동,5000,60,14.86,8,원룸,70000,37.5946796020204,127.086937264044,https://ic.zigbang.com/ic/items/47014370/1.jpg
중랑구,면목동,47014499,LH 가능한 상봉역 도보 1분 저렴한 원룸,중랑구 상봉동,서울시,중랑구,상봉동,6500,0,12.02,5,원룸,50000,37.5954505389414,127.085014996678,https://ic.zigbang.com/ic/items/47014499/1.jpg
중랑구,면목동,47014526,상봉역 초 역세권 원룸 전세,중랑구 상봉동,서울시,중랑구,상봉동,10000,18,19.83,6,원룸,70000,37.5958361152248,127.085081564272,https://ic.zigbang.com/ic/items/47014526/1.jpg
중랑구,면목동,47014561,상봉역30초거리 공간 넓은 풀옵션 원룸,중랑구 상봉동,서울시,중랑구,상봉동,1000,65,24.36,5,원룸,100000,37.5951675596861,127.085109337911,https://ic.zigbang.com/ic/items/47014561/1.jpg
중랑구,면목동,47014603,상봉역세권 넓은분리형 원룸,중랑구 상봉동,서울시,중랑구,상봉동,3000,100,48.72,6,원룸,100000,37.5951675596861,127.085109337911,https://ic.zigbang.com/ic/items/47014603/1.jpg
중랑구,면목동,47014629,상봉역 초 역세권 전용면적 넓은 분리형 원룸,중랑구 상봉동,서울시,중랑구,상봉동,14500,0,29.89,2,원룸,50000,37.59544891643016,127.08501601393802,https://ic.zigbang.com/ic/items/47014629/1.jpg
중랑구,면목동,47014740,상봉역20초 깔끔하고 넓은 풀옵션 원룸,중랑구 상봉동,서울시,중랑구,상봉동,1000,50,12.28,3,원룸,60000,37.5950356292017,127.085269299475,https://ic.zigbang.com/ic/items/47014740/1.jpg
중랑구,면목동,47017878,투룸 상봉역도보5분 바로입주가능 건조기,중랑구 상봉동,서울시,중랑구,상봉동,5000,115,24.01,8,원룸,13500,37.5947533894348,127.087064623582,https://ic.zigbang.com/ic/items/47017878/1.jpg
중랑구,면목동,47018611,상봉역 초역세권 신축급 풀옵션원룸 채광맛집,중랑구 상봉동,서울시,중랑구,상봉동,1000,50,12.2,6,원룸,90000,37.5941843110327,127.085354384384,https://ic.zigbang.com/ic/items/47018611/1.jpg
중랑구,면목동,47019279,허그등 모든대출 거실.드레스룸별도 전액보증 주차,중랑구 상봉동,서울특별시,중랑구,상봉동,24000,0,30,7,오피스텔,87500,37.5936958359251,127.087753762254,https://ic.zigbang.com/ic/items/47019279/1.jpg
중랑구,면목동,47020065,"상봉역세권 ,복층 중문설치 ,보증보험,LH 가능",중랑구 상봉동,서울시,중랑구,상봉동,14000,20,23.14,3,원룸,65000,37.59440950295254,127.08703489576664,https://ic.zigbang.com/ic/items/47020065/1.jpg
중랑구,면목동,47021244,상봉초역세권 풀옵션 깔끔원룸,중랑구 상봉동,서울시,중랑구,상봉동,2000,45,20,6,원룸,70000,37.5956375618299,127.088237967037,https://ic.zigbang.com/ic/items/47021244/1.jpg
중랑구,면목동,47021372,상봉역  LH 허그팀목 가능 합니다,중랑구 상봉동,서울특별시,중랑구,상봉동,12000,29,34.95,3,오피스텔,90000,37.5941027588837,127.088430913556,https://ic.zigbang.com/ic/items/47021372/1.jpg
중랑구,면목동,47023136,사가정역세권. 엘베있는 풀옵션 원룸. 밝은채광. 전세가능,중랑구 면목동,서울시,중랑구,면목동,1000,42,19.5,4,원룸,80000,37.582807520494,127.090971222737,https://ic.zigbang.com/ic/items/47023136/1.jpg
중랑구,면목동,47024127,"lh,버팀목hf가능 보증보험ok 풀옵션",중랑구 면목동,서울특별시,중랑구,면목동,10700,33,43.76,3,오피스텔,99000,37.5923548,127.087323,https://ic.zigbang.com/ic/items/47024127/1.jpg
중랑구,면목동,47024283,상봉 역세권 실평수 넓은 1.5룸 오픈형 원룸,중랑구 상봉동,서울특별시,중랑구,상봉동,2000,75,35.72,2,오피스텔,80000,37.59574177841,127.086449667201,https://ic.zigbang.com/ic/items/47024283/1.jpg
중랑구,면목동,47024308,"상봉역 초역세권 LH대출, 보증보험가능한 신축급 원룸",중랑구 상봉동,서울특별시,중랑구,상봉동,13800,25,22,중,오피스텔,85000,37.59562837607241,127.08603532548032,https://ic.zigbang.com/ic/items/47024308/1.jpg
중랑구,면목동,47024377,선착순급 저렴한 1.5룸,중랑구 상봉동,서울특별시,중랑구,상봉동,20300,0,29.49,8,오피스텔,80000,37.59574177841,127.086449667201,https://ic.zigbang.com/ic/items/47024377/1.jpg
중랑구,면목동,47024475,"O단독 테라스.LH,보.험.버.팀.목O대로변 상봉타워O",중랑구 상봉동,서울특별시,중랑구,상봉동,13800,25,25.63,중,오피스텔,85000,37.59562837607241,127.08603532548032,https://ic.zigbang.com/ic/items/47024475/1.jpg
중랑구,면목동,47024543,"O테라스OLH,대출,보험O 풀옵션 주함해븐타워원 반려O",중랑구 면목동,서울특별시,중랑구,면목동,10700,33,33.06,3,오피스텔,99000,37.5923548,127.087323,https://ic.zigbang.com/ic/items/47024543/1.jpg
중랑구,면목동,47025583,"분리형 풀옵션 원룸,  상봉역 이용",중랑구 상봉동,서울시,중랑구,상봉동,1000,60,20,3,원룸,50000,37.5994577415832,127.085823786184,https://ic.zigbang.com/ic/items/47025583/1.jpg
중랑구,면목동,47025623,"전용 11평 ,넓은 2룸, 상봉역세권,풀옵션",중랑구 상봉동,서울시,중랑구,상봉동,5000,100,37.76,3,원룸,70000,37.5955207505132,127.087204568967,https://ic.zigbang.com/ic/items/47025623/1.jpg
중랑구,면목동,47025888,상봉초 역세권 1.5룸 크기의 복층 원룸,중랑구 상봉동,서울특별시,중랑구,상봉동,2000,80,22.24,15,오피스텔,100000,37.5963108,127.089656,https://ic.zigbang.com/ic/items/47025888/1.jpg
중랑구,면목동,47026371,중랑역 도보5분. 풀옵션 투룸 . 저렴한 월세,중랑구 상봉동,서울특별시,중랑구,상봉동,1000,102,36,5,오피스텔,80000,37.5944350754532,127.07912077718,https://ic.zigbang.com/ic/items/47026371/1.jpg
중랑구,면목동,47027414,"상봉역,망우역 어디든 도보 5분 내외 풀옵션 원룸",중랑구 상봉동,서울시,중랑구,상봉동,2000,45,20.12,6,원룸,70000,37.5956375618299,127.088237967037,https://ic.zigbang.com/ic/items/47027414/1.jpg
중랑구,면목동,47028228,주소이전 가능.역세권 복층.내부 깔끔.신축2년차,중랑구 상봉동,서울특별시,중랑구,상봉동,2000,85,35.03,3,오피스텔,90000,37.5965745,127.089526,https://ic.zigbang.com/ic/items/47028228/1.jpg
중랑구,면목동,47028249,"신축급,주소이전 불가, 풀옵션, 공간활용 좋은 더블복층",중랑구 상봉동,서울특별시,중랑구,상봉동,1000,90,21,3,오피스텔,100000,37.5963108,127.089656,https://ic.zigbang.com/ic/items/47028249/1.jpg
중랑구,면목동,47030191,실8평 상봉역3분 신축급 즉시입주가능,중랑구 상봉동,서울시,중랑구,상봉동,5000,35,26.11,4,원룸,70000,37.5931232162615,127.084975662463,https://ic.zigbang.com/ic/items/47030191/1.jpg
중랑구,면목동,47031098,풀옵션 상봉초역세권 분리형원룸  애완가능,중랑구 상봉동,서울특별시,중랑구,상봉동,19800,2,25,14,오피스텔,99000,37.5960373078702,127.088870062612,https://ic.zigbang.com/ic/items/47031098/1.jpg
중랑구,면목동,47032032,"전철역1분,저렴한다가구원룸,빠른입주가능,가스렌지,냉장고옵션",중랑구 상봉동,서울시,중랑구,상봉동,200,27,19.83,1,원룸,0,37.5962707909386,127.0837694376,https://ic.zigbang.com/ic/items/47032032/1.jpg
중랑구,면목동,47033007,주차o 허그 LH 보증보험 풀옵션 입주협의,중랑구 상봉동,서울특별시,중랑구,상봉동,10200,30,22.7,9,오피스텔,80000,37.59581,127.0853,https://ic.zigbang.com/ic/items/47033007/1.jpg
중랑구,면목동,47033640,초역세권 공간좋은  원룸 1000.45만가능,중랑구 면목동,서울시,중랑구,면목동,2000,43,20,1,원룸,50000,37.5873994439934,127.088584097116,https://ic.zigbang.com/ic/items/47033640/1.jpg
중랑구,면목동,47033794,상봉역5분 풀옵션 넓은 원룸,중랑구 상봉동,서울시,중랑구,상봉동,1000,55,23.14,1,원룸,70000,37.5947634776332,127.081778020372,https://ic.zigbang.com/ic/items/47033794/1.jpg
중랑구,면목동,47033827,"깨끗한 풀옵션 오픈형 원룸, 보증금조절가능",중랑구 면목동,서울시,중랑구,면목동,1000,65,20,3,원룸,80000,37.5869579924715,127.08647154914,https://ic.zigbang.com/ic/items/47033827/1.jpg
중랑구,면목동,47034512,"허그안심대출,보증보험 가능한 풀옵션1.5룸전세",중랑구 면목동,서울시,중랑구,면목동,19000,0,28.49,3,원룸,50000,37.5903032331992,127.092139327532,https://ic.zigbang.com/ic/items/47034512/1.jpg
중랑구,면목동,47035567,상봉역2분  로얄층 북한산뻥뷰 드레스룸,중랑구 상봉동,서울특별시,중랑구,상봉동,4000,115,109.22,14,오피스텔,0,37.5966477,127.088018,https://ic.zigbang.com/ic/items/47035567/1.jpg
중랑구,면목동,47035935,7호선 면목역 역세권 가성비 좋은 풀옵션 원룸 월세,중랑구 면목동,서울시,중랑구,면목동,1000,45,12.09,5,원룸,,37.5898319539961,127.086626935672,https://ic.zigbang.com/ic/items/47035935/1.jpg
중랑구,면목동,47037428,"원룸,풀옵션 깔끔한 실내,보증보험,안심매물",중랑구 상봉동,서울특별시,중랑구,상봉동,12000,15,15.52,5,오피스텔,90000,37.5953333,127.086584,https://ic.zigbang.com/ic/items/47037428/1.jpg
중랑구,면목동,47037470,"상봉역앞, 풀옵션, 넓은수납, 보증보험",중랑구 상봉동,서울특별시,중랑구,상봉동,10200,30,21.66,9,오피스텔,80000,37.59581,127.0853,https://ic.zigbang.com/ic/items/47037470/1.jpg
중랑구,면목동,47037560,"1.5룸 ,넓은 수납 ,상봉역세권 ,보증보험가능",중랑구 상봉동,서울특별시,중랑구,상봉동,16000,30,28,고,오피스텔,70000,37.5937138549596,127.085793976928,https://ic.zigbang.com/ic/items/47037560/1.jpg
중랑구,면목동,47037685,"빅사이즈 오픈식 원룸,상봉역세권  보증보험 가능",중랑구 상봉동,서울특별시,중랑구,상봉동,2000,80,37.34,2,오피스텔,80000,37.59574177841,127.086449667201,https://ic.zigbang.com/ic/items/47037685/1.jpg
중랑구,면목동,47037703,즉시입주가능. 상가주택 1.5룸. 샷시 되어 있음,중랑구 면목동,서울시,중랑구,면목동,500,40,29,3,원룸,,37.5915684362578,127.082087939339,https://ic.zigbang.com/ic/items/47037703/1.jpg
중랑구,면목동,47038345,상봉역1분.저렴한분리형원룸.1층.무옵션.즉시입주가능,중랑구 상봉동,서울시,중랑구,상봉동,500,38,22.54,1,원룸,0,37.5977555404118,127.084770082261,https://ic.zigbang.com/ic/items/47038345/1.jpg
중랑구,면목동,47041062,신축급 풀옵션 원룸,중랑구 중화동,서울시,중랑구,중화동,500,50,20,1,원룸,,37.6001803326015,127.085456016592,https://ic.zigbang.com/ic/items/47041062/1.jpg
중랑구,면목동,47042223,면목역3분.풀옵션.12월23일부터.엘베있음,중랑구 면목동,서울시,중랑구,면목동,500,45,19,2,원룸,70000,37.5867408832199,127.088617848984,https://ic.zigbang.com/ic/items/47042223/1.jpg
중랑구,면목동,47043009,상봉역3분 6층 15평 분리형원룸 테라스 창고 풀옵션,중랑구 상봉동,서울시,중랑구,상봉동,2000,80,47,6,원룸,50000,37.594742768475,127.087537358186,https://ic.zigbang.com/ic/items/47043009/1.jpg
중랑구,면목동,47043532,관리잘된 이쁜 풀옵션 7호선 면목역 역세권 원룸 월세,중랑구 면목동,서울시,중랑구,면목동,500,45,16.53,2,원룸,70000,37.5867408832199,127.088617848984,https://ic.zigbang.com/ic/items/47043532/1.jpg
중랑구,면목동,47043834,넓은1.5룸 풀옵션 애완가능 상봉역2분,중랑구 상봉동,서울시,중랑구,상봉동,2000,80,36,6,원룸,50000,37.594742768475,127.087537358186,https://ic.zigbang.com/ic/items/47043834/1.jpg
중랑구,면목동,47044265,"원룸반전세 버팀목HF 면목,상봉역5분 보증보험OK",중랑구 면목동,서울특별시,중랑구,면목동,10700,33,20,3,오피스텔,99000,37.5923548,127.087323,https://ic.zigbang.com/ic/items/47044265/1.jpg
중랑구,면목동,47045014,대로변.신축 오피스텔 첫 입주.넓은 1.5룸.자주식 주차,중랑구 상봉동,서울특별시,중랑구,상봉동,30000,0,109.72,5,오피스텔,150000,37.5966477,127.088018,https://ic.zigbang.com/ic/items/47045014/1.jpg
중랑구,면목동,47046181,"보증보험O,공간좋은 1.5룸, 풀옵션, 주차O",중랑구 면목동,서울시,중랑구,면목동,19000,0,28.49,3,원룸,50000,37.5903032331992,127.092139327532,https://ic.zigbang.com/ic/items/47046181/1.jpg
중랑구,면목동,47047724,"면목역3분, 풀옵션 분리형원룸, 보증금조절가능",중랑구 면목동,서울시,중랑구,면목동,1000,45,23,1,원룸,,37.5873994439934,127.088584097116,https://ic.zigbang.com/ic/items/47047724/1.jpg
중랑구,면목동,47048412,상봉역 큰 1.5룸 신축 첫입주,중랑구 상봉동,서울특별시,중랑구,상봉동,30000,0,39.67,중,오피스텔,0,37.5966477,127.088018,https://ic.zigbang.com/ic/items/47048412/1.jpg
중랑구,면목동,47051035,엘베유. 주차가능한 풀옵션 원룸,중랑구 상봉동,서울시,중랑구,상봉동,1000,35,19,7,원룸,70000,37.5929672603356,127.079269592782,https://ic.zigbang.com/ic/items/47051035/1.jpg
중랑구,면목동,47051402,"면목역도보5분,공간넓은 풀옵션원룸",중랑구 면목동,서울시,중랑구,면목동,2000,43,22,1,원룸,50000,37.5873994439934,127.088584097116,https://ic.zigbang.com/ic/items/47051402/1.jpg
중랑구,면목동,47053421,상봉역3분 분리형원룸 신축급 풀옵션,중랑구 상봉동,서울시,중랑구,상봉동,7000,50,29,2,원룸,70000,37.5931232162615,127.084975662463,https://ic.zigbang.com/ic/items/47053421/1.jpg
중랑구,면목동,47053746,"상봉역세권,넓은 원룸,보증보험 ,HF 가능",중랑구 상봉동,서울시,중랑구,상봉동,10000,25,12.08,6,원룸,,37.5958361152248,127.085081564272,https://ic.zigbang.com/ic/items/47053746/1.jpg
중랑구,면목동,47053792,금방나가요  상봉역1분  넓은원룸  주차  풀옵션,중랑구 상봉동,서울시,중랑구,상봉동,1000,70,23.93,2,원룸,70000,37.5940859694324,127.087140051014,https://ic.zigbang.com/ic/items/47053792/1.jpg
중랑구,면목동,47053806,상봉역2분 올수리 첫입주 넓은 오픈형원룸 단독 1층 호실,중랑구 상봉동,서울시,중랑구,상봉동,1000,45,23.45,1,원룸,10000,37.5934527133403,127.085717133074,https://ic.zigbang.com/ic/items/47053806/1.jpg
중랑구,면목동,47055536,남향 1.5룸 LH 버팀목 전액보증 주차,중랑구 면목동,서울특별시,중랑구,면목동,15000,11,26,7,오피스텔,99000,37.5891537351856,127.089935697107,https://ic.zigbang.com/ic/items/47055536/1.jpg
중랑구,면목동,47056495,"원룸,상봉 도보 10분,풀옵션",중랑구 면목동,서울시,중랑구,면목동,500,34,19.25,4,원룸,190000,37.5923489591024,127.088457145623,https://ic.zigbang.com/ic/items/47056495/1.jpg
중랑구,면목동,47056569,전용주차o 면목역 2분거리 풀옵션 즉시입주 가능,중랑구 면목동,서울시,중랑구,면목동,1000,45,16.5,1,원룸,50000,37.5899960062176,127.087870795994,https://ic.zigbang.com/ic/items/47056569/1.jpg
중랑구,면목동,47057615,상봉역 20초역세권 풀옵션 원룸,중랑구 상봉동,서울시,중랑구,상봉동,3000,20,16.9,3,원룸,60000,37.5946429707153,127.085028458496,https://ic.zigbang.com/ic/items/47057615/1.jpg
중랑구,면목동,47057849,청년버팀목hf가 상봉역2분 1.5룸 풀옵션 보증보험ok,중랑구 상봉동,서울특별시,중랑구,상봉동,16000,30,28,고,오피스텔,70000,37.5937138549596,127.085793976928,https://ic.zigbang.com/ic/items/47057849/1.jpg
중랑구,면목동,47058057,상봉역도보7분.분리형1.5룸.주차가능.공실.반려동물불가,중랑구 상봉동,서울특별시,중랑구,상봉동,3000,79,36.36,중,오피스텔,99000,37.5960373078702,127.088870062612,https://ic.zigbang.com/ic/items/47058057/1.jpg
중랑구,면목동,47058082,상봉역1분.HF.LH전세대출.풀옵션1.5룸.주차.보증보험,중랑구 상봉동,서울특별시,중랑구,상봉동,16000,30,33.06,고,오피스텔,70000,37.5937138549596,127.085793976928,https://ic.zigbang.com/ic/items/47058082/1.jpg
중랑구,면목동,47058142,"원룸 ,풀옵션 ,즉시입주 .주차ok",중랑구 상봉동,서울시,중랑구,상봉동,10000,0,27.66,3,원룸,80000,37.5948835444615,127.090587341282,https://ic.zigbang.com/ic/items/47058142/1.jpg
중랑구,면목동,47058475,"원룸,상봉역세권,즉시입주",중랑구 상봉동,서울시,중랑구,상봉동,1000,70,19.21,3,원룸,70000,37.5940859694324,127.087140051014,https://ic.zigbang.com/ic/items/47058475/1.jpg
중랑구,면목동,47058640,버팀목hf대출등 보증보험OK  반려ok,중랑구 면목동,서울특별시,중랑구,면목동,10700,33,24,3,오피스텔,99000,37.5923548,127.087323,https://ic.zigbang.com/ic/items/47058640/1.jpg
중랑구,면목동,47059060,"주차가능,보증금조정가능한 깔끔한 풀옵션원룸",중랑구 면목동,서울시,중랑구,면목동,2000,55,20,2,원룸,50000,37.5886088170748,127.081886547724,https://ic.zigbang.com/ic/items/47059060/1.jpg
중랑구,면목동,47059302,"허그대출,LH등  보증보험ok 상봉역1분 풀옵션",중랑구 상봉동,서울특별시,중랑구,상봉동,13500,10,22,8,오피스텔,70000,37.5953333,127.086584,https://ic.zigbang.com/ic/items/47059302/1.jpg
중랑구,면목동,47059726,상봉역1분 원룸건물로  풀옵션 공간 작고 아담 깨끗요.,중랑구 상봉동,서울시,중랑구,상봉동,1000,30,14.62,2,원룸,60000,37.594641619071965,127.085028683424,https://ic.zigbang.com/ic/items/47059726/1.jpg
중랑구,면목동,47059730,상봉역 역세권 신축 분리혐 원룸 내부 컨디션 좋습니다,중랑구 상봉동,서울특별시,중랑구,상봉동,4000,115,69.14,고,오피스텔,180000,37.5966477,127.088018,https://ic.zigbang.com/ic/items/47059730/1.jpg
중랑구,면목동,47060209,주차 가능한 풀옵션 원룸. 채광우수. 보증금조정,중랑구 면목동,서울시,중랑구,면목동,2000,55,20,2,원룸,50000,37.5886088170748,127.081886547724,https://ic.zigbang.com/ic/items/47060209/1.jpg
중랑구,면목동,47060223,상봉초역세권 풀옵션 버팀목허그 HF lh가능,중랑구 상봉동,서울특별시,중랑구,상봉동,13500,10,23,8,오피스텔,70000,37.5953333,127.086584,https://ic.zigbang.com/ic/items/47060223/1.jpg
중랑구,면목동,47060933,상봉초역세권 월세 풀옵션 깔끔원룸,중랑구 상봉동,서울시,중랑구,상봉동,500,40,20,반지하,원룸,50000,37.5958430954418,127.086510364858,https://ic.zigbang.com/ic/items/47060933/1.jpg
중랑구,면목동,47061142,내부  풀옵션 빌트인 구조로  땅콩식 방과 부엌이 분리됨,중랑구 면목동,서울시,중랑구,면목동,2000,50,16.53,6,원룸,80000,37.58790969848633,127.08695220947264,https://ic.zigbang.com/ic/items/47061142/1.jpg
중랑구,면목동,47061453,오픈형 풀옵션원룸.공실이라 빠른입주가능함,중랑구 면목동,서울시,중랑구,면목동,2000,55,21,2,원룸,50000,37.5886088170748,127.081886547724,https://ic.zigbang.com/ic/items/47061453/1.jpg
중랑구,면목동,47062141,"버팀목HF가,LH가 상봉역3분 월룸 6평 풀옵션 반전세",중랑구 상봉동,서울특별시,중랑구,상봉동,12800,0,21,고,오피스텔,,37.595971,127.083114,https://ic.zigbang.com/ic/items/47062141/1.jpg
중랑구,면목동,47062262,상봉초역세권 풀옵션 반전세 원룸,중랑구 상봉동,서울특별시,중랑구,상봉동,12800,0,25,7,오피스텔,60000,37.595971,127.083114,https://ic.zigbang.com/ic/items/47062262/1.jpg
중랑구,면목동,47062489,풀옵션 넓은 원룸 조용한주택가,중랑구 상봉동,서울시,중랑구,상봉동,1000,55,26,3,원룸,70000,37.5947634776332,127.081778020372,https://ic.zigbang.com/ic/items/47062489/1.jpg
중랑구,면목동,47063102,원룸건물  풀옵션으로 공간은 아담한 채광은 베리굿요,중랑구 면목동,서울시,중랑구,면목동,3500,0,13.22,2,원룸,80000,37.58693364274113,127.08868827451072,https://ic.zigbang.com/ic/items/47063102/1.jpg
중랑구,면목동,47063716,넓은원룸 융자X LH 버팀목HF 전액보증보험 풀옵션 주차,중랑구 면목동,서울특별시,중랑구,면목동,10700,33,28,3,오피스텔,99000,37.5923548,127.087323,https://ic.zigbang.com/ic/items/47063716/1.jpg
중랑구,면목동,47064026,대로변넓은 풀옵션.상봉초역세권,중랑구 상봉동,서울특별시,중랑구,상봉동,1000,60,23.14,저,오피스텔,80000,37.59581,127.0853,https://ic.zigbang.com/ic/items/47064026/1.jpg
중랑구,면목동,47064190,신축 즉시입주 가능합니다,중랑구 상봉동,서울특별시,중랑구,상봉동,43000,0,153.58,18,오피스텔,210000,37.5966477,127.088018,https://ic.zigbang.com/ic/items/47064190/1.jpg
중랑구,면목동,47064302,즉시입주 신축 상봉역 도보2분,중랑구 상봉동,서울특별시,중랑구,상봉동,3000,130,109.72,12,오피스텔,170000,37.5966477,127.088018,https://ic.zigbang.com/ic/items/47064302/1.jpg
중랑구,면목동,47064731,7호선 면목역 수리되어 있는 주택 반지층 원룸 월세,중랑구 면목동,서울시,중랑구,면목동,300,37,27,반지하,원룸,0,37.5854140394534,127.089865078038,https://ic.zigbang.com/ic/items/47064731/1.jpg
중랑구,면목동,47064767,7호선 면목역 역세권 풀옵션 원룸 월세,중랑구 면목동,서울시,중랑구,면목동,300,30,15,반지하,원룸,,37.5863512120831,127.08860697078,https://ic.zigbang.com/ic/items/47064767/1.jpg
중랑구,면목동,47064848,녹색병원 인근 아담한 1층 1.5룸.즉시 입주,중랑구 면목동,서울시,중랑구,면목동,300,27,24.5,1,원룸,,37.5841753157497,127.085923983954,https://ic.zigbang.com/ic/items/47064848/1.jpg
중랑구,면목동,47064895,사가정역역세권. 큰방 일부옵션0,중랑구 면목동,서울시,중랑구,면목동,500,50,28.5,2,원룸,,37.5829928347054,127.086687618718,https://ic.zigbang.com/ic/items/47064895/1.jpg
중랑구,면목동,47064923,사가정. 깔끔한 반지하 1.5룸. 실사진,중랑구 면목동,서울시,중랑구,면목동,3500,0,27,반지하,원룸,,37.5854780784153,127.085154461495,https://ic.zigbang.com/ic/items/47064923/1.jpg
중랑구,면목동,47065163,보증보험ok 버팀목가능 상봉역1분 풀옵션 1.5룸,중랑구 상봉동,서울특별시,중랑구,상봉동,19800,0,41.15,6,오피스텔,99000,37.5953892,127.087102,https://ic.zigbang.com/ic/items/47065163/1.jpg
중랑구,면목동,47065276,7호선 면목동.빠른 입주 가능.1.5룸 풀옵.중문0.실사진,중랑구 면목동,서울시,중랑구,면목동,1000,40,21,반지하,원룸,60000,37.5848697657062,127.089011553681,https://ic.zigbang.com/ic/items/47065276/1.jpg
중랑구,면목동,47065296,"면목역 인근, 욕실 싹 수리된 1.5룸 풀옵션, 즉시 입주",중랑구 면목동,서울시,중랑구,면목동,500,35,18,반지하,원룸,,37.5854140394534,127.089865078038,https://ic.zigbang.com/ic/items/47065296/1.jpg
중랑구,면목동,47065966,초역세권 보증보험OK 1.5룸,중랑구 상봉동,서울특별시,중랑구,상봉동,18900,0,28,9,오피스텔,99000,37.5953892,127.087102,https://ic.zigbang.com/ic/items/47065966/1.jpg
중랑구,면목동,47066142,1.5룸 LH 버팀목 전액보증보험 보증금조절가 주차 오픈뷰,중랑구 상봉동,서울특별시,중랑구,상봉동,19800,0,30,15,오피스텔,99000,37.5960373078702,127.088870062612,https://ic.zigbang.com/ic/items/47066142/1.jpg
중랑구,면목동,47066642,넓은 분리형원룸 상봉역도보6분 풀옵션,중랑구 상봉동,서울시,중랑구,상봉동,17300,18,23.02,6,원룸,100000,37.5938314341413,127.089078163025,https://ic.zigbang.com/ic/items/47066642/1.jpg
중랑구,면목동,47067382,첫입주. 풀옵션.오피스텔. 초역세권,중랑구 상봉동,서울특별시,중랑구,상봉동,43000,0,153.58,18,오피스텔,200000,37.5966477,127.088018,https://ic.zigbang.com/ic/items/47067382/1.jpg
중랑구,묵동,46807857,"넓은원룸을찾는다면, 준신축2018,분리형풀옵션,먹골역3분",중랑구 묵동,서울시,중랑구,묵동,2000,65,35,1,원룸,60000,37.6116506359887,127.079817203636,https://ic.zigbang.com/ic/items/46807857/1.jpg
중랑구,묵동,46897828,먹골역3분 고,중랑구 묵동,서울시,중랑구,묵동,500,45,20,3,원룸,40000,37.6109618334879,127.080475399051,https://ic.zigbang.com/ic/items/46897828/1.jpg
중랑구,묵동,46940887,먹골역세권 .1.5룸분리형.주차불가.반려동물불가.,중랑구 묵동,서울시,중랑구,묵동,1000,70,41.36,1,원룸,60000,37.6116506359887,127.079817203636,https://ic.zigbang.com/ic/items/46940887/1.jpg
중랑구,묵동,47008970,"즉시입주,풀옵션,보증금조절가능,먹골역5분",중랑구 묵동,서울시,중랑구,묵동,500,40,16.53,3,원룸,70000,37.6117574764623,127.080107939407,https://ic.zigbang.com/ic/items/47008970/1.jpg
중랑구,묵동,47040285,"먹골역5분,2층 깔끔한 원룸, 풀옵션,주차x,가성비",중랑구 묵동,서울시,중랑구,묵동,2000,30,16.53,3,원룸,50000,37.60853195190429,127.08006286621094,https://ic.zigbang.com/ic/items/47040285/1.jpg
중랑구,묵동,47042832,"깔끔한 컨디션, 엘베,근저당무,수리완료",중랑구 묵동,서울시,중랑구,묵동,1500,50,16.53,5,원룸,50000,37.6150462958743,127.080591705055,https://ic.zigbang.com/ic/items/47042832/1.jpg
중랑구,묵동,47067347,"6,7호선 역세권 융자없고 밝고 깨끗한 풀옵션 분리형 원룸",중랑구 묵동,서울시,중랑구,묵동,2000,50,22,5,원룸,50000,37.6150522532983,127.080575741317,https://ic.zigbang.com/ic/items/47067347/1.jpg
중랑구,묵동,47067359,"침대포함풀옵션, 태릉입구역 8분, 엘베,주차,입주협의",중랑구 묵동,서울시,중랑구,묵동,2000,50,22,5,원룸,50000,37.6150462958743,127.080591705055,https://ic.zigbang.com/ic/items/47067359/1.jpg
중랑구,상봉동,46836866,"깔끔하고 안전,  수납 공간,  망우역3분",중랑구 망우동,서울특별시,중랑구,망우동,1000,60,19.83,10,오피스텔,90000,37.5968284606934,127.094093322754,https://ic.zigbang.com/ic/items/46836866/1.jpg
중랑구,상봉동,46854089,허그가능 1.5룸전세 버팀목HF 망우역5분 풀옵션,중랑구 망우동,서울특별시,중랑구,망우동,18500,0,25,3,오피스텔,99000,37.5962401033822,127.094235834576,https://ic.zigbang.com/ic/items/46854089/1.jpg
중랑구,상봉동,46881234,조금큰 원룸 도배완료,중랑구 상봉동,서울시,중랑구,상봉동,1000,40,18,1,원룸,50000,37.6015755235588,127.094319003111,https://ic.zigbang.com/ic/items/46881234/1.jpg
중랑구,상봉동,46881894,역세권원룸 반지하  싸게살아요,중랑구 중화동,서울시,중랑구,중화동,2000,40,18,2,원룸,60000,37.60060224298672,127.08548843332292,https://ic.zigbang.com/ic/items/46881894/1.jpg
중랑구,상봉동,46901871,"허그청년버팀목대출, 스타일러까지 풀옵션, 보증보험O",중랑구 망우동,서울특별시,중랑구,망우동,18500,2,28,3,오피스텔,99000,37.5962401033822,127.094235834576,https://ic.zigbang.com/ic/items/46901871/1.jpg
중랑구,상봉동,46903720,허그o보증보험o주차o 풀옵션 1.5룸,중랑구 망우동,서울특별시,중랑구,망우동,19400,0,28.31,고,오피스텔,99000,37.5962401033822,127.094235834576,https://ic.zigbang.com/ic/items/46903720/1.jpg
중랑구,상봉동,46915981,넓은 사이즈 풀옵션 원룸,중랑구 망우동,서울특별시,중랑구,망우동,2000,55,29.62,저,오피스텔,70000,37.59555,127.0936,https://ic.zigbang.com/ic/items/46915981/1.jpg
중랑구,상봉동,46919170,공간좋은 원룸 풀옵션 저렴,중랑구 상봉동,서울시,중랑구,상봉동,1000,45,23.14,2,원룸,,37.60201020830726,127.08710716620988,https://ic.zigbang.com/ic/items/46919170/1.jpg
중랑구,상봉동,46932669,"원룸 구조좋아요  풀옵션
중화역이용",중랑구 상봉동,서울시,중랑구,상봉동,500,40,14.79,3,원룸,50000,37.6022437432811,127.086496939139,https://ic.zigbang.com/ic/items/46932669/1.jpg
중랑구,상봉동,46956914,"전용 넓은 원룸, 망우역  도보 5분, 풀옵션  원룸 월세",중랑구 망우동,서울특별시,중랑구,망우동,2000,60,30,12,오피스텔,70000,37.59555,127.0936,https://ic.zigbang.com/ic/items/46956914/1.jpg
중랑구,상봉동,46967051,"대로변 안전, 망우역3분 상봉역 도보 10분, 풀옵션",중랑구 망우동,서울특별시,중랑구,망우동,1000,60,31.73,6,오피스텔,95000,37.5971260070801,127.094360351563,https://ic.zigbang.com/ic/items/46967051/1.jpg
중랑구,상봉동,46982127,"망우역5분,풀옵션,최저가원룸,주차애완가능,공실",중랑구 상봉동,서울시,중랑구,상봉동,1000,30,19.41,1,원룸,,37.602406714066,127.08822580396,https://ic.zigbang.com/ic/items/46982127/1.jpg
중랑구,상봉동,46982174,풀옵션.전용넓은원룸.망우역2분.보증금조절가.11월17일협의,중랑구 상봉동,서울시,중랑구,상봉동,1000,50,24.55,2,원룸,70000,37.602035089692,127.092304408884,https://ic.zigbang.com/ic/items/46982174/1.jpg
중랑구,상봉동,46987796,풀옵션 1.5룸 올전세 버팀목허그 hf 보증보험OK,중랑구 망우동,서울특별시,중랑구,망우동,18500,0,25,3,오피스텔,99000,37.5962401033822,127.094235834576,https://ic.zigbang.com/ic/items/46987796/1.jpg
중랑구,상봉동,46988337,허그 보험 가능 분리형 원룸 컨디션 좋고 풀 옵션 입니다,중랑구 망우동,서울시,중랑구,망우동,18000,25,24.41,6,원룸,50000,37.5956796166452,127.096110739414,https://ic.zigbang.com/ic/items/46988337/1.jpg
중랑구,상봉동,46990612,허그버팀목OK 스타일러옵션 주차OK 신축급컨디션,중랑구 망우동,서울특별시,중랑구,망우동,18500,0,28.31,3,오피스텔,99000,37.5962401033822,127.094235834576,https://ic.zigbang.com/ic/items/46990612/1.jpg
중랑구,상봉동,46994900,"허그,HF 대출가능, 신축급, 망우역 상봉역 도보 10분",중랑구 망우동,서울특별시,중랑구,망우동,18500,0,33.06,3,오피스텔,99000,37.5962401033822,127.094235834576,https://ic.zigbang.com/ic/items/46994900/1.jpg
중랑구,상봉동,46999038,"보증보험, 풀옵션 깨끗",중랑구 망우동,서울시,중랑구,망우동,18500,0,29.93,3,원룸,99000,37.5960917814747,127.094372095519,https://ic.zigbang.com/ic/items/46999038/1.jpg
중랑구,상봉동,47014545,"LH , 허그 가능한  망우동 1,5룸",중랑구 망우동,서울시,중랑구,망우동,18000,25,24.41,1,원룸,50000,37.5956796166452,127.096110739414,https://ic.zigbang.com/ic/items/47014545/1.jpg
중랑구,상봉동,47019495,"신혼부부 선호, 넓은 투룸 오피, 허그 전세대출 가능",중랑구 망우동,서울특별시,중랑구,망우동,32000,0,79.34,5,오피스텔,150000,37.5974493,127.094145,https://ic.zigbang.com/ic/items/47019495/1.jpg
중랑구,상봉동,47032396,"풀옵션망우역1분,전용넓은원룸",중랑구 상봉동,서울시,중랑구,상봉동,1000,45,16.44,2,원룸,50000,37.6006895472567,127.090329281336,https://ic.zigbang.com/ic/items/47032396/1.jpg
중랑구,상봉동,47032410,"망우역1분,상봉역7분,풀옵션원룸,전세6천도가능",중랑구 상봉동,서울시,중랑구,상봉동,1000,45,18.15,4,원룸,50000,37.6006895472567,127.090329281336,https://ic.zigbang.com/ic/items/47032410/1.jpg
중랑구,상봉동,47032946,청년버팀목허그가 망우역5분 1.5룸 풀옵션 전세,중랑구 망우동,서울특별시,중랑구,망우동,18500,0,24,3,오피스텔,99000,37.5962401033822,127.094235834576,https://ic.zigbang.com/ic/items/47032946/1.jpg
중랑구,상봉동,47037622,분리형 원룸 .망우역5분.허그버팀목. 보증보험 가능.,중랑구 망우동,서울특별시,중랑구,망우동,18500,0,28.31,3,오피스텔,99000,37.5962401033822,127.094235834576,https://ic.zigbang.com/ic/items/47037622/1.jpg
중랑구,상봉동,47038200,"망우역4분.풀옵션분리형원룸,주차애완가능,대출불가,10월3일",중랑구 상봉동,서울시,중랑구,상봉동,13000,30,34.47,3,원룸,50000,37.6020850830605,127.088436510834,https://ic.zigbang.com/ic/items/47038200/1.jpg
중랑구,상봉동,47056044,"방 2 ,주방, 베란다. 관리잘 된 구축,저렴한 가격",중랑구 망우동,서울시,중랑구,망우동,2000,65,29.86,2,원룸,,37.5933937626457,127.094709965875,https://ic.zigbang.com/ic/items/47056044/1.jpg
중랑구,상봉동,47064089,2월20일 입주 깨 조망 굿 중랑구 최고인기 투룸 오피스텔,중랑구 망우동,서울특별시,중랑구,망우동,32400,0,79.33,5,오피스텔,140000,37.5974493,127.094145,https://ic.zigbang.com/ic/items/47064089/1.jpg
중랑구,중화동,46675680,"중화역3분 1,5룸 풀옵션   빨리가능",중랑구 중화동,서울시,중랑구,중화동,2000,55,24,2,원룸,70000,37.6019610037015,127.08209414773,https://ic.zigbang.com/ic/items/46675680/1.jpg
중랑구,중화동,46884650,7호선중화역3분  1.5룸풀옵션  주차가능,중랑구 중화동,서울시,중랑구,중화동,2000,70,24.5,3,원룸,70000,37.6035611334,127.082523070678,https://ic.zigbang.com/ic/items/46884650/1.jpg
중랑구,중화동,46982167,"중화역4분, 풀옵션 원룸,단기계약4개월이상가능,주차불가",중랑구 중화동,서울시,중랑구,중화동,500,42,16.53,3,원룸,30000,37.6059647069778,127.081089038701,https://ic.zigbang.com/ic/items/46982167/1.jpg
중랑구,중화동,46982481,중화역 2분 풀옵션원룸,중랑구 중화동,서울시,중랑구,중화동,300,28,14,2,원룸,70000,37.6034748947478,127.079658416629,https://ic.zigbang.com/ic/items/46982481/1.jpg
중랑구,중화동,47018654,중화역3분 풀옵션원룸  공간굿  협의가능,중랑구 중화동,서울시,중랑구,중화동,500,45,19.83,3,원룸,60000,37.6013322005756,127.08222640383,https://ic.zigbang.com/ic/items/47018654/1.jpg
중랑구,중화동,47024591,"풀옵션 분리형 1.5룸,  중화역 도보이용",중랑구 중화동,서울시,중랑구,중화동,2000,65,22.94,3,원룸,90000,37.6021915497123,127.08041816186,https://ic.zigbang.com/ic/items/47024591/1.jpg
중랑구,중화동,47029586,중화역 2분 풀옵션1.5룸 아주넓고 깨끗,중랑구 중화동,서울시,중랑구,중화동,3000,65,25.2,3,원룸,85000,37.6021915497123,127.08041816186,https://ic.zigbang.com/ic/items/47029586/1.jpg
중랑구,중화동,47030764,"중화역1분,초역세권,풀옵션1.5룸,주차0,컨디션최상",중랑구 중화동,서울시,중랑구,중화동,3000,65,25,4,원룸,85000,37.6021915497123,127.08041816186,https://ic.zigbang.com/ic/items/47030764/1.jpg
중랑구,중화동,47036193,중화역 3분 공간 좋은  풀옵션원룸,중랑구 중화동,서울시,중랑구,중화동,500,40,18,2,원룸,70000,37.6005937551706,127.081828339305,https://ic.zigbang.com/ic/items/47036193/1.jpg
중랑구,중화동,47047460,1.5룸풀옵션 공간넓고깨끗 즉시가능,중랑구 중화동,서울시,중랑구,중화동,5000,50,24,3,원룸,60000,37.6020170682052,127.080754987709,https://ic.zigbang.com/ic/items/47047460/1.jpg
중랑구,중화동,47063998,중화역3분 채광 좋은 풀옵션원룸.,중랑구 중화동,서울시,중랑구,중화동,500,35,14,3,원룸,70000,37.6005937551706,127.081828339305,https://ic.zigbang.com/ic/items/47063998/1.jpg
